id,school,year,netPrice,graduationRate,medianDebt,medianEarnings,admissionRate,satAverage,actMidpoint,tuitionInState,tuitionOutOfState,pellGrantRate,federalLoanRate,retentionRate,imputation_bitmask,imputation_bit_order
100663,University of Alabama at Birmingham,2012,15123.0,0.4815,18750.0,39700.0,0.7223,1107.0,24.0,6798.0,15462.0,0.368,0.5529,0.7991,000000000000,netPrice|graduationRate|medianDebt|medianEarnings|admissionRate|satAverage|actMidpoint|tuitionInState|tuitionOutOfState|pellGrantRate|federalLoanRate|retentionRate
100663,University of Alabama at Birmingham,2013,14805.0,0.5377,20345.5,40200.0,0.8673,1146.0,25.0,7206.0,16398.0,0.3505,0.5397,0.8016,000000000000,netPrice|graduationRate|medianDebt|medianEarnings|admissionRate|satAverage|actMidpoint|tuitionInState|tuitionOutOfState|pellGrantRate|federalLoanRate|retentionRate
100663,University of Alabama at Birmingham,2014,14789.0,0.5554,20750.0,41200.0,0.8569,1107.0,24.0,7510.0,17062.0,0.346,0.5214,0.8288,000000000000,netPrice|graduationRate|medianDebt|medianEarnings|admissionRate|satAverage|actMidpoint|tuitionInState|tuitionOutOfState|pellGrantRate|federalLoanRate|retentionRate
100663,University of Alabama at Birmingham,2015,16023.0,0.5462,20926.5,NA,0.6043,1147.0,25.0,7766.0,17654.0,0.3505,0.5218,0.7864,000000000000,netPrice|graduationRate|medianDebt|medianEarnings|admissionRate|satAverage|actMidpoint|tuitionInState|tuitionOutOfState|pellGrantRate|federalLoanRate|retentionRate
100663,University of Alabama at Birmingham,2016,16475.0,0.5309,21833.0,NA,0.5814,1125.0,25.0,8040.0,18368.0,0.3525,0.5179,0.8161,000000000000,netPrice|graduationRate|medianDebt|medianEarnings|admissionRate|satAverage|actMidpoint|tuitionInState|tuitionOutOfState|pellGrantRate|federalLoanRate|retentionRate
100663,University of Alabama at Birmingham,2017,17535.0,0.5292,22500.0,NA,0.9181,1195.0,25.0,8328.0,19032.0,0.3532,0.5207,0.8436,000000000000,netPrice|graduationRate|medianDebt|medianEarnings|admissionRate|satAverage|actMidpoint|tuitionInState|tuitionOutOfState|pellGrantRate|federalLoanRate|retentionRate
100663,University of Alabama at Birmingham,2018,17005.0,0.5829,22500.0,NA,0.9211,1220.0,25.0,8568.0,19704.0,0.3632,0.5127,0.8186,000000000000,netPrice|graduationRate|medianDebt|medianEarnings|admissionRate|satAverage|actMidpoint|tuitionInState|tuitionOutOfState|pellGrantRate|federalLoanRate|retentionRate
100663,University of Alabama at Birmingham,2019,16953.0,0.634,22250.0,NA,0.7366,1234.0,26.0,8568.0,20400.0,0.3512,0.4798,0.831,000000000000,netPrice|graduationRate|medianDebt|medianEarnings|admissionRate|satAverage|actMidpoint|tuitionInState|tuitionOutOfState|pellGrantRate|federalLoanRate|retentionRate
100663,University of Alabama at Birmingham,2020,16530.0,0.6122,22300.0,54501.0,0.806,1245.0,26.0,8568.0,20400.0,0.3397,0.4688,0.864,000000000000,netPrice|graduationRate|medianDebt|medianEarnings|admissionRate|satAverage|actMidpoint|tuitionInState|tuitionOutOfState|pellGrantRate|federalLoanRate|retentionRate
100663,University of Alabama at Birmingham,2021,16585.0,0.6245,NA,NA,0.8854,1266.0,27.0,8568.0,20400.0,0.3253,0.4401,0.8392,000000000000,netPrice|graduationRate|medianDebt|medianEarnings|admissionRate|satAverage|actMidpoint|tuitionInState|tuitionOutOfState|pellGrantRate|federalLoanRate|retentionRate
100663,University of Alabama at Birmingham,2022,16755.0,0.6442,NA,NA,0.8668,1291.0,NA,8832.0,21216.0,0.3308,0.4132,0.8243,000000000000,netPrice|graduationRate|medianDebt|medianEarnings|admissionRate|satAverage|actMidpoint|tuitionInState|tuitionOutOfState|pellGrantRate|federalLoanRate|retentionRate
100663,University of Alabama at Birmingham,2023,NA,NA,NA,NA,NA,NA,NA,NA,NA,NA,NA,NA,000000000000,netPrice|graduationRate|medianDebt|medianEarnings|admissionRate|satAverage|actMidpoint|tuitionInState|tuitionOutOfState|pellGrantRate|federalLoanRate|retentionRate
100663,University of Alabama at Birmingham,2024,NA,NA,NA,NA,NA,NA,NA,NA,NA,NA,NA,NA,000000000000,netPrice|graduationRate|medianDebt|medianEarnings|admissionRate|satAverage|actMidpoint|tuitionInState|tuitionOutOfState|pellGrantRate|federalLoanRate|retentionRate
100751,The University of Alabama,2012,18526.0,0.6655,22500.0,41900.0,0.5308,1172.0,26.0,9200.0,22950.0,0.2247,0.4231,0.8537,000000000000,netPrice|graduationRate|medianDebt|medianEarnings|admissionRate|satAverage|actMidpoint|tuitionInState|tuitionOutOfState|pellGrantRate|federalLoanRate|retentionRate
100751,The University of Alabama,2013,21513.0,0.6665,22910.0,42700.0,0.5655,1171.0,26.0,9450.0,23950.0,0.2107,0.4148,0.87,000000000000,netPrice|graduationRate|medianDebt|medianEarnings|admissionRate|satAverage|actMidpoint|tuitionInState|tuitionOutOfState|pellGrantRate|federalLoanRate|retentionRate
100751,The University of Alabama,2014,20787.0,0.6566,23250.0,44500.0,0.5105,1185.0,27.0,9826.0,24950.0,0.204,0.401,0.867,000000000000,netPrice|graduationRate|medianDebt|medianEarnings|admissionRate|satAverage|actMidpoint|tuitionInState|tuitionOutOfState|pellGrantRate|federalLoanRate|retentionRate
100751,The University of Alabama,2015,20575.0,0.6709,23575.0,NA,0.5359,1181.0,27.0,10170.0,25950.0,0.2009,0.4059,0.8647,000000000000,netPrice|graduationRate|medianDebt|medianEarnings|admissionRate|satAverage|actMidpoint|tuitionInState|tuitionOutOfState|pellGrantRate|federalLoanRate|retentionRate
100751,The University of Alabama,2016,21676.0,0.6871,23290.0,NA,0.5259,1202.0,27.0,10470.0,26950.0,0.1938,0.4007,0.8627,000000000000,netPrice|graduationRate|medianDebt|medianEarnings|admissionRate|satAverage|actMidpoint|tuitionInState|tuitionOutOfState|pellGrantRate|federalLoanRate|retentionRate
100751,The University of Alabama,2017,21973.0,0.6787,23250.0,NA,0.533,1278.0,28.0,10780.0,28100.0,0.18,0.3878,0.8709,000000000000,netPrice|graduationRate|medianDebt|medianEarnings|admissionRate|satAverage|actMidpoint|tuitionInState|tuitionOutOfState|pellGrantRate|federalLoanRate|retentionRate
100751,The University of Alabama,2018,22232.0,0.7188,23250.0,NA,0.5906,1252.0,27.0,10780.0,29230.0,0.1796,0.3847,0.8788,000000000000,netPrice|graduationRate|medianDebt|medianEarnings|admissionRate|satAverage|actMidpoint|tuitionInState|tuitionOutOfState|pellGrantRate|federalLoanRate|retentionRate
100751,The University of Alabama,2019,22597.0,0.711,23072.0,NA,0.8268,1261.0,27.0,10780.0,30250.0,0.1772,0.3802,0.8693,000000000000,netPrice|graduationRate|medianDebt|medianEarnings|admissionRate|satAverage|actMidpoint|tuitionInState|tuitionOutOfState|pellGrantRate|federalLoanRate|retentionRate
100751,The University of Alabama,2020,20917.0,0.7214,22750.0,59221.0,0.8039,1262.0,27.0,11620.0,31090.0,0.1718,0.3644,0.8723,000000000000,netPrice|graduationRate|medianDebt|medianEarnings|admissionRate|satAverage|actMidpoint|tuitionInState|tuitionOutOfState|pellGrantRate|federalLoanRate|retentionRate
100751,The University of Alabama,2021,21534.0,0.7223,NA,NA,0.789,1244.0,26.0,11620.0,31090.0,0.1712,0.3454,0.8855,000000000000,netPrice|graduationRate|medianDebt|medianEarnings|admissionRate|satAverage|actMidpoint|tuitionInState|tuitionOutOfState|pellGrantRate|federalLoanRate|retentionRate
100751,The University of Alabama,2022,20888.0,0.7276,NA,NA,0.8006,1304.0,NA,11940.0,32300.0,0.1788,0.3388,0.8668,000000000000,netPrice|graduationRate|medianDebt|medianEarnings|admissionRate|satAverage|actMidpoint|tuitionInState|tuitionOutOfState|pellGrantRate|federalLoanRate|retentionRate
100751,The University of Alabama,2023,NA,NA,NA,NA,NA,NA,NA,NA,NA,NA,NA,NA,000000000000,netPrice|graduationRate|medianDebt|medianEarnings|admissionRate|satAverage|actMidpoint|tuitionInState|tuitionOutOfState|pellGrantRate|federalLoanRate|retentionRate
100751,The University of Alabama,2024,NA,NA,NA,NA,NA,NA,NA,NA,NA,NA,NA,NA,000000000000,netPrice|graduationRate|medianDebt|medianEarnings|admissionRate|satAverage|actMidpoint|tuitionInState|tuitionOutOfState|pellGrantRate|federalLoanRate|retentionRate
100858,Auburn University,2012,16284.0,0.6827,21139.0,45700.0,0.7723,1217.0,27.0,9446.0,25190.0,0.1754,0.3714,0.9001,000000000000,netPrice|graduationRate|medianDebt|medianEarnings|admissionRate|satAverage|actMidpoint|tuitionInState|tuitionOutOfState|pellGrantRate|federalLoanRate|retentionRate
100858,Auburn University,2013,17541.0,0.6792,21500.0,47100.0,0.8274,1215.0,27.0,9852.0,26364.0,0.1687,0.361,0.8946,000000000000,netPrice|graduationRate|medianDebt|medianEarnings|admissionRate|satAverage|actMidpoint|tuitionInState|tuitionOutOfState|pellGrantRate|federalLoanRate|retentionRate
100858,Auburn University,2014,18644.0,0.7086,21500.0,48800.0,0.8347,1215.0,27.0,10200.0,27384.0,0.161,0.3494,0.9052,000000000000,netPrice|graduationRate|medianDebt|medianEarnings|admissionRate|satAverage|actMidpoint|tuitionInState|tuitionOutOfState|pellGrantRate|federalLoanRate|retentionRate
100858,Auburn University,2015,22183.0,0.7292,21500.0,NA,0.7766,1218.0,27.0,10424.0,28040.0,0.1631,0.347,0.898,000000000000,netPrice|graduationRate|medianDebt|medianEarnings|admissionRate|satAverage|actMidpoint|tuitionInState|tuitionOutOfState|pellGrantRate|federalLoanRate|retentionRate
100858,Auburn University,2016,22881.0,0.7501,21500.0,NA,0.8054,1217.0,27.0,10696.0,28840.0,0.1532,0.3279,0.9101,000000000000,netPrice|graduationRate|medianDebt|medianEarnings|admissionRate|satAverage|actMidpoint|tuitionInState|tuitionOutOfState|pellGrantRate|federalLoanRate|retentionRate
100858,Auburn University,2017,23416.0,0.7658,21000.0,NA,0.8393,1282.0,27.0,10968.0,29640.0,0.1489,0.3198,0.9152,000000000000,netPrice|graduationRate|medianDebt|medianEarnings|admissionRate|satAverage|actMidpoint|tuitionInState|tuitionOutOfState|pellGrantRate|federalLoanRate|retentionRate
100858,Auburn University,2018,23696.0,0.7812,21281.0,NA,0.7543,1289.0,28.0,11276.0,30524.0,0.1537,0.3169,0.8999,000000000000,netPrice|graduationRate|medianDebt|medianEarnings|admissionRate|satAverage|actMidpoint|tuitionInState|tuitionOutOfState|pellGrantRate|federalLoanRate|retentionRate
100858,Auburn University,2019,24104.0,0.7911,21500.0,NA,0.8067,1300.0,28.0,11492.0,31124.0,0.1455,0.3052,0.9136,000000000000,netPrice|graduationRate|medianDebt|medianEarnings|admissionRate|satAverage|actMidpoint|tuitionInState|tuitionOutOfState|pellGrantRate|federalLoanRate|retentionRate
100858,Auburn University,2020,24018.0,0.787,21000.0,65337.0,0.8507,1302.0,28.0,11796.0,31956.0,0.1343,0.298,0.9197,000000000000,netPrice|graduationRate|medianDebt|medianEarnings|admissionRate|satAverage|actMidpoint|tuitionInState|tuitionOutOfState|pellGrantRate|federalLoanRate|retentionRate
100858,Auburn University,2021,23258.0,0.8088,NA,NA,0.7118,1305.4004181127525,27.898965962303038,11826.0,31986.0,0.1301,0.2869,0.9289,000001100000,netPrice|graduationRate|medianDebt|medianEarnings|admissionRate|satAverage|actMidpoint|tuitionInState|tuitionOutOfState|pellGrantRate|federalLoanRate|retentionRate
100858,Auburn University,2022,24297.0,0.8075,NA,NA,0.436,1292.0,NA,12176.0,32960.0,0.1254,0.2787,0.9202,000000000000,netPrice|graduationRate|medianDebt|medianEarnings|admissionRate|satAverage|actMidpoint|tuitionInState|tuitionOutOfState|pellGrantRate|federalLoanRate|retentionRate
100858,Auburn University,2023,NA,NA,NA,NA,NA,NA,NA,NA,NA,NA,NA,NA,000000000000,netPrice|graduationRate|medianDebt|medianEarnings|admissionRate|satAverage|actMidpoint|tuitionInState|tuitionOutOfState|pellGrantRate|federalLoanRate|retentionRate
100858,Auburn University,2024,NA,NA,NA,NA,NA,NA,NA,NA,NA,NA,NA,NA,000000000000,netPrice|graduationRate|medianDebt|medianEarnings|admissionRate|satAverage|actMidpoint|tuitionInState|tuitionOutOfState|pellGrantRate|federalLoanRate|retentionRate
104151,Arizona State University Campus Immersion,2012,12366.0,0.5683,18250.0,45100.0,0.8891,1105.0,24.0,9724.0,22977.0,0.4065,0.5306,0.7995,000000000000,netPrice|graduationRate|medianDebt|medianEarnings|admissionRate|satAverage|actMidpoint|tuitionInState|tuitionOutOfState|pellGrantRate|federalLoanRate|retentionRate
104151,Arizona State University Campus Immersion,2013,11480.0,0.5947,19060.0,45400.0,0.8023,1145.0,25.0,9861.0,23654.0,0.3376,0.4784,0.844,000000000000,netPrice|graduationRate|medianDebt|medianEarnings|admissionRate|satAverage|actMidpoint|tuitionInState|tuitionOutOfState|pellGrantRate|federalLoanRate|retentionRate
104151,Arizona State University Campus Immersion,2014,10858.0,0.6343,19874.0,47700.0,0.8433,1145.0,25.0,10157.0,24503.0,0.3192,0.4527,0.8609,000000000000,netPrice|graduationRate|medianDebt|medianEarnings|admissionRate|satAverage|actMidpoint|tuitionInState|tuitionOutOfState|pellGrantRate|federalLoanRate|retentionRate
104151,Arizona State University Campus Immersion,2015,11337.0,0.6553,20086.0,NA,0.8291,1158.0,26.0,10158.0,25458.0,0.3138,0.4317,0.8619,000000000000,netPrice|graduationRate|medianDebt|medianEarnings|admissionRate|satAverage|actMidpoint|tuitionInState|tuitionOutOfState|pellGrantRate|federalLoanRate|retentionRate
104151,Arizona State University Campus Immersion,2016,11572.0,0.6736,20000.0,NA,0.825,1147.0,25.0,10370.0,26470.0,0.3007,0.4095,0.8588,000000000000,netPrice|graduationRate|medianDebt|medianEarnings|admissionRate|satAverage|actMidpoint|tuitionInState|tuitionOutOfState|pellGrantRate|federalLoanRate|retentionRate
104151,Arizona State University Campus Immersion,2017,11163.0,0.6335,20349.0,NA,0.8415,1235.0,26.0,10792.0,27372.0,0.2928,0.3875,0.8659,000000000000,netPrice|graduationRate|medianDebt|medianEarnings|admissionRate|satAverage|actMidpoint|tuitionInState|tuitionOutOfState|pellGrantRate|federalLoanRate|retentionRate
104151,Arizona State University Campus Immersion,2018,11644.0,0.6904,20278.0,NA,0.8478,1240.0,26.0,10822.0,28336.0,0.3026,0.3652,0.8765,000000000000,netPrice|graduationRate|medianDebt|medianEarnings|admissionRate|satAverage|actMidpoint|tuitionInState|tuitionOutOfState|pellGrantRate|federalLoanRate|retentionRate
104151,Arizona State University Campus Immersion,2019,11706.0,0.6349,20000.0,NA,0.8647,1230.0,25.0,11338.0,29428.0,0.293,0.3392,0.8844,000000000000,netPrice|graduationRate|medianDebt|medianEarnings|admissionRate|satAverage|actMidpoint|tuitionInState|tuitionOutOfState|pellGrantRate|federalLoanRate|retentionRate
104151,Arizona State University Campus Immersion,2020,13107.0,0.6601,19500.0,62668.0,0.8837,1207.0,25.0,11338.0,29428.0,0.3315,0.3477,0.862,000000000000,netPrice|graduationRate|medianDebt|medianEarnings|admissionRate|satAverage|actMidpoint|tuitionInState|tuitionOutOfState|pellGrantRate|federalLoanRate|retentionRate
104151,Arizona State University Campus Immersion,2021,12814.0,0.6602,NA,NA,0.8819,1226.0508629366109,25.995948412356658,11348.0,29438.0,0.3276,0.3051,0.86,000001100000,netPrice|graduationRate|medianDebt|medianEarnings|admissionRate|satAverage|actMidpoint|tuitionInState|tuitionOutOfState|pellGrantRate|federalLoanRate|retentionRate
104151,Arizona State University Campus Immersion,2022,12817.0,0.669,NA,NA,0.8975,1224.4816980198777,NA,11618.0,30592.0,0.3124,0.2831,0.8536,000001000000,netPrice|graduationRate|medianDebt|medianEarnings|admissionRate|satAverage|actMidpoint|tuitionInState|tuitionOutOfState|pellGrantRate|federalLoanRate|retentionRate
104151,Arizona State University Campus Immersion,2023,NA,NA,NA,NA,NA,NA,NA,NA,NA,NA,NA,NA,000000000000,netPrice|graduationRate|medianDebt|medianEarnings|admissionRate|satAverage|actMidpoint|tuitionInState|tuitionOutOfState|pellGrantRate|federalLoanRate|retentionRate
104151,Arizona State University Campus Immersion,2024,NA,NA,NA,NA,NA,NA,NA,NA,NA,NA,NA,NA,000000000000,netPrice|graduationRate|medianDebt|medianEarnings|admissionRate|satAverage|actMidpoint|tuitionInState|tuitionOutOfState|pellGrantRate|federalLoanRate|retentionRate
104179,University of Arizona,2012,13583.0,0.6128,17209.5,44000.0,0.7139,1099.0,24.0,10035.0,26231.0,0.336,0.4132,0.8015,000000000000,netPrice|graduationRate|medianDebt|medianEarnings|admissionRate|satAverage|actMidpoint|tuitionInState|tuitionOutOfState|pellGrantRate|federalLoanRate|retentionRate
104179,University of Arizona,2013,13617.0,0.6139,17750.0,45800.0,0.7692,1106.0,24.0,10391.0,27383.0,0.3265,0.3962,0.8148,000000000000,netPrice|graduationRate|medianDebt|medianEarnings|admissionRate|satAverage|actMidpoint|tuitionInState|tuitionOutOfState|pellGrantRate|federalLoanRate|retentionRate
104179,University of Arizona,2014,15215.0,0.6026,18750.0,47300.0,0.7462,1122.677910471904,24.734632233810625,10957.0,29421.0,0.3349,0.4055,0.8189,000001100000,netPrice|graduationRate|medianDebt|medianEarnings|admissionRate|satAverage|actMidpoint|tuitionInState|tuitionOutOfState|pellGrantRate|federalLoanRate|retentionRate
104179,University of Arizona,2015,16099.0,0.6085,18750.0,NA,0.7643,1124.9293024895314,24.91945681203323,11403.0,32630.0,0.3174,0.4078,0.8039,000001100000,netPrice|graduationRate|medianDebt|medianEarnings|admissionRate|satAverage|actMidpoint|tuitionInState|tuitionOutOfState|pellGrantRate|federalLoanRate|retentionRate
104179,University of Arizona,2016,16150.0,0.5992,19000.0,NA,0.7862,1125.4633048975934,24.85881316080598,11769.0,34967.0,0.3056,0.3986,0.8048,000001100000,netPrice|graduationRate|medianDebt|medianEarnings|admissionRate|satAverage|actMidpoint|tuitionInState|tuitionOutOfState|pellGrantRate|federalLoanRate|retentionRate
104179,University of Arizona,2017,14821.0,0.6349,20000.0,NA,0.8358,1195.2605299462693,25.08540838287074,11877.0,35307.0,0.2935,0.392,0.8332,000001100000,netPrice|graduationRate|medianDebt|medianEarnings|admissionRate|satAverage|actMidpoint|tuitionInState|tuitionOutOfState|pellGrantRate|federalLoanRate|retentionRate
104179,University of Arizona,2018,14553.0,0.6448,20171.0,NA,0.8442,1198.0,25.0,12467.0,36366.0,0.2896,0.3749,0.8124,000000000000,netPrice|graduationRate|medianDebt|medianEarnings|admissionRate|satAverage|actMidpoint|tuitionInState|tuitionOutOfState|pellGrantRate|federalLoanRate|retentionRate
104179,University of Arizona,2019,15016.0,0.6471,20137.0,NA,0.8459,1228.0,25.0,12711.0,36718.0,0.2888,0.3558,0.8321,000000000000,netPrice|graduationRate|medianDebt|medianEarnings|admissionRate|satAverage|actMidpoint|tuitionInState|tuitionOutOfState|pellGrantRate|federalLoanRate|retentionRate
104179,University of Arizona,2020,13358.0,0.6489,19620.0,59979.0,0.8513,1220.0,25.0,12716.0,36743.0,0.2875,0.3328,0.8547,000000000000,netPrice|graduationRate|medianDebt|medianEarnings|admissionRate|satAverage|actMidpoint|tuitionInState|tuitionOutOfState|pellGrantRate|federalLoanRate|retentionRate
104179,University of Arizona,2021,15601.0,0.6434,NA,NA,0.8727,1230.0,25.0,12736.0,37258.0,0.2868,0.2882,0.8403,000000000000,netPrice|graduationRate|medianDebt|medianEarnings|admissionRate|satAverage|actMidpoint|tuitionInState|tuitionOutOfState|pellGrantRate|federalLoanRate|retentionRate
104179,University of Arizona,2022,14721.0,0.6793,NA,NA,0.8676,1229.0,NA,13275.0,39577.0,0.2781,0.2757,0.8564,000000000000,netPrice|graduationRate|medianDebt|medianEarnings|admissionRate|satAverage|actMidpoint|tuitionInState|tuitionOutOfState|pellGrantRate|federalLoanRate|retentionRate
104179,University of Arizona,2023,NA,NA,NA,NA,NA,NA,NA,NA,NA,NA,NA,NA,000000000000,netPrice|graduationRate|medianDebt|medianEarnings|admissionRate|satAverage|actMidpoint|tuitionInState|tuitionOutOfState|pellGrantRate|federalLoanRate|retentionRate
104179,University of Arizona,2024,NA,NA,NA,NA,NA,NA,NA,NA,NA,NA,NA,NA,000000000000,netPrice|graduationRate|medianDebt|medianEarnings|admissionRate|satAverage|actMidpoint|tuitionInState|tuitionOutOfState|pellGrantRate|federalLoanRate|retentionRate
104717,Grand Canyon University,2012,17680.0,0.3134,18750.0,44500.0,0.3237,1298.9209092538604,29.258120425837145,17000.0,17000.0,0.53,0.6258,0.6499,000001100000,netPrice|graduationRate|medianDebt|medianEarnings|admissionRate|satAverage|actMidpoint|tuitionInState|tuitionOutOfState|pellGrantRate|federalLoanRate|retentionRate
104717,Grand Canyon University,2013,28309.0,0.3036,18750.0,49200.0,0.548,1330.3081757020743,30.44987717646098,17000.0,17000.0,0.5262,0.6248,0.5878,000001100000,netPrice|graduationRate|medianDebt|medianEarnings|admissionRate|satAverage|actMidpoint|tuitionInState|tuitionOutOfState|pellGrantRate|federalLoanRate|retentionRate
104717,Grand Canyon University,2014,28039.0,0.2788,18750.0,52700.0,0.5757,1314.5307765077469,29.029041773993914,17050.0,17050.0,0.5055,0.6189,0.6236,000001100000,netPrice|graduationRate|medianDebt|medianEarnings|admissionRate|satAverage|actMidpoint|tuitionInState|tuitionOutOfState|pellGrantRate|federalLoanRate|retentionRate
104717,Grand Canyon University,2015,19797.0,0.3363,18750.0,NA,0.432,1348.9340160372249,30.71112581836879,17050.0,17050.0,0.4773,0.6406,0.6744,000001100000,netPrice|graduationRate|medianDebt|medianEarnings|admissionRate|satAverage|actMidpoint|tuitionInState|tuitionOutOfState|pellGrantRate|federalLoanRate|retentionRate
104717,Grand Canyon University,2016,20923.0,0.4277,18750.0,NA,0.5694,1358.04723938388,30.86349331143157,17050.0,17050.0,0.4575,0.5967,0.6575,000001100000,netPrice|graduationRate|medianDebt|medianEarnings|admissionRate|satAverage|actMidpoint|tuitionInState|tuitionOutOfState|pellGrantRate|federalLoanRate|retentionRate
104717,Grand Canyon University,2017,20570.0,0.4075,20168.0,NA,0.6692,1412.214196223897,31.016714876984416,17050.0,17050.0,0.445,0.5831,0.6564,000001100000,netPrice|graduationRate|medianDebt|medianEarnings|admissionRate|satAverage|actMidpoint|tuitionInState|tuitionOutOfState|pellGrantRate|federalLoanRate|retentionRate
104717,Grand Canyon University,2018,21197.0,0.368,21073.0,NA,0.732,1413.9732191465746,31.485446700410144,17050.0,17050.0,0.4618,0.5942,0.6369,000001100000,netPrice|graduationRate|medianDebt|medianEarnings|admissionRate|satAverage|actMidpoint|tuitionInState|tuitionOutOfState|pellGrantRate|federalLoanRate|retentionRate
104717,Grand Canyon University,2019,21020.0,0.4079,21557.0,NA,0.7694,1421.8435597495945,32.42260372688741,17800.0,17800.0,0.4545,0.5847,0.6539,000001100000,netPrice|graduationRate|medianDebt|medianEarnings|admissionRate|satAverage|actMidpoint|tuitionInState|tuitionOutOfState|pellGrantRate|federalLoanRate|retentionRate
104717,Grand Canyon University,2020,20585.0,0.4657,22114.0,42186.0,0.8069,1441.220781544244,31.298014033367785,17800.0,17800.0,0.4456,0.5756,0.7355,000001100000,netPrice|graduationRate|medianDebt|medianEarnings|admissionRate|satAverage|actMidpoint|tuitionInState|tuitionOutOfState|pellGrantRate|federalLoanRate|retentionRate
104717,Grand Canyon University,2021,21176.0,0.4474,NA,NA,0.8284,1467.0227519160803,31.957198985296806,17800.0,17800.0,0.4311,0.5497,0.7059,000001100000,netPrice|graduationRate|medianDebt|medianEarnings|admissionRate|satAverage|actMidpoint|tuitionInState|tuitionOutOfState|pellGrantRate|federalLoanRate|retentionRate
104717,Grand Canyon University,2022,21798.0,0.4505,NA,NA,0.7787,1434.6970753696214,NA,17800.0,17800.0,0.4254,0.527,0.702,000001000000,netPrice|graduationRate|medianDebt|medianEarnings|admissionRate|satAverage|actMidpoint|tuitionInState|tuitionOutOfState|pellGrantRate|federalLoanRate|retentionRate
104717,Grand Canyon University,2023,NA,NA,NA,NA,NA,NA,NA,NA,NA,NA,NA,NA,000000000000,netPrice|graduationRate|medianDebt|medianEarnings|admissionRate|satAverage|actMidpoint|tuitionInState|tuitionOutOfState|pellGrantRate|federalLoanRate|retentionRate
104717,Grand Canyon University,2024,NA,NA,NA,NA,NA,NA,NA,NA,NA,NA,NA,NA,000000000000,netPrice|graduationRate|medianDebt|medianEarnings|admissionRate|satAverage|actMidpoint|tuitionInState|tuitionOutOfState|pellGrantRate|federalLoanRate|retentionRate
106397,University of Arkansas,2012,11704.0,0.6035,20500.0,43400.0,0.6347,1157.0,26.0,7554.0,18434.0,0.2543,0.4159,0.8122,000000000000,netPrice|graduationRate|medianDebt|medianEarnings|admissionRate|satAverage|actMidpoint|tuitionInState|tuitionOutOfState|pellGrantRate|federalLoanRate|retentionRate
106397,University of Arkansas,2013,11861.0,0.601,20750.0,43100.0,0.5858,1156.0,26.0,7818.0,19074.0,0.2427,0.4084,0.821,000000000000,netPrice|graduationRate|medianDebt|medianEarnings|admissionRate|satAverage|actMidpoint|tuitionInState|tuitionOutOfState|pellGrantRate|federalLoanRate|retentionRate
106397,University of Arkansas,2014,14143.0,0.6228,21250.0,44900.0,0.6204,1155.0,26.0,8210.0,20300.0,0.2359,0.4026,0.8284,000000000000,netPrice|graduationRate|medianDebt|medianEarnings|admissionRate|satAverage|actMidpoint|tuitionInState|tuitionOutOfState|pellGrantRate|federalLoanRate|retentionRate
106397,University of Arkansas,2015,14546.0,0.6249,21500.0,NA,0.6006,1154.0,26.0,8522.0,21826.0,0.2295,0.3998,0.8212,000000000000,netPrice|graduationRate|medianDebt|medianEarnings|admissionRate|satAverage|actMidpoint|tuitionInState|tuitionOutOfState|pellGrantRate|federalLoanRate|retentionRate
106397,University of Arkansas,2016,15648.0,0.6447,21500.0,NA,0.632,1170.0,26.0,8820.0,23168.0,0.217,0.3905,0.8244,000000000000,netPrice|graduationRate|medianDebt|medianEarnings|admissionRate|satAverage|actMidpoint|tuitionInState|tuitionOutOfState|pellGrantRate|federalLoanRate|retentionRate
106397,University of Arkansas,2017,16069.0,0.6152,21500.0,NA,0.6596,1239.0,26.0,9062.0,24308.0,0.2043,0.3866,0.8221,000000000000,netPrice|graduationRate|medianDebt|medianEarnings|admissionRate|satAverage|actMidpoint|tuitionInState|tuitionOutOfState|pellGrantRate|federalLoanRate|retentionRate
106397,University of Arkansas,2018,15642.0,0.6553,21500.0,NA,0.7747,1238.0,26.0,9130.0,25168.0,0.1998,0.3739,0.838,000000000000,netPrice|graduationRate|medianDebt|medianEarnings|admissionRate|satAverage|actMidpoint|tuitionInState|tuitionOutOfState|pellGrantRate|federalLoanRate|retentionRate
106397,University of Arkansas,2019,16381.0,0.6621,21500.0,NA,0.7709,1253.0,27.0,9384.0,25872.0,0.1938,0.3672,0.842,000000000000,netPrice|graduationRate|medianDebt|medianEarnings|admissionRate|satAverage|actMidpoint|tuitionInState|tuitionOutOfState|pellGrantRate|federalLoanRate|retentionRate
106397,University of Arkansas,2020,16507.0,0.685,21500.0,58191.0,0.7767,1236.0,26.0,9384.0,25872.0,0.1858,0.3602,0.8471,000000000000,netPrice|graduationRate|medianDebt|medianEarnings|admissionRate|satAverage|actMidpoint|tuitionInState|tuitionOutOfState|pellGrantRate|federalLoanRate|retentionRate
106397,University of Arkansas,2021,14998.0,0.6968,NA,NA,0.8267,1188.0,25.0,9574.0,26390.0,0.1795,0.3377,0.8708,000000000000,netPrice|graduationRate|medianDebt|medianEarnings|admissionRate|satAverage|actMidpoint|tuitionInState|tuitionOutOfState|pellGrantRate|federalLoanRate|retentionRate
106397,University of Arkansas,2022,16050.0,0.6925,NA,NA,0.7893,1167.0,NA,9656.0,27410.0,0.1822,0.3397,0.8558,000000000000,netPrice|graduationRate|medianDebt|medianEarnings|admissionRate|satAverage|actMidpoint|tuitionInState|tuitionOutOfState|pellGrantRate|federalLoanRate|retentionRate
106397,University of Arkansas,2023,NA,NA,NA,NA,NA,NA,NA,NA,NA,NA,NA,NA,000000000000,netPrice|graduationRate|medianDebt|medianEarnings|admissionRate|satAverage|actMidpoint|tuitionInState|tuitionOutOfState|pellGrantRate|federalLoanRate|retentionRate
106397,University of Arkansas,2024,NA,NA,NA,NA,NA,NA,NA,NA,NA,NA,NA,NA,000000000000,netPrice|graduationRate|medianDebt|medianEarnings|admissionRate|satAverage|actMidpoint|tuitionInState|tuitionOutOfState|pellGrantRate|federalLoanRate|retentionRate
106458,Arkansas State University,2012,9187.0,0.3954,16500.0,31700.0,0.7056,1049.0,23.0,7180.0,12610.0,0.4756,0.5285,0.7041,000000000000,netPrice|graduationRate|medianDebt|medianEarnings|admissionRate|satAverage|actMidpoint|tuitionInState|tuitionOutOfState|pellGrantRate|federalLoanRate|retentionRate
106458,Arkansas State University,2013,9475.0,0.3698,17250.0,31700.0,0.7551,1088.0,24.0,7510.0,13120.0,0.4618,0.5289,0.7312,000000000000,netPrice|graduationRate|medianDebt|medianEarnings|admissionRate|satAverage|actMidpoint|tuitionInState|tuitionOutOfState|pellGrantRate|federalLoanRate|retentionRate
106458,Arkansas State University,2014,11752.0,0.393,18000.0,32200.0,0.7239,1088.0,24.0,7720.0,13480.0,0.4522,0.5342,0.7454,000000000000,netPrice|graduationRate|medianDebt|medianEarnings|admissionRate|satAverage|actMidpoint|tuitionInState|tuitionOutOfState|pellGrantRate|federalLoanRate|retentionRate
106458,Arkansas State University,2015,12152.0,0.4012,18870.0,NA,0.7024,1088.0,24.0,8050.0,14050.0,0.4565,0.5406,0.7601,000000000000,netPrice|graduationRate|medianDebt|medianEarnings|admissionRate|satAverage|actMidpoint|tuitionInState|tuitionOutOfState|pellGrantRate|federalLoanRate|retentionRate
106458,Arkansas State University,2016,12418.0,0.4545,19500.0,NA,0.704,1090.0,24.0,8200.0,14260.0,0.4412,0.5281,0.75,000000000000,netPrice|graduationRate|medianDebt|medianEarnings|admissionRate|satAverage|actMidpoint|tuitionInState|tuitionOutOfState|pellGrantRate|federalLoanRate|retentionRate
106458,Arkansas State University,2017,13828.0,0.475,21000.0,NA,0.6602,1165.0,24.0,8478.0,14778.0,0.412,0.5217,0.7284,000000000000,netPrice|graduationRate|medianDebt|medianEarnings|admissionRate|satAverage|actMidpoint|tuitionInState|tuitionOutOfState|pellGrantRate|federalLoanRate|retentionRate
106458,Arkansas State University,2018,13605.0,0.4822,21250.0,NA,0.7721,1189.0,24.0,8607.0,15297.0,0.4117,0.5104,0.765,000000000000,netPrice|graduationRate|medianDebt|medianEarnings|admissionRate|satAverage|actMidpoint|tuitionInState|tuitionOutOfState|pellGrantRate|federalLoanRate|retentionRate
106458,Arkansas State University,2019,13406.0,0.5302,21000.0,NA,0.7991,1188.0,24.0,8900.0,15860.0,0.399,0.4999,0.7525,000000000000,netPrice|graduationRate|medianDebt|medianEarnings|admissionRate|satAverage|actMidpoint|tuitionInState|tuitionOutOfState|pellGrantRate|federalLoanRate|retentionRate
106458,Arkansas State University,2020,14189.0,0.5301,20500.0,42617.0,0.6719,1149.0,23.0,7315.0,12883.0,0.3889,0.4877,0.7905,000000000000,netPrice|graduationRate|medianDebt|medianEarnings|admissionRate|satAverage|actMidpoint|tuitionInState|tuitionOutOfState|pellGrantRate|federalLoanRate|retentionRate
106458,Arkansas State University,2021,13430.0,0.5384,NA,NA,0.6329,1149.0,23.0,7130.0,12698.0,0.367,0.4526,0.7473,000000000000,netPrice|graduationRate|medianDebt|medianEarnings|admissionRate|satAverage|actMidpoint|tuitionInState|tuitionOutOfState|pellGrantRate|federalLoanRate|retentionRate
106458,Arkansas State University,2022,11857.0,0.5281,NA,NA,0.6951,1119.0,NA,7456.0,13312.0,0.3602,0.4242,0.7756,000000000000,netPrice|graduationRate|medianDebt|medianEarnings|admissionRate|satAverage|actMidpoint|tuitionInState|tuitionOutOfState|pellGrantRate|federalLoanRate|retentionRate
106458,Arkansas State University,2023,NA,NA,NA,NA,NA,NA,NA,NA,NA,NA,NA,NA,000000000000,netPrice|graduationRate|medianDebt|medianEarnings|admissionRate|satAverage|actMidpoint|tuitionInState|tuitionOutOfState|pellGrantRate|federalLoanRate|retentionRate
106458,Arkansas State University,2024,NA,NA,NA,NA,NA,NA,NA,NA,NA,NA,NA,NA,000000000000,netPrice|graduationRate|medianDebt|medianEarnings|admissionRate|satAverage|actMidpoint|tuitionInState|tuitionOutOfState|pellGrantRate|federalLoanRate|retentionRate
106704,University of Central Arkansas,2012,10415.0,0.4082,19478.0,36500.0,0.9291,1070.0,23.0,7333.0,12830.0,0.3917,0.4922,0.7015,000000000000,netPrice|graduationRate|medianDebt|medianEarnings|admissionRate|satAverage|actMidpoint|tuitionInState|tuitionOutOfState|pellGrantRate|federalLoanRate|retentionRate
106704,University of Central Arkansas,2013,9693.0,0.4203,19818.5,36900.0,0.8997,1070.0,23.0,7595.0,13340.0,0.3937,0.492,0.6977,000000000000,netPrice|graduationRate|medianDebt|medianEarnings|admissionRate|satAverage|actMidpoint|tuitionInState|tuitionOutOfState|pellGrantRate|federalLoanRate|retentionRate
106704,University of Central Arkansas,2014,11087.0,0.4467,20250.0,38300.0,0.9426,1049.0,23.0,7889.0,13806.0,0.4101,0.5125,0.6991,000000000000,netPrice|graduationRate|medianDebt|medianEarnings|admissionRate|satAverage|actMidpoint|tuitionInState|tuitionOutOfState|pellGrantRate|federalLoanRate|retentionRate
106704,University of Central Arkansas,2015,13063.0,0.4495,20737.5,NA,0.9218,1068.0,23.0,7889.0,13806.0,0.4138,0.5169,0.7242,000000000000,netPrice|graduationRate|medianDebt|medianEarnings|admissionRate|satAverage|actMidpoint|tuitionInState|tuitionOutOfState|pellGrantRate|federalLoanRate|retentionRate
106704,University of Central Arkansas,2016,13231.0,0.4168,20900.5,NA,0.8978,1082.0,24.0,8224.0,14447.0,0.4148,0.5051,0.7281,000000000000,netPrice|graduationRate|medianDebt|medianEarnings|admissionRate|satAverage|actMidpoint|tuitionInState|tuitionOutOfState|pellGrantRate|federalLoanRate|retentionRate
106704,University of Central Arkansas,2017,14375.0,0.4124,21500.0,NA,0.8995,1175.0,24.0,8524.0,15047.0,0.397,0.4794,0.7215,000000000000,netPrice|graduationRate|medianDebt|medianEarnings|admissionRate|satAverage|actMidpoint|tuitionInState|tuitionOutOfState|pellGrantRate|federalLoanRate|retentionRate
106704,University of Central Arkansas,2018,14723.0,0.4113,21500.0,NA,0.911,1186.0,24.0,8752.0,15275.0,0.4298,0.5234,0.7405,000000000000,netPrice|graduationRate|medianDebt|medianEarnings|admissionRate|satAverage|actMidpoint|tuitionInState|tuitionOutOfState|pellGrantRate|federalLoanRate|retentionRate
106704,University of Central Arkansas,2019,15376.0,0.4341,21000.0,NA,0.9042,1187.0,24.0,9188.0,15998.0,0.3945,0.4714,0.7474,000000000000,netPrice|graduationRate|medianDebt|medianEarnings|admissionRate|satAverage|actMidpoint|tuitionInState|tuitionOutOfState|pellGrantRate|federalLoanRate|retentionRate
106704,University of Central Arkansas,2020,16554.0,0.4573,20346.0,45938.0,0.9378,1166.0,24.0,9338.0,16148.0,0.3777,0.4562,0.7884,000000000000,netPrice|graduationRate|medianDebt|medianEarnings|admissionRate|satAverage|actMidpoint|tuitionInState|tuitionOutOfState|pellGrantRate|federalLoanRate|retentionRate
106704,University of Central Arkansas,2021,14735.0,0.494,NA,NA,0.9237,1133.0,23.0,9563.0,16433.0,0.3658,0.432,0.7071,000000000000,netPrice|graduationRate|medianDebt|medianEarnings|admissionRate|satAverage|actMidpoint|tuitionInState|tuitionOutOfState|pellGrantRate|federalLoanRate|retentionRate
106704,University of Central Arkansas,2022,15889.0,0.5008,NA,NA,0.9121,1118.0,NA,9778.0,16728.0,0.3633,0.4138,0.7413,000000000000,netPrice|graduationRate|medianDebt|medianEarnings|admissionRate|satAverage|actMidpoint|tuitionInState|tuitionOutOfState|pellGrantRate|federalLoanRate|retentionRate
106704,University of Central Arkansas,2023,NA,NA,NA,NA,NA,NA,NA,NA,NA,NA,NA,NA,000000000000,netPrice|graduationRate|medianDebt|medianEarnings|admissionRate|satAverage|actMidpoint|tuitionInState|tuitionOutOfState|pellGrantRate|federalLoanRate|retentionRate
106704,University of Central Arkansas,2024,NA,NA,NA,NA,NA,NA,NA,NA,NA,NA,NA,NA,000000000000,netPrice|graduationRate|medianDebt|medianEarnings|admissionRate|satAverage|actMidpoint|tuitionInState|tuitionOutOfState|pellGrantRate|federalLoanRate|retentionRate
110565,California State University-Fullerton,2012,9186.0,0.5115,13356.0,45000.0,0.4669,1014.0,22.0,6195.0,17853.0,0.3975,0.3214,0.8824,000000000000,netPrice|graduationRate|medianDebt|medianEarnings|admissionRate|satAverage|actMidpoint|tuitionInState|tuitionOutOfState|pellGrantRate|federalLoanRate|retentionRate
110565,California State University-Fullerton,2013,9034.0,0.5347,13750.0,44500.0,0.4579,1021.0,22.0,6186.0,17346.0,0.4061,0.3327,0.8853,000000000000,netPrice|graduationRate|medianDebt|medianEarnings|admissionRate|satAverage|actMidpoint|tuitionInState|tuitionOutOfState|pellGrantRate|federalLoanRate|retentionRate
110565,California State University-Fullerton,2014,7237.0,0.5572,14605.0,47200.0,0.4447,1021.0,22.0,6315.0,17475.0,0.443,0.3308,0.8856,000000000000,netPrice|graduationRate|medianDebt|medianEarnings|admissionRate|satAverage|actMidpoint|tuitionInState|tuitionOutOfState|pellGrantRate|federalLoanRate|retentionRate
110565,California State University-Fullerton,2015,7454.0,0.6192,15000.0,NA,0.4186,1024.0,22.0,6437.0,17597.0,0.4429,0.306,0.8812,000000000000,netPrice|graduationRate|medianDebt|medianEarnings|admissionRate|satAverage|actMidpoint|tuitionInState|tuitionOutOfState|pellGrantRate|federalLoanRate|retentionRate
110565,California State University-Fullerton,2016,8311.0,0.6226,14804.0,NA,0.4823,1017.0,22.0,6560.0,17720.0,0.4627,0.3006,0.8866,000000000000,netPrice|graduationRate|medianDebt|medianEarnings|admissionRate|satAverage|actMidpoint|tuitionInState|tuitionOutOfState|pellGrantRate|federalLoanRate|retentionRate
110565,California State University-Fullerton,2017,8737.0,0.6624,15000.0,NA,0.4572,1096.0,22.0,6850.0,18730.0,0.4689,0.3012,0.8683,000000000000,netPrice|graduationRate|medianDebt|medianEarnings|admissionRate|satAverage|actMidpoint|tuitionInState|tuitionOutOfState|pellGrantRate|federalLoanRate|retentionRate
110565,California State University-Fullerton,2018,8234.0,0.6775,14751.0,NA,0.4341,1124.0,22.0,6886.0,18766.0,0.4981,0.285,0.8813,000000000000,netPrice|graduationRate|medianDebt|medianEarnings|admissionRate|satAverage|actMidpoint|tuitionInState|tuitionOutOfState|pellGrantRate|federalLoanRate|retentionRate
110565,California State University-Fullerton,2019,7991.0,0.6897,14000.0,NA,0.5269,1113.0,22.0,6924.0,18804.0,0.4855,0.2631,0.8871,000000000000,netPrice|graduationRate|medianDebt|medianEarnings|admissionRate|satAverage|actMidpoint|tuitionInState|tuitionOutOfState|pellGrantRate|federalLoanRate|retentionRate
110565,California State University-Fullerton,2020,8003.0,0.6868,13750.0,62951.0,0.6762,1085.0,21.0,6953.0,18833.0,0.4838,0.2515,0.8894,000000000000,netPrice|graduationRate|medianDebt|medianEarnings|admissionRate|satAverage|actMidpoint|tuitionInState|tuitionOutOfState|pellGrantRate|federalLoanRate|retentionRate
110565,California State University-Fullerton,2021,4211.0,0.7147,NA,NA,0.5943,1097.2851675991799,22.244834360976228,6976.0,18856.0,0.4704,0.1913,0.8681,000001100000,netPrice|graduationRate|medianDebt|medianEarnings|admissionRate|satAverage|actMidpoint|tuitionInState|tuitionOutOfState|pellGrantRate|federalLoanRate|retentionRate
110565,California State University-Fullerton,2022,7485.0,0.693,NA,NA,0.6672,1110.3535333274617,NA,7007.0,18887.0,0.4787,0.1997,0.8551,000001000000,netPrice|graduationRate|medianDebt|medianEarnings|admissionRate|satAverage|actMidpoint|tuitionInState|tuitionOutOfState|pellGrantRate|federalLoanRate|retentionRate
110565,California State University-Fullerton,2023,NA,NA,NA,NA,NA,NA,NA,NA,NA,NA,NA,NA,000000000000,netPrice|graduationRate|medianDebt|medianEarnings|admissionRate|satAverage|actMidpoint|tuitionInState|tuitionOutOfState|pellGrantRate|federalLoanRate|retentionRate
110565,California State University-Fullerton,2024,NA,NA,NA,NA,NA,NA,NA,NA,NA,NA,NA,NA,000000000000,netPrice|graduationRate|medianDebt|medianEarnings|admissionRate|satAverage|actMidpoint|tuitionInState|tuitionOutOfState|pellGrantRate|federalLoanRate|retentionRate
110583,California State University-Long Beach,2012,10181.0,0.5692,14437.0,46500.0,0.3038,1021.0,22.0,6052.0,17710.0,0.4488,0.3843,0.8764,000000000000,netPrice|graduationRate|medianDebt|medianEarnings|admissionRate|satAverage|actMidpoint|tuitionInState|tuitionOutOfState|pellGrantRate|federalLoanRate|retentionRate
110583,California State University-Long Beach,2013,9699.0,0.6033,15000.0,47100.0,0.3082,1012.0,21.0,6240.0,17400.0,0.4733,0.393,0.8876,000000000000,netPrice|graduationRate|medianDebt|medianEarnings|admissionRate|satAverage|actMidpoint|tuitionInState|tuitionOutOfState|pellGrantRate|federalLoanRate|retentionRate
110583,California State University-Long Beach,2014,9389.0,0.6517,15000.0,48100.0,0.3546,1054.0,23.0,6452.0,17612.0,0.4974,0.3907,0.899,000000000000,netPrice|graduationRate|medianDebt|medianEarnings|admissionRate|satAverage|actMidpoint|tuitionInState|tuitionOutOfState|pellGrantRate|federalLoanRate|retentionRate
110583,California State University-Long Beach,2015,9163.0,0.6703,15000.0,NA,0.3382,1056.0,23.0,6452.0,17612.0,0.5049,0.379,0.8933,000000000000,netPrice|graduationRate|medianDebt|medianEarnings|admissionRate|satAverage|actMidpoint|tuitionInState|tuitionOutOfState|pellGrantRate|federalLoanRate|retentionRate
110583,California State University-Long Beach,2016,9733.0,0.6864,15000.0,NA,0.3189,1052.0,23.0,6460.0,17620.0,0.515,0.3695,0.8984,000000000000,netPrice|graduationRate|medianDebt|medianEarnings|admissionRate|satAverage|actMidpoint|tuitionInState|tuitionOutOfState|pellGrantRate|federalLoanRate|retentionRate
110583,California State University-Long Beach,2017,9423.0,0.6874,15000.0,NA,0.2799,1130.0,23.0,6730.0,18610.0,0.508,0.346,0.8822,000000000000,netPrice|graduationRate|medianDebt|medianEarnings|admissionRate|satAverage|actMidpoint|tuitionInState|tuitionOutOfState|pellGrantRate|federalLoanRate|retentionRate
110583,California State University-Long Beach,2018,8982.0,0.6937,15000.0,NA,0.3121,1146.0,23.0,6798.0,18678.0,0.5256,0.323,0.8717,000000000000,netPrice|graduationRate|medianDebt|medianEarnings|admissionRate|satAverage|actMidpoint|tuitionInState|tuitionOutOfState|pellGrantRate|federalLoanRate|retentionRate
110583,California State University-Long Beach,2019,9622.0,0.7351,14882.0,NA,0.3927,1146.0,23.0,6834.0,18714.0,0.518,0.3005,0.871,000000000000,netPrice|graduationRate|medianDebt|medianEarnings|admissionRate|satAverage|actMidpoint|tuitionInState|tuitionOutOfState|pellGrantRate|federalLoanRate|retentionRate
110583,California State University-Long Beach,2020,10054.0,0.7333,14289.0,64403.0,0.4212,1133.0,23.0,6834.0,18714.0,0.5138,0.2831,0.8889,000000000000,netPrice|graduationRate|medianDebt|medianEarnings|admissionRate|satAverage|actMidpoint|tuitionInState|tuitionOutOfState|pellGrantRate|federalLoanRate|retentionRate
110583,California State University-Long Beach,2021,8338.0,0.7547,NA,NA,0.4685,1127.9697816163114,23.429601356481523,6846.0,18726.0,0.5058,0.2307,0.8729,000001100000,netPrice|graduationRate|medianDebt|medianEarnings|admissionRate|satAverage|actMidpoint|tuitionInState|tuitionOutOfState|pellGrantRate|federalLoanRate|retentionRate
110583,California State University-Long Beach,2022,8721.0,0.7265,NA,NA,0.3995,1145.9732320793255,NA,6884.0,18764.0,0.4965,0.2273,0.8544,000001000000,netPrice|graduationRate|medianDebt|medianEarnings|admissionRate|satAverage|actMidpoint|tuitionInState|tuitionOutOfState|pellGrantRate|federalLoanRate|retentionRate
110583,California State University-Long Beach,2023,NA,NA,NA,NA,NA,NA,NA,NA,NA,NA,NA,NA,000000000000,netPrice|graduationRate|medianDebt|medianEarnings|admissionRate|satAverage|actMidpoint|tuitionInState|tuitionOutOfState|pellGrantRate|federalLoanRate|retentionRate
110583,California State University-Long Beach,2024,NA,NA,NA,NA,NA,NA,NA,NA,NA,NA,NA,NA,000000000000,netPrice|graduationRate|medianDebt|medianEarnings|admissionRate|satAverage|actMidpoint|tuitionInState|tuitionOutOfState|pellGrantRate|federalLoanRate|retentionRate
122409,San Diego State University,2012,11901.0,0.6603,14998.0,47400.0,0.3288,1087.0,24.0,6578.0,18236.0,0.3863,0.3874,0.8927,000000000000,netPrice|graduationRate|medianDebt|medianEarnings|admissionRate|satAverage|actMidpoint|tuitionInState|tuitionOutOfState|pellGrantRate|federalLoanRate|retentionRate
122409,San Diego State University,2013,11724.0,0.6616,15290.5,48300.0,0.3121,1090.0,24.0,6766.0,17926.0,0.3956,0.3828,0.8775,000000000000,netPrice|graduationRate|medianDebt|medianEarnings|admissionRate|satAverage|actMidpoint|tuitionInState|tuitionOutOfState|pellGrantRate|federalLoanRate|retentionRate
122409,San Diego State University,2014,12567.0,0.6599,15643.0,51000.0,0.3448,1115.0,25.0,6866.0,18026.0,0.3978,0.3683,0.8779,000000000000,netPrice|graduationRate|medianDebt|medianEarnings|admissionRate|satAverage|actMidpoint|tuitionInState|tuitionOutOfState|pellGrantRate|federalLoanRate|retentionRate
122409,San Diego State University,2015,13475.0,0.6806,15250.0,NA,0.3441,1130.0,25.0,6976.0,18136.0,0.3764,0.3375,0.8872,000000000000,netPrice|graduationRate|medianDebt|medianEarnings|admissionRate|satAverage|actMidpoint|tuitionInState|tuitionOutOfState|pellGrantRate|federalLoanRate|retentionRate
122409,San Diego State University,2016,14585.0,0.7331,15000.0,NA,0.3464,1132.0,26.0,7084.0,18244.0,0.3644,0.318,0.888,000000000000,netPrice|graduationRate|medianDebt|medianEarnings|admissionRate|satAverage|actMidpoint|tuitionInState|tuitionOutOfState|pellGrantRate|federalLoanRate|retentionRate
122409,San Diego State University,2017,14030.0,0.7424,15340.0,NA,0.3542,1206.0,26.0,7460.0,19340.0,0.3444,0.3084,0.8863,000000000000,netPrice|graduationRate|medianDebt|medianEarnings|admissionRate|satAverage|actMidpoint|tuitionInState|tuitionOutOfState|pellGrantRate|federalLoanRate|retentionRate
122409,San Diego State University,2018,15287.0,0.7409,15497.0,NA,0.3458,1213.0,25.0,7488.0,19340.0,0.3397,0.2827,0.8889,000000000000,netPrice|graduationRate|medianDebt|medianEarnings|admissionRate|satAverage|actMidpoint|tuitionInState|tuitionOutOfState|pellGrantRate|federalLoanRate|retentionRate
122409,San Diego State University,2019,14788.0,0.7281,15000.0,NA,0.3413,1221.0,26.0,7510.0,19390.0,0.3295,0.2737,0.8904,000000000000,netPrice|graduationRate|medianDebt|medianEarnings|admissionRate|satAverage|actMidpoint|tuitionInState|tuitionOutOfState|pellGrantRate|federalLoanRate|retentionRate
122409,San Diego State University,2020,13845.0,0.7596,15000.0,64909.0,0.367,1207.0,26.0,7720.0,19600.0,0.3253,0.2551,0.8888,000000000000,netPrice|graduationRate|medianDebt|medianEarnings|admissionRate|satAverage|actMidpoint|tuitionInState|tuitionOutOfState|pellGrantRate|federalLoanRate|retentionRate
122409,San Diego State University,2021,6488.0,0.7615,NA,NA,0.379,1205.636160784051,25.2880210873223,8136.0,20016.0,0.3245,0.1966,0.9008,000001100000,netPrice|graduationRate|medianDebt|medianEarnings|admissionRate|satAverage|actMidpoint|tuitionInState|tuitionOutOfState|pellGrantRate|federalLoanRate|retentionRate
122409,San Diego State University,2022,12721.0,0.7801,NA,NA,0.3926,1228.2505152112776,NA,8174.0,20054.0,0.3226,0.1916,0.8941,000001000000,netPrice|graduationRate|medianDebt|medianEarnings|admissionRate|satAverage|actMidpoint|tuitionInState|tuitionOutOfState|pellGrantRate|federalLoanRate|retentionRate
122409,San Diego State University,2023,NA,NA,NA,NA,NA,NA,NA,NA,NA,NA,NA,NA,000000000000,netPrice|graduationRate|medianDebt|medianEarnings|admissionRate|satAverage|actMidpoint|tuitionInState|tuitionOutOfState|pellGrantRate|federalLoanRate|retentionRate
122409,San Diego State University,2024,NA,NA,NA,NA,NA,NA,NA,NA,NA,NA,NA,NA,000000000000,netPrice|graduationRate|medianDebt|medianEarnings|admissionRate|satAverage|actMidpoint|tuitionInState|tuitionOutOfState|pellGrantRate|federalLoanRate|retentionRate
126614,University of Colorado Boulder,2012,21533.0,0.68,19000.0,47700.0,0.8357,1169.0,26.0,9482.0,31378.0,0.1776,0.345,0.835,000000000000,netPrice|graduationRate|medianDebt|medianEarnings|admissionRate|satAverage|actMidpoint|tuitionInState|tuitionOutOfState|pellGrantRate|federalLoanRate|retentionRate
126614,University of Colorado Boulder,2013,21849.0,0.6969,19135.0,48100.0,0.8771,1192.0,27.0,10347.0,32115.0,0.1722,0.3298,0.8462,000000000000,netPrice|graduationRate|medianDebt|medianEarnings|admissionRate|satAverage|actMidpoint|tuitionInState|tuitionOutOfState|pellGrantRate|federalLoanRate|retentionRate
126614,University of Colorado Boulder,2014,21792.0,0.6982,19500.0,50800.0,0.8416,1207.0,27.0,10789.0,33151.0,0.1753,0.3212,0.8381,000000000000,netPrice|graduationRate|medianDebt|medianEarnings|admissionRate|satAverage|actMidpoint|tuitionInState|tuitionOutOfState|pellGrantRate|federalLoanRate|retentionRate
126614,University of Colorado Boulder,2015,21806.0,0.715,19154.0,NA,0.7962,1212.0,27.0,11091.0,34125.0,0.1723,0.3068,0.8606,000000000000,netPrice|graduationRate|medianDebt|medianEarnings|admissionRate|satAverage|actMidpoint|tuitionInState|tuitionOutOfState|pellGrantRate|federalLoanRate|retentionRate
126614,University of Colorado Boulder,2016,23127.0,0.6991,19500.0,NA,0.7662,1229.0,28.0,11531.0,35079.0,0.1641,0.2984,0.8585,000000000000,netPrice|graduationRate|medianDebt|medianEarnings|admissionRate|satAverage|actMidpoint|tuitionInState|tuitionOutOfState|pellGrantRate|federalLoanRate|retentionRate
126614,University of Colorado Boulder,2017,20706.0,0.6881,19500.0,NA,0.7984,1293.0,28.0,12086.0,36220.0,0.159,0.285,0.8657,000000000000,netPrice|graduationRate|medianDebt|medianEarnings|admissionRate|satAverage|actMidpoint|tuitionInState|tuitionOutOfState|pellGrantRate|federalLoanRate|retentionRate
126614,University of Colorado Boulder,2018,21510.0,0.7077,19500.0,NA,0.8154,1281.0,28.0,12532.0,37286.0,0.1644,0.2792,0.8752,000000000000,netPrice|graduationRate|medianDebt|medianEarnings|admissionRate|satAverage|actMidpoint|tuitionInState|tuitionOutOfState|pellGrantRate|federalLoanRate|retentionRate
126614,University of Colorado Boulder,2019,21680.0,0.6906,19500.0,NA,0.7835,1276.0,28.0,12500.0,38318.0,0.1601,0.271,0.8681,000000000000,netPrice|graduationRate|medianDebt|medianEarnings|admissionRate|satAverage|actMidpoint|tuitionInState|tuitionOutOfState|pellGrantRate|federalLoanRate|retentionRate
126614,University of Colorado Boulder,2020,20967.0,0.7247,19500.0,69738.0,0.842,1268.0,28.0,12466.0,38284.0,0.1547,0.2634,0.8498,000000000000,netPrice|graduationRate|medianDebt|medianEarnings|admissionRate|satAverage|actMidpoint|tuitionInState|tuitionOutOfState|pellGrantRate|federalLoanRate|retentionRate
126614,University of Colorado Boulder,2021,21771.0,0.7404,NA,NA,0.7958,1292.0,28.0,12496.0,38314.0,0.153,0.2472,0.8738,000000000000,netPrice|graduationRate|medianDebt|medianEarnings|admissionRate|satAverage|actMidpoint|tuitionInState|tuitionOutOfState|pellGrantRate|federalLoanRate|retentionRate
126614,University of Colorado Boulder,2022,20971.0,0.7474,NA,NA,0.8073,1301.0,NA,13106.0,40356.0,0.1435,0.2324,0.8778,000000000000,netPrice|graduationRate|medianDebt|medianEarnings|admissionRate|satAverage|actMidpoint|tuitionInState|tuitionOutOfState|pellGrantRate|federalLoanRate|retentionRate
126614,University of Colorado Boulder,2023,NA,NA,NA,NA,NA,NA,NA,NA,NA,NA,NA,NA,000000000000,netPrice|graduationRate|medianDebt|medianEarnings|admissionRate|satAverage|actMidpoint|tuitionInState|tuitionOutOfState|pellGrantRate|federalLoanRate|retentionRate
126614,University of Colorado Boulder,2024,NA,NA,NA,NA,NA,NA,NA,NA,NA,NA,NA,NA,000000000000,netPrice|graduationRate|medianDebt|medianEarnings|admissionRate|satAverage|actMidpoint|tuitionInState|tuitionOutOfState|pellGrantRate|federalLoanRate|retentionRate
126818,Colorado State University-Fort Collins,2012,14519.0,0.6282,20000.0,44500.0,0.7471,1129.0,25.0,8649.0,24441.0,0.2552,0.4826,0.8413,000000000000,netPrice|graduationRate|medianDebt|medianEarnings|admissionRate|satAverage|actMidpoint|tuitionInState|tuitionOutOfState|pellGrantRate|federalLoanRate|retentionRate
126818,Colorado State University-Fort Collins,2013,15707.0,0.6383,20500.0,45000.0,0.7743,1127.0,25.0,9313.0,25166.0,0.2571,0.4739,0.8591,000000000000,netPrice|graduationRate|medianDebt|medianEarnings|admissionRate|satAverage|actMidpoint|tuitionInState|tuitionOutOfState|pellGrantRate|federalLoanRate|retentionRate
126818,Colorado State University-Fort Collins,2014,16526.0,0.6525,20590.0,47100.0,0.8048,1128.0,25.0,9897.0,26277.0,0.2489,0.4527,0.8504,000000000000,netPrice|graduationRate|medianDebt|medianEarnings|admissionRate|satAverage|actMidpoint|tuitionInState|tuitionOutOfState|pellGrantRate|federalLoanRate|retentionRate
126818,Colorado State University-Fort Collins,2015,16777.0,0.6659,21000.0,NA,0.8082,1145.0,25.0,10558.0,27267.0,0.2427,0.4477,0.8653,000000000000,netPrice|graduationRate|medianDebt|medianEarnings|admissionRate|satAverage|actMidpoint|tuitionInState|tuitionOutOfState|pellGrantRate|federalLoanRate|retentionRate
126818,Colorado State University-Fort Collins,2016,18318.0,0.6674,20502.0,NA,0.7796,1159.0,26.0,11052.0,28346.0,0.2379,0.4481,0.8628,000000000000,netPrice|graduationRate|medianDebt|medianEarnings|admissionRate|satAverage|actMidpoint|tuitionInState|tuitionOutOfState|pellGrantRate|federalLoanRate|retentionRate
126818,Colorado State University-Fort Collins,2017,18700.0,0.686,20500.0,NA,0.8262,1212.0,25.0,11395.0,28903.0,0.2272,0.4319,0.8178,000000000000,netPrice|graduationRate|medianDebt|medianEarnings|admissionRate|satAverage|actMidpoint|tuitionInState|tuitionOutOfState|pellGrantRate|federalLoanRate|retentionRate
126818,Colorado State University-Fort Collins,2018,19800.0,0.7115,20500.0,NA,0.8387,1197.0,26.0,11707.0,29608.0,0.2318,0.4215,0.8276,000000000000,netPrice|graduationRate|medianDebt|medianEarnings|admissionRate|satAverage|actMidpoint|tuitionInState|tuitionOutOfState|pellGrantRate|federalLoanRate|retentionRate
126818,Colorado State University-Fort Collins,2019,18668.0,0.6962,20500.0,NA,0.8135,1204.0,26.0,11901.0,30622.0,0.2322,0.3995,0.8421,000000000000,netPrice|graduationRate|medianDebt|medianEarnings|admissionRate|satAverage|actMidpoint|tuitionInState|tuitionOutOfState|pellGrantRate|federalLoanRate|retentionRate
126818,Colorado State University-Fort Collins,2020,18679.0,0.7021,20000.0,60543.0,0.8352,1199.0,26.0,11814.0,30535.0,0.2295,0.3818,0.8499,000000000000,netPrice|graduationRate|medianDebt|medianEarnings|admissionRate|satAverage|actMidpoint|tuitionInState|tuitionOutOfState|pellGrantRate|federalLoanRate|retentionRate
126818,Colorado State University-Fort Collins,2021,19016.0,0.6912,NA,NA,0.8964,1205.0,26.0,12331.0,31613.0,0.2128,0.3386,0.8563,000000000000,netPrice|graduationRate|medianDebt|medianEarnings|admissionRate|satAverage|actMidpoint|tuitionInState|tuitionOutOfState|pellGrantRate|federalLoanRate|retentionRate
126818,Colorado State University-Fort Collins,2022,18512.0,0.6662,NA,NA,0.9076,1199.0,NA,12874.0,32734.0,0.2124,0.3352,0.8626,000000000000,netPrice|graduationRate|medianDebt|medianEarnings|admissionRate|satAverage|actMidpoint|tuitionInState|tuitionOutOfState|pellGrantRate|federalLoanRate|retentionRate
126818,Colorado State University-Fort Collins,2023,NA,NA,NA,NA,NA,NA,NA,NA,NA,NA,NA,NA,000000000000,netPrice|graduationRate|medianDebt|medianEarnings|admissionRate|satAverage|actMidpoint|tuitionInState|tuitionOutOfState|pellGrantRate|federalLoanRate|retentionRate
126818,Colorado State University-Fort Collins,2024,NA,NA,NA,NA,NA,NA,NA,NA,NA,NA,NA,NA,000000000000,netPrice|graduationRate|medianDebt|medianEarnings|admissionRate|satAverage|actMidpoint|tuitionInState|tuitionOutOfState|pellGrantRate|federalLoanRate|retentionRate
127565,Metropolitan State University of Denver,2012,10231.0,0.2496,22500.0,38400.0,0.6301,971.0,21.0,5341.0,17022.0,0.3902,0.5212,0.651,000000000000,netPrice|graduationRate|medianDebt|medianEarnings|admissionRate|satAverage|actMidpoint|tuitionInState|tuitionOutOfState|pellGrantRate|federalLoanRate|retentionRate
127565,Metropolitan State University of Denver,2013,10586.0,0.2597,23242.5,38400.0,0.7116,973.0,21.0,5744.0,17837.0,0.3851,0.512,0.658,000000000000,netPrice|graduationRate|medianDebt|medianEarnings|admissionRate|satAverage|actMidpoint|tuitionInState|tuitionOutOfState|pellGrantRate|federalLoanRate|retentionRate
127565,Metropolitan State University of Denver,2014,10378.0,0.2414,24186.0,40200.0,0.6511,973.0,21.0,6070.0,18888.0,0.3778,0.4916,0.625,000000000000,netPrice|graduationRate|medianDebt|medianEarnings|admissionRate|satAverage|actMidpoint|tuitionInState|tuitionOutOfState|pellGrantRate|federalLoanRate|retentionRate
127565,Metropolitan State University of Denver,2015,9521.0,0.2506,23922.0,NA,0.6522,971.0,21.0,6420.0,20057.0,0.3717,0.4729,0.6986,000000000000,netPrice|graduationRate|medianDebt|medianEarnings|admissionRate|satAverage|actMidpoint|tuitionInState|tuitionOutOfState|pellGrantRate|federalLoanRate|retentionRate
127565,Metropolitan State University of Denver,2016,13270.0,0.2687,22877.5,NA,0.6387,951.0,20.0,6930.0,20096.0,0.3512,0.4528,0.6466,000000000000,netPrice|graduationRate|medianDebt|medianEarnings|admissionRate|satAverage|actMidpoint|tuitionInState|tuitionOutOfState|pellGrantRate|federalLoanRate|retentionRate
127565,Metropolitan State University of Denver,2017,13276.0,0.2829,22015.0,NA,0.6427,1010.0,20.0,7352.0,20149.0,0.3453,0.4385,0.6345,000000000000,netPrice|graduationRate|medianDebt|medianEarnings|admissionRate|satAverage|actMidpoint|tuitionInState|tuitionOutOfState|pellGrantRate|federalLoanRate|retentionRate
127565,Metropolitan State University of Denver,2018,16204.0,0.2816,21250.0,NA,0.5945,1016.0,20.0,7666.0,20847.0,0.3621,0.4247,0.6538,000000000000,netPrice|graduationRate|medianDebt|medianEarnings|admissionRate|satAverage|actMidpoint|tuitionInState|tuitionOutOfState|pellGrantRate|federalLoanRate|retentionRate
127565,Metropolitan State University of Denver,2019,14257.0,0.2801,21500.0,NA,0.613,1008.0,20.0,8151.0,21728.0,0.3568,0.3919,0.6667,000000000000,netPrice|graduationRate|medianDebt|medianEarnings|admissionRate|satAverage|actMidpoint|tuitionInState|tuitionOutOfState|pellGrantRate|federalLoanRate|retentionRate
127565,Metropolitan State University of Denver,2020,14313.0,0.3203,21500.0,52093.0,0.8333,973.0,17.0,8693.0,23967.0,0.3506,0.3912,0.6101,000000000000,netPrice|graduationRate|medianDebt|medianEarnings|admissionRate|satAverage|actMidpoint|tuitionInState|tuitionOutOfState|pellGrantRate|federalLoanRate|retentionRate
127565,Metropolitan State University of Denver,2021,13806.0,0.2976,NA,NA,0.8882,1037.0,21.0,10021.0,27502.0,0.3245,0.3385,0.6283,000000000000,netPrice|graduationRate|medianDebt|medianEarnings|admissionRate|satAverage|actMidpoint|tuitionInState|tuitionOutOfState|pellGrantRate|federalLoanRate|retentionRate
127565,Metropolitan State University of Denver,2022,15602.0,0.2898,NA,NA,0.9791,1025.0,NA,10260.0,28092.0,0.3323,0.3165,0.628,000000000000,netPrice|graduationRate|medianDebt|medianEarnings|admissionRate|satAverage|actMidpoint|tuitionInState|tuitionOutOfState|pellGrantRate|federalLoanRate|retentionRate
127565,Metropolitan State University of Denver,2023,NA,NA,NA,NA,NA,NA,NA,NA,NA,NA,NA,NA,000000000000,netPrice|graduationRate|medianDebt|medianEarnings|admissionRate|satAverage|actMidpoint|tuitionInState|tuitionOutOfState|pellGrantRate|federalLoanRate|retentionRate
127565,Metropolitan State University of Denver,2024,NA,NA,NA,NA,NA,NA,NA,NA,NA,NA,NA,NA,000000000000,netPrice|graduationRate|medianDebt|medianEarnings|admissionRate|satAverage|actMidpoint|tuitionInState|tuitionOutOfState|pellGrantRate|federalLoanRate|retentionRate
128771,Central Connecticut State University,2012,15832.0,0.5195,21500.0,44300.0,0.6396,1010.0,22.0,8321.0,19353.0,0.3153,0.5781,0.7587,000000000000,netPrice|graduationRate|medianDebt|medianEarnings|admissionRate|satAverage|actMidpoint|tuitionInState|tuitionOutOfState|pellGrantRate|federalLoanRate|retentionRate
128771,Central Connecticut State University,2013,15772.0,0.5191,21647.0,46000.0,0.6413,1006.0,22.0,8706.0,20211.0,0.3335,0.5918,0.7681,000000000000,netPrice|graduationRate|medianDebt|medianEarnings|admissionRate|satAverage|actMidpoint|tuitionInState|tuitionOutOfState|pellGrantRate|federalLoanRate|retentionRate
128771,Central Connecticut State University,2014,15643.0,0.5235,22500.0,47900.0,0.6044,1015.0,22.0,8877.0,20612.0,0.3464,0.5779,0.8028,000000000000,netPrice|graduationRate|medianDebt|medianEarnings|admissionRate|satAverage|actMidpoint|tuitionInState|tuitionOutOfState|pellGrantRate|federalLoanRate|retentionRate
128771,Central Connecticut State University,2015,17291.0,0.5732,22500.0,NA,0.5867,1011.0,22.0,9300.0,21570.0,0.3533,0.5742,0.7753,000000000000,netPrice|graduationRate|medianDebt|medianEarnings|admissionRate|satAverage|actMidpoint|tuitionInState|tuitionOutOfState|pellGrantRate|federalLoanRate|retentionRate
128771,Central Connecticut State University,2016,16576.0,0.5366,22000.0,NA,0.6001,1000.0,22.0,9741.0,22602.0,0.3568,0.5784,0.7765,000000000000,netPrice|graduationRate|medianDebt|medianEarnings|admissionRate|satAverage|actMidpoint|tuitionInState|tuitionOutOfState|pellGrantRate|federalLoanRate|retentionRate
128771,Central Connecticut State University,2017,17889.0,0.5209,22455.0,NA,0.6676,1071.0,22.0,10225.0,22914.0,0.344,0.5654,0.7645,000000000000,netPrice|graduationRate|medianDebt|medianEarnings|admissionRate|satAverage|actMidpoint|tuitionInState|tuitionOutOfState|pellGrantRate|federalLoanRate|retentionRate
128771,Central Connecticut State University,2018,16288.0,0.5136,21995.0,NA,0.6724,1076.0,22.0,10616.0,23124.0,0.3762,0.5641,0.7389,000000000000,netPrice|graduationRate|medianDebt|medianEarnings|admissionRate|satAverage|actMidpoint|tuitionInState|tuitionOutOfState|pellGrantRate|federalLoanRate|retentionRate
128771,Central Connecticut State University,2019,16158.0,0.5723,22000.0,NA,0.6563,1064.0,20.0,11068.0,24028.0,0.3816,0.5444,0.7208,000000000000,netPrice|graduationRate|medianDebt|medianEarnings|admissionRate|satAverage|actMidpoint|tuitionInState|tuitionOutOfState|pellGrantRate|federalLoanRate|retentionRate
128771,Central Connecticut State University,2020,16723.0,0.5207,22300.0,58562.0,0.6485,1062.0,22.0,11502.0,24906.0,0.3774,0.5245,0.7823,000000000000,netPrice|graduationRate|medianDebt|medianEarnings|admissionRate|satAverage|actMidpoint|tuitionInState|tuitionOutOfState|pellGrantRate|federalLoanRate|retentionRate
128771,Central Connecticut State University,2021,13434.0,0.5473,NA,NA,0.7483,1067.0,23.0,11542.0,24946.0,0.3649,0.4603,0.7232,000000000000,netPrice|graduationRate|medianDebt|medianEarnings|admissionRate|satAverage|actMidpoint|tuitionInState|tuitionOutOfState|pellGrantRate|federalLoanRate|retentionRate
128771,Central Connecticut State University,2022,16668.0,0.5347,NA,NA,0.7671,1061.0,NA,12106.0,24994.0,0.3579,0.4864,0.7653,000000000000,netPrice|graduationRate|medianDebt|medianEarnings|admissionRate|satAverage|actMidpoint|tuitionInState|tuitionOutOfState|pellGrantRate|federalLoanRate|retentionRate
128771,Central Connecticut State University,2023,NA,NA,NA,NA,NA,NA,NA,NA,NA,NA,NA,NA,000000000000,netPrice|graduationRate|medianDebt|medianEarnings|admissionRate|satAverage|actMidpoint|tuitionInState|tuitionOutOfState|pellGrantRate|federalLoanRate|retentionRate
128771,Central Connecticut State University,2024,NA,NA,NA,NA,NA,NA,NA,NA,NA,NA,NA,NA,000000000000,netPrice|graduationRate|medianDebt|medianEarnings|admissionRate|satAverage|actMidpoint|tuitionInState|tuitionOutOfState|pellGrantRate|federalLoanRate|retentionRate
129020,University of Connecticut,2012,17910.0,0.8191,20500.0,54000.0,0.4471,1238.0,28.0,11242.0,29074.0,0.2103,0.5165,0.9264,000000000000,netPrice|graduationRate|medianDebt|medianEarnings|admissionRate|satAverage|actMidpoint|tuitionInState|tuitionOutOfState|pellGrantRate|federalLoanRate|retentionRate
129020,University of Connecticut,2013,19431.0,0.8323,20745.0,55800.0,0.5366,1233.0,28.0,12022.0,30970.0,0.2088,0.5013,0.9392,000000000000,netPrice|graduationRate|medianDebt|medianEarnings|admissionRate|satAverage|actMidpoint|tuitionInState|tuitionOutOfState|pellGrantRate|federalLoanRate|retentionRate
129020,University of Connecticut,2014,20337.0,0.809,21100.0,58400.0,0.4996,1246.0,28.0,12700.0,32880.0,0.2066,0.4978,0.9344,000000000000,netPrice|graduationRate|medianDebt|medianEarnings|admissionRate|satAverage|actMidpoint|tuitionInState|tuitionOutOfState|pellGrantRate|federalLoanRate|retentionRate
129020,University of Connecticut,2015,20023.0,0.8309,21500.0,NA,0.5317,1250.0,29.0,13366.0,34908.0,0.212,0.4969,0.9195,000000000000,netPrice|graduationRate|medianDebt|medianEarnings|admissionRate|satAverage|actMidpoint|tuitionInState|tuitionOutOfState|pellGrantRate|federalLoanRate|retentionRate
129020,University of Connecticut,2016,21223.0,0.8215,21500.0,NA,0.488,1248.0,29.0,14066.0,35858.0,0.2052,0.4743,0.9207,000000000000,netPrice|graduationRate|medianDebt|medianEarnings|admissionRate|satAverage|actMidpoint|tuitionInState|tuitionOutOfState|pellGrantRate|federalLoanRate|retentionRate
129020,University of Connecticut,2017,20681.0,0.8285,21500.0,NA,0.4784,1313.0,29.0,14880.0,36948.0,0.2085,0.4712,0.9363,000000000000,netPrice|graduationRate|medianDebt|medianEarnings|admissionRate|satAverage|actMidpoint|tuitionInState|tuitionOutOfState|pellGrantRate|federalLoanRate|retentionRate
129020,University of Connecticut,2018,21588.0,0.8455,22000.0,NA,0.4877,1318.0,29.0,15730.0,38098.0,0.2194,0.4539,0.9306,000000000000,netPrice|graduationRate|medianDebt|medianEarnings|admissionRate|satAverage|actMidpoint|tuitionInState|tuitionOutOfState|pellGrantRate|federalLoanRate|retentionRate
129020,University of Connecticut,2019,22012.0,0.8444,21500.0,NA,0.4942,1312.0,29.0,17226.0,39894.0,0.2226,0.4382,0.9356,000000000000,netPrice|graduationRate|medianDebt|medianEarnings|admissionRate|satAverage|actMidpoint|tuitionInState|tuitionOutOfState|pellGrantRate|federalLoanRate|retentionRate
129020,University of Connecticut,2020,22974.0,0.8303,21500.0,73997.0,0.5609,1294.0,30.0,17834.0,40502.0,0.2239,0.4279,0.9299,000000000000,netPrice|graduationRate|medianDebt|medianEarnings|admissionRate|satAverage|actMidpoint|tuitionInState|tuitionOutOfState|pellGrantRate|federalLoanRate|retentionRate
129020,University of Connecticut,2021,21724.0,0.8308,NA,NA,0.556,1337.0,30.0,18524.0,41192.0,0.2302,0.3638,0.9164,000000000000,netPrice|graduationRate|medianDebt|medianEarnings|admissionRate|satAverage|actMidpoint|tuitionInState|tuitionOutOfState|pellGrantRate|federalLoanRate|retentionRate
129020,University of Connecticut,2022,23512.0,0.8318,NA,NA,0.5451,1340.0,NA,19434.0,42102.0,0.2406,0.3893,0.9095,000000000000,netPrice|graduationRate|medianDebt|medianEarnings|admissionRate|satAverage|actMidpoint|tuitionInState|tuitionOutOfState|pellGrantRate|federalLoanRate|retentionRate
129020,University of Connecticut,2023,NA,NA,NA,NA,NA,NA,NA,NA,NA,NA,NA,NA,000000000000,netPrice|graduationRate|medianDebt|medianEarnings|admissionRate|satAverage|actMidpoint|tuitionInState|tuitionOutOfState|pellGrantRate|federalLoanRate|retentionRate
129020,University of Connecticut,2024,NA,NA,NA,NA,NA,NA,NA,NA,NA,NA,NA,NA,000000000000,netPrice|graduationRate|medianDebt|medianEarnings|admissionRate|satAverage|actMidpoint|tuitionInState|tuitionOutOfState|pellGrantRate|federalLoanRate|retentionRate
130253,Sacred Heart University,2012,36805.0,0.6284,22750.0,53900.0,0.5373,1492.2039291626356,34.12098259340228,34030.0,34030.0,0.174,0.6238,0.8337,000001100000,netPrice|graduationRate|medianDebt|medianEarnings|admissionRate|satAverage|actMidpoint|tuitionInState|tuitionOutOfState|pellGrantRate|federalLoanRate|retentionRate
130253,Sacred Heart University,2013,35137.0,0.6977,24250.0,54300.0,0.7624,1512.227282430562,35.08272157631437,35050.0,35050.0,0.15,0.706,0.8104,000001100000,netPrice|graduationRate|medianDebt|medianEarnings|admissionRate|satAverage|actMidpoint|tuitionInState|tuitionOutOfState|pellGrantRate|federalLoanRate|retentionRate
130253,Sacred Heart University,2014,36796.0,0.6697,25000.0,56000.0,0.5715,1499.221923873683,33.884925570277076,35750.0,35750.0,0.1887,0.6206,0.8224,000001100000,netPrice|graduationRate|medianDebt|medianEarnings|admissionRate|satAverage|actMidpoint|tuitionInState|tuitionOutOfState|pellGrantRate|federalLoanRate|retentionRate
130253,Sacred Heart University,2015,37928.0,0.6351,25000.0,NA,0.5897,1529.129630936066,35.480958473820344,37170.0,37170.0,0.1837,0.6188,0.826,000001100000,netPrice|graduationRate|medianDebt|medianEarnings|admissionRate|satAverage|actMidpoint|tuitionInState|tuitionOutOfState|pellGrantRate|federalLoanRate|retentionRate
130253,Sacred Heart University,2016,38951.0,0.6047,25375.0,NA,0.5721,1542.8373570942092,35.699999446842924,38300.0,38300.0,0.1668,0.6106,0.8147,000001100000,netPrice|graduationRate|medianDebt|medianEarnings|admissionRate|satAverage|actMidpoint|tuitionInState|tuitionOutOfState|pellGrantRate|federalLoanRate|retentionRate
130253,Sacred Heart University,2017,39973.0,0.7245,25435.0,NA,0.6028,1591.7529955849568,36.0,39820.0,39820.0,0.1671,0.6083,0.8359,000001100000,netPrice|graduationRate|medianDebt|medianEarnings|admissionRate|satAverage|actMidpoint|tuitionInState|tuitionOutOfState|pellGrantRate|federalLoanRate|retentionRate
130253,Sacred Heart University,2018,41066.0,0.6983,25250.0,NA,0.6044,1575.5747437818532,36.0,41420.0,41420.0,0.1721,0.594,0.8327,000001100000,netPrice|graduationRate|medianDebt|medianEarnings|admissionRate|satAverage|actMidpoint|tuitionInState|tuitionOutOfState|pellGrantRate|federalLoanRate|retentionRate
130253,Sacred Heart University,2019,41191.0,0.7301,25561.0,NA,0.6392,1588.1225469373733,36.0,43070.0,43070.0,0.1927,0.608,0.8346,000001100000,netPrice|graduationRate|medianDebt|medianEarnings|admissionRate|satAverage|actMidpoint|tuitionInState|tuitionOutOfState|pellGrantRate|federalLoanRate|retentionRate
130253,Sacred Heart University,2020,42431.0,0.7256,25000.0,75059.0,0.6553,1600.0,36.0,44350.0,44350.0,0.171,0.5883,0.867,000001100000,netPrice|graduationRate|medianDebt|medianEarnings|admissionRate|satAverage|actMidpoint|tuitionInState|tuitionOutOfState|pellGrantRate|federalLoanRate|retentionRate
130253,Sacred Heart University,2021,43871.0,0.7349,NA,NA,0.6612,1600.0,36.0,45230.0,45230.0,0.1652,0.5777,0.8571,000001100000,netPrice|graduationRate|medianDebt|medianEarnings|admissionRate|satAverage|actMidpoint|tuitionInState|tuitionOutOfState|pellGrantRate|federalLoanRate|retentionRate
130253,Sacred Heart University,2022,44554.0,0.7292,NA,NA,0.6571,1600.0,NA,46580.0,46580.0,0.1591,0.5723,0.8461,000001000000,netPrice|graduationRate|medianDebt|medianEarnings|admissionRate|satAverage|actMidpoint|tuitionInState|tuitionOutOfState|pellGrantRate|federalLoanRate|retentionRate
130253,Sacred Heart University,2023,NA,NA,NA,NA,NA,NA,NA,NA,NA,NA,NA,NA,000000000000,netPrice|graduationRate|medianDebt|medianEarnings|admissionRate|satAverage|actMidpoint|tuitionInState|tuitionOutOfState|pellGrantRate|federalLoanRate|retentionRate
130253,Sacred Heart University,2024,NA,NA,NA,NA,NA,NA,NA,NA,NA,NA,NA,NA,000000000000,netPrice|graduationRate|medianDebt|medianEarnings|admissionRate|satAverage|actMidpoint|tuitionInState|tuitionOutOfState|pellGrantRate|federalLoanRate|retentionRate
130934,Delaware State University,2012,17741.0,0.3313,28500.0,33600.0,0.4265,870.0,18.0,7336.0,15692.0,0.5465,0.7727,0.6008,000000000000,netPrice|graduationRate|medianDebt|medianEarnings|admissionRate|satAverage|actMidpoint|tuitionInState|tuitionOutOfState|pellGrantRate|federalLoanRate|retentionRate
130934,Delaware State University,2013,15399.0,0.3717,28271.0,34300.0,0.4168,890.0,18.0,7336.0,15692.0,0.5034,0.7236,0.6523,000000000000,netPrice|graduationRate|medianDebt|medianEarnings|admissionRate|satAverage|actMidpoint|tuitionInState|tuitionOutOfState|pellGrantRate|federalLoanRate|retentionRate
130934,Delaware State University,2014,15655.0,0.4258,28500.0,35800.0,0.4374,894.0,19.0,7336.0,15692.0,0.4846,0.7084,0.6891,000000000000,netPrice|graduationRate|medianDebt|medianEarnings|admissionRate|satAverage|actMidpoint|tuitionInState|tuitionOutOfState|pellGrantRate|federalLoanRate|retentionRate
130934,Delaware State University,2015,16099.0,0.4195,28500.0,NA,0.4443,892.0,19.0,7531.0,16138.0,0.4715,0.6523,0.721,000000000000,netPrice|graduationRate|medianDebt|medianEarnings|admissionRate|satAverage|actMidpoint|tuitionInState|tuitionOutOfState|pellGrantRate|federalLoanRate|retentionRate
130934,Delaware State University,2016,12844.0,0.4262,28375.0,NA,0.4065,898.0,19.0,7532.0,16138.0,0.5098,0.6964,0.7272,000000000000,netPrice|graduationRate|medianDebt|medianEarnings|admissionRate|satAverage|actMidpoint|tuitionInState|tuitionOutOfState|pellGrantRate|federalLoanRate|retentionRate
130934,Delaware State University,2017,13014.0,0.3672,27000.0,NA,0.4518,918.0,19.0,7868.0,16904.0,0.4931,0.6734,0.7067,000000000000,netPrice|graduationRate|medianDebt|medianEarnings|admissionRate|satAverage|actMidpoint|tuitionInState|tuitionOutOfState|pellGrantRate|federalLoanRate|retentionRate
130934,Delaware State University,2018,13789.0,0.4008,26000.0,NA,0.4917,938.0,20.0,7868.0,16904.0,0.5119,0.657,0.7242,000000000000,netPrice|graduationRate|medianDebt|medianEarnings|admissionRate|satAverage|actMidpoint|tuitionInState|tuitionOutOfState|pellGrantRate|federalLoanRate|retentionRate
130934,Delaware State University,2019,12995.0,0.4157,26000.0,NA,0.5277,932.0,19.0,8258.0,17294.0,0.4888,0.6616,0.7045,000000000000,netPrice|graduationRate|medianDebt|medianEarnings|admissionRate|satAverage|actMidpoint|tuitionInState|tuitionOutOfState|pellGrantRate|federalLoanRate|retentionRate
130934,Delaware State University,2020,14866.0,0.4806,26000.0,49307.0,0.3934,923.0,20.0,8358.0,18280.0,0.4709,0.6139,0.7389,000000000000,netPrice|graduationRate|medianDebt|medianEarnings|admissionRate|satAverage|actMidpoint|tuitionInState|tuitionOutOfState|pellGrantRate|federalLoanRate|retentionRate
130934,Delaware State University,2021,11626.0,0.4701,NA,NA,0.5884,978.1012893810811,19.37790986234257,8358.0,18280.0,0.4408,0.4926,0.751,000001100000,netPrice|graduationRate|medianDebt|medianEarnings|admissionRate|satAverage|actMidpoint|tuitionInState|tuitionOutOfState|pellGrantRate|federalLoanRate|retentionRate
130934,Delaware State University,2022,12544.0,0.4548,NA,NA,0.5492,939.0,NA,8358.0,18280.0,0.4574,0.5208,0.7514,000000000000,netPrice|graduationRate|medianDebt|medianEarnings|admissionRate|satAverage|actMidpoint|tuitionInState|tuitionOutOfState|pellGrantRate|federalLoanRate|retentionRate
130934,Delaware State University,2023,NA,NA,NA,NA,NA,NA,NA,NA,NA,NA,NA,NA,000000000000,netPrice|graduationRate|medianDebt|medianEarnings|admissionRate|satAverage|actMidpoint|tuitionInState|tuitionOutOfState|pellGrantRate|federalLoanRate|retentionRate
130934,Delaware State University,2024,NA,NA,NA,NA,NA,NA,NA,NA,NA,NA,NA,NA,000000000000,netPrice|graduationRate|medianDebt|medianEarnings|admissionRate|satAverage|actMidpoint|tuitionInState|tuitionOutOfState|pellGrantRate|federalLoanRate|retentionRate
130943,University of Delaware,2012,15707.0,0.8198,23130.0,54900.0,0.5942,1185.0,26.0,11682.0,28772.0,0.1111,0.4679,0.9198,000000000000,netPrice|graduationRate|medianDebt|medianEarnings|admissionRate|satAverage|actMidpoint|tuitionInState|tuitionOutOfState|pellGrantRate|federalLoanRate|retentionRate
130943,University of Delaware,2013,15998.0,0.8001,23500.0,55100.0,0.6468,1178.0,27.0,12112.0,29932.0,0.1192,0.4917,0.9191,000000000000,netPrice|graduationRate|medianDebt|medianEarnings|admissionRate|satAverage|actMidpoint|tuitionInState|tuitionOutOfState|pellGrantRate|federalLoanRate|retentionRate
130943,University of Delaware,2014,16178.0,0.7898,23977.0,57000.0,0.6783,1194.0,27.0,12342.0,30692.0,0.1359,0.5156,0.9149,000000000000,netPrice|graduationRate|medianDebt|medianEarnings|admissionRate|satAverage|actMidpoint|tuitionInState|tuitionOutOfState|pellGrantRate|federalLoanRate|retentionRate
130943,University of Delaware,2015,15992.0,0.7884,24000.0,NA,0.6659,1198.0,27.0,12520.0,31420.0,0.1398,0.5213,0.9239,000000000000,netPrice|graduationRate|medianDebt|medianEarnings|admissionRate|satAverage|actMidpoint|tuitionInState|tuitionOutOfState|pellGrantRate|federalLoanRate|retentionRate
130943,University of Delaware,2016,16736.0,0.8139,24250.0,NA,0.695,1170.0,26.0,12830.0,32250.0,0.1387,0.5118,0.915,000000000000,netPrice|graduationRate|medianDebt|medianEarnings|admissionRate|satAverage|actMidpoint|tuitionInState|tuitionOutOfState|pellGrantRate|federalLoanRate|retentionRate
130943,University of Delaware,2017,16892.0,0.8235,24388.0,NA,0.6289,1250.0,27.0,13160.0,33150.0,0.1282,0.4645,0.9128,000000000000,netPrice|graduationRate|medianDebt|medianEarnings|admissionRate|satAverage|actMidpoint|tuitionInState|tuitionOutOfState|pellGrantRate|federalLoanRate|retentionRate
130943,University of Delaware,2018,16127.0,0.8136,24660.0,NA,0.6639,1267.0,28.0,13680.0,34310.0,0.1362,0.4702,0.9013,000000000000,netPrice|graduationRate|medianDebt|medianEarnings|admissionRate|satAverage|actMidpoint|tuitionInState|tuitionOutOfState|pellGrantRate|federalLoanRate|retentionRate
130943,University of Delaware,2019,17220.0,0.8066,24572.0,NA,0.7136,1261.0,27.0,14280.0,35710.0,0.1366,0.4625,0.9118,000000000000,netPrice|graduationRate|medianDebt|medianEarnings|admissionRate|satAverage|actMidpoint|tuitionInState|tuitionOutOfState|pellGrantRate|federalLoanRate|retentionRate
130943,University of Delaware,2020,18967.0,0.8249,24572.0,72950.0,0.6599,1254.0,28.0,14660.0,36090.0,0.1477,0.4679,0.897,000000000000,netPrice|graduationRate|medianDebt|medianEarnings|admissionRate|satAverage|actMidpoint|tuitionInState|tuitionOutOfState|pellGrantRate|federalLoanRate|retentionRate
130943,University of Delaware,2021,18313.0,0.8228,NA,NA,0.7235,1260.0,29.0,15020.0,36880.0,0.1497,0.4471,0.9148,000000000000,netPrice|graduationRate|medianDebt|medianEarnings|admissionRate|satAverage|actMidpoint|tuitionInState|tuitionOutOfState|pellGrantRate|federalLoanRate|retentionRate
130943,University of Delaware,2022,17713.0,0.7961,NA,NA,0.7381,1290.0,NA,15410.0,37930.0,0.1563,0.4756,0.9093,000000000000,netPrice|graduationRate|medianDebt|medianEarnings|admissionRate|satAverage|actMidpoint|tuitionInState|tuitionOutOfState|pellGrantRate|federalLoanRate|retentionRate
130943,University of Delaware,2023,NA,NA,NA,NA,NA,NA,NA,NA,NA,NA,NA,NA,000000000000,netPrice|graduationRate|medianDebt|medianEarnings|admissionRate|satAverage|actMidpoint|tuitionInState|tuitionOutOfState|pellGrantRate|federalLoanRate|retentionRate
130943,University of Delaware,2024,NA,NA,NA,NA,NA,NA,NA,NA,NA,NA,NA,NA,000000000000,netPrice|graduationRate|medianDebt|medianEarnings|admissionRate|satAverage|actMidpoint|tuitionInState|tuitionOutOfState|pellGrantRate|federalLoanRate|retentionRate
130989,Goldey-Beacom College,2012,19506.0,0.415,20125.0,40000.0,0.537,828.3861078571781,16.979972976014892,21120.0,21120.0,0.3479,0.5648,0.7037,000001100000,netPrice|graduationRate|medianDebt|medianEarnings|admissionRate|satAverage|actMidpoint|tuitionInState|tuitionOutOfState|pellGrantRate|federalLoanRate|retentionRate
130989,Goldey-Beacom College,2013,19510.0,0.4255,20500.0,39700.0,0.5231,814.9277692707601,16.214238818510978,22140.0,22140.0,0.3149,0.568,0.5506,000001100000,netPrice|graduationRate|medianDebt|medianEarnings|admissionRate|satAverage|actMidpoint|tuitionInState|tuitionOutOfState|pellGrantRate|federalLoanRate|retentionRate
130989,Goldey-Beacom College,2014,19000.0,0.4667,21018.0,44500.0,0.5095,833.89760499409,17.38239197468603,22500.0,22500.0,0.3755,0.6494,0.7634,000001100000,netPrice|graduationRate|medianDebt|medianEarnings|admissionRate|satAverage|actMidpoint|tuitionInState|tuitionOutOfState|pellGrantRate|federalLoanRate|retentionRate
130989,Goldey-Beacom College,2015,14394.0,0.5385,23327.0,NA,0.4419,823.6848426430391,16.674937332855194,22950.0,22950.0,0.3417,0.4696,0.7025,000001100000,netPrice|graduationRate|medianDebt|medianEarnings|admissionRate|satAverage|actMidpoint|tuitionInState|tuitionOutOfState|pellGrantRate|federalLoanRate|retentionRate
130989,Goldey-Beacom College,2016,15021.0,0.6762,21750.0,NA,0.5808,822.9543878837507,16.76473012639366,23400.0,23400.0,0.3917,0.4857,0.6975,000001100000,netPrice|graduationRate|medianDebt|medianEarnings|admissionRate|satAverage|actMidpoint|tuitionInState|tuitionOutOfState|pellGrantRate|federalLoanRate|retentionRate
130989,Goldey-Beacom College,2017,14222.0,0.3704,19500.0,NA,0.5177,891.9769868734467,16.637368434120553,23850.0,23850.0,0.3642,0.4884,0.8165,000001100000,netPrice|graduationRate|medianDebt|medianEarnings|admissionRate|satAverage|actMidpoint|tuitionInState|tuitionOutOfState|pellGrantRate|federalLoanRate|retentionRate
130989,Goldey-Beacom College,2018,14065.0,0.4222,19306.0,NA,0.5323,902.7755767432093,16.414332491717044,24300.0,24300.0,0.4054,0.4607,0.7484,000001100000,netPrice|graduationRate|medianDebt|medianEarnings|admissionRate|satAverage|actMidpoint|tuitionInState|tuitionOutOfState|pellGrantRate|federalLoanRate|retentionRate
130989,Goldey-Beacom College,2019,14504.0,0.5806,19173.0,NA,0.5668,905.9104466579181,16.104962206921645,24780.0,24780.0,0.4371,0.4493,0.7027,000001100000,netPrice|graduationRate|medianDebt|medianEarnings|admissionRate|satAverage|actMidpoint|tuitionInState|tuitionOutOfState|pellGrantRate|federalLoanRate|retentionRate
130989,Goldey-Beacom College,2020,17375.0,0.5125,18900.0,59892.0,0.5521,891.8113136432258,16.703336357074754,25500.0,25500.0,0.4378,0.4473,0.7628,000001100000,netPrice|graduationRate|medianDebt|medianEarnings|admissionRate|satAverage|actMidpoint|tuitionInState|tuitionOutOfState|pellGrantRate|federalLoanRate|retentionRate
130989,Goldey-Beacom College,2021,13206.0,0.5546,NA,NA,0.6288,912.9728508890573,17.435016195208455,12750.0,12750.0,0.3861,0.3802,0.8214,000001100000,netPrice|graduationRate|medianDebt|medianEarnings|admissionRate|satAverage|actMidpoint|tuitionInState|tuitionOutOfState|pellGrantRate|federalLoanRate|retentionRate
130989,Goldey-Beacom College,2022,19276.0,0.6709,NA,NA,0.6272,913.8068009975651,NA,13050.0,13050.0,0.3979,0.389,0.7154,000001000000,netPrice|graduationRate|medianDebt|medianEarnings|admissionRate|satAverage|actMidpoint|tuitionInState|tuitionOutOfState|pellGrantRate|federalLoanRate|retentionRate
130989,Goldey-Beacom College,2023,NA,NA,NA,NA,NA,NA,NA,NA,NA,NA,NA,NA,000000000000,netPrice|graduationRate|medianDebt|medianEarnings|admissionRate|satAverage|actMidpoint|tuitionInState|tuitionOutOfState|pellGrantRate|federalLoanRate|retentionRate
130989,Goldey-Beacom College,2024,NA,NA,NA,NA,NA,NA,NA,NA,NA,NA,NA,NA,000000000000,netPrice|graduationRate|medianDebt|medianEarnings|admissionRate|satAverage|actMidpoint|tuitionInState|tuitionOutOfState|pellGrantRate|federalLoanRate|retentionRate
132903,University of Central Florida,2012,12434.0,0.6505,16272.5,42900.0,0.4624,1182.0,26.0,6247.0,22345.0,0.3626,0.4373,0.8775,000000000000,netPrice|graduationRate|medianDebt|medianEarnings|admissionRate|satAverage|actMidpoint|tuitionInState|tuitionOutOfState|pellGrantRate|federalLoanRate|retentionRate
132903,University of Central Florida,2013,14048.0,0.6724,17450.0,43300.0,0.4894,1175.0,26.0,6317.0,22416.0,0.3771,0.4547,0.8711,000000000000,netPrice|graduationRate|medianDebt|medianEarnings|admissionRate|satAverage|actMidpoint|tuitionInState|tuitionOutOfState|pellGrantRate|federalLoanRate|retentionRate
132903,University of Central Florida,2014,13724.0,0.697,17883.0,45400.0,0.4961,1185.0,26.0,6368.0,22467.0,0.3814,0.45,0.875,000000000000,netPrice|graduationRate|medianDebt|medianEarnings|admissionRate|satAverage|actMidpoint|tuitionInState|tuitionOutOfState|pellGrantRate|federalLoanRate|retentionRate
132903,University of Central Florida,2015,14221.0,0.7039,18114.0,NA,0.4857,1179.0,26.0,6368.0,22467.0,0.3858,0.4409,0.8913,000000000000,netPrice|graduationRate|medianDebt|medianEarnings|admissionRate|satAverage|actMidpoint|tuitionInState|tuitionOutOfState|pellGrantRate|federalLoanRate|retentionRate
132903,University of Central Florida,2016,15409.0,0.6886,18130.0,NA,0.4999,1179.0,26.0,6368.0,22467.0,0.3833,0.4297,0.888,000000000000,netPrice|graduationRate|medianDebt|medianEarnings|admissionRate|satAverage|actMidpoint|tuitionInState|tuitionOutOfState|pellGrantRate|federalLoanRate|retentionRate
132903,University of Central Florida,2017,15286.0,0.7001,18750.0,NA,0.499,1249.0,27.0,6368.0,22467.0,0.3809,0.4215,0.8956,000000000000,netPrice|graduationRate|medianDebt|medianEarnings|admissionRate|satAverage|actMidpoint|tuitionInState|tuitionOutOfState|pellGrantRate|federalLoanRate|retentionRate
132903,University of Central Florida,2018,12733.0,0.7254,18750.0,NA,0.4253,1261.0,27.0,6368.0,22467.0,0.3901,0.3906,0.9038,000000000000,netPrice|graduationRate|medianDebt|medianEarnings|admissionRate|satAverage|actMidpoint|tuitionInState|tuitionOutOfState|pellGrantRate|federalLoanRate|retentionRate
132903,University of Central Florida,2019,10274.0,0.7228,18635.0,NA,0.4436,1264.0,28.0,6368.0,22467.0,0.3764,0.3521,0.9148,000000000000,netPrice|graduationRate|medianDebt|medianEarnings|admissionRate|satAverage|actMidpoint|tuitionInState|tuitionOutOfState|pellGrantRate|federalLoanRate|retentionRate
132903,University of Central Florida,2020,8618.0,0.74,18190.0,58308.0,0.4517,1261.0,28.0,6368.0,22467.0,0.3617,0.314,0.9215,000000000000,netPrice|graduationRate|medianDebt|medianEarnings|admissionRate|satAverage|actMidpoint|tuitionInState|tuitionOutOfState|pellGrantRate|federalLoanRate|retentionRate
132903,University of Central Florida,2021,9217.0,0.7494,NA,NA,0.3637,1271.0,28.0,6368.0,22467.0,0.3466,0.2626,0.9185,000000000000,netPrice|graduationRate|medianDebt|medianEarnings|admissionRate|satAverage|actMidpoint|tuitionInState|tuitionOutOfState|pellGrantRate|federalLoanRate|retentionRate
132903,University of Central Florida,2022,9949.0,0.7558,NA,NA,0.4104,1281.0,NA,6368.0,22467.0,0.3435,0.2453,0.9299,000000000000,netPrice|graduationRate|medianDebt|medianEarnings|admissionRate|satAverage|actMidpoint|tuitionInState|tuitionOutOfState|pellGrantRate|federalLoanRate|retentionRate
132903,University of Central Florida,2023,NA,NA,NA,NA,NA,NA,NA,NA,NA,NA,NA,NA,000000000000,netPrice|graduationRate|medianDebt|medianEarnings|admissionRate|satAverage|actMidpoint|tuitionInState|tuitionOutOfState|pellGrantRate|federalLoanRate|retentionRate
132903,University of Central Florida,2024,NA,NA,NA,NA,NA,NA,NA,NA,NA,NA,NA,NA,000000000000,netPrice|graduationRate|medianDebt|medianEarnings|admissionRate|satAverage|actMidpoint|tuitionInState|tuitionOutOfState|pellGrantRate|federalLoanRate|retentionRate
133951,Florida International University,2012,11719.0,0.4883,13909.0,43700.0,0.4046,1141.0,25.0,6417.0,18816.0,0.5914,0.4938,0.8192,000000000000,netPrice|graduationRate|medianDebt|medianEarnings|admissionRate|satAverage|actMidpoint|tuitionInState|tuitionOutOfState|pellGrantRate|federalLoanRate|retentionRate
133951,Florida International University,2013,12266.0,0.5161,15250.0,44200.0,0.531,1096.0,24.0,6496.0,18895.0,0.5809,0.456,0.8354,000000000000,netPrice|graduationRate|medianDebt|medianEarnings|admissionRate|satAverage|actMidpoint|tuitionInState|tuitionOutOfState|pellGrantRate|federalLoanRate|retentionRate
133951,Florida International University,2014,11845.0,0.5419,16500.0,46300.0,0.5278,1089.0,24.0,6497.0,18895.0,0.5642,0.4628,0.8424,000000000000,netPrice|graduationRate|medianDebt|medianEarnings|admissionRate|satAverage|actMidpoint|tuitionInState|tuitionOutOfState|pellGrantRate|federalLoanRate|retentionRate
133951,Florida International University,2015,12427.0,0.5784,16750.0,NA,0.504,1090.0,24.0,6556.0,18954.0,0.5526,0.6441,0.8753,000000000000,netPrice|graduationRate|medianDebt|medianEarnings|admissionRate|satAverage|actMidpoint|tuitionInState|tuitionOutOfState|pellGrantRate|federalLoanRate|retentionRate
133951,Florida International University,2016,13398.0,0.5616,17250.0,NA,0.5007,1130.0,25.0,6556.0,18954.0,0.55,0.4512,0.8798,000000000000,netPrice|graduationRate|medianDebt|medianEarnings|admissionRate|satAverage|actMidpoint|tuitionInState|tuitionOutOfState|pellGrantRate|federalLoanRate|retentionRate
133951,Florida International University,2017,12503.0,0.5662,18000.0,NA,0.5407,1172.0,25.0,6556.0,18954.0,0.4884,0.3881,0.8841,000000000000,netPrice|graduationRate|medianDebt|medianEarnings|admissionRate|satAverage|actMidpoint|tuitionInState|tuitionOutOfState|pellGrantRate|federalLoanRate|retentionRate
133951,Florida International University,2018,8311.0,0.5781,17500.0,NA,0.5856,1185.0,25.0,6556.0,18954.0,0.4997,0.3413,0.9017,000000000000,netPrice|graduationRate|medianDebt|medianEarnings|admissionRate|satAverage|actMidpoint|tuitionInState|tuitionOutOfState|pellGrantRate|federalLoanRate|retentionRate
133951,Florida International University,2019,7296.0,0.6259,17418.0,NA,0.5751,1198.0,26.0,6565.0,18963.0,0.4815,0.2933,0.8914,000000000000,netPrice|graduationRate|medianDebt|medianEarnings|admissionRate|satAverage|actMidpoint|tuitionInState|tuitionOutOfState|pellGrantRate|federalLoanRate|retentionRate
133951,Florida International University,2020,5298.0,0.6698,16500.0,60249.0,0.5788,1190.0,26.0,6565.0,18963.0,0.4766,0.2627,0.9106,000000000000,netPrice|graduationRate|medianDebt|medianEarnings|admissionRate|satAverage|actMidpoint|tuitionInState|tuitionOutOfState|pellGrantRate|federalLoanRate|retentionRate
133951,Florida International University,2021,6232.0,0.6708,NA,NA,0.6401,1155.0,24.0,6565.0,18963.0,0.4677,0.3745,0.9019,000000000000,netPrice|graduationRate|medianDebt|medianEarnings|admissionRate|satAverage|actMidpoint|tuitionInState|tuitionOutOfState|pellGrantRate|federalLoanRate|retentionRate
133951,Florida International University,2022,8722.0,0.6918,NA,NA,0.6386,1154.0,NA,6565.0,18963.0,0.5288,0.2131,0.9056,000000000000,netPrice|graduationRate|medianDebt|medianEarnings|admissionRate|satAverage|actMidpoint|tuitionInState|tuitionOutOfState|pellGrantRate|federalLoanRate|retentionRate
133951,Florida International University,2023,NA,NA,NA,NA,NA,NA,NA,NA,NA,NA,NA,NA,000000000000,netPrice|graduationRate|medianDebt|medianEarnings|admissionRate|satAverage|actMidpoint|tuitionInState|tuitionOutOfState|pellGrantRate|federalLoanRate|retentionRate
133951,Florida International University,2024,NA,NA,NA,NA,NA,NA,NA,NA,NA,NA,NA,NA,000000000000,netPrice|graduationRate|medianDebt|medianEarnings|admissionRate|satAverage|actMidpoint|tuitionInState|tuitionOutOfState|pellGrantRate|federalLoanRate|retentionRate
137351,University of South Florida,2012,11421.0,0.5655,17750.0,41000.0,0.4321,1168.0,26.0,6334.0,16257.0,0.4272,0.4849,0.8951,000000000000,netPrice|graduationRate|medianDebt|medianEarnings|admissionRate|satAverage|actMidpoint|tuitionInState|tuitionOutOfState|pellGrantRate|federalLoanRate|retentionRate
137351,University of South Florida,2013,10298.0,0.6321,18750.0,41800.0,0.4524,1168.0,26.0,6410.0,17324.0,0.4127,0.4783,0.8878,000000000000,netPrice|graduationRate|medianDebt|medianEarnings|admissionRate|satAverage|actMidpoint|tuitionInState|tuitionOutOfState|pellGrantRate|federalLoanRate|retentionRate
137351,University of South Florida,2014,10027.0,0.6719,19000.0,43500.0,0.5316,1162.0,26.0,6410.0,17324.0,0.4186,0.4781,0.8863,000000000000,netPrice|graduationRate|medianDebt|medianEarnings|admissionRate|satAverage|actMidpoint|tuitionInState|tuitionOutOfState|pellGrantRate|federalLoanRate|retentionRate
137351,University of South Florida,2015,11232.0,0.6844,18875.0,NA,0.4464,1177.0,26.0,6410.0,17324.0,0.407,0.4611,0.8818,000000000000,netPrice|graduationRate|medianDebt|medianEarnings|admissionRate|satAverage|actMidpoint|tuitionInState|tuitionOutOfState|pellGrantRate|federalLoanRate|retentionRate
137351,University of South Florida,2016,11249.0,0.6749,18750.0,NA,0.4663,1172.0,26.0,6410.0,17324.0,0.3941,0.4495,0.8992,000000000000,netPrice|graduationRate|medianDebt|medianEarnings|admissionRate|satAverage|actMidpoint|tuitionInState|tuitionOutOfState|pellGrantRate|federalLoanRate|retentionRate
137351,University of South Florida,2017,11700.0,0.7092,18750.0,NA,0.4536,1246.0,27.0,6410.0,17324.0,0.3751,0.4302,0.9021,000000000000,netPrice|graduationRate|medianDebt|medianEarnings|admissionRate|satAverage|actMidpoint|tuitionInState|tuitionOutOfState|pellGrantRate|federalLoanRate|retentionRate
137351,University of South Florida,2018,9838.0,0.7344,18750.0,NA,0.4263,1265.0,28.0,6410.0,17324.0,0.3758,0.3859,0.9133,000000000000,netPrice|graduationRate|medianDebt|medianEarnings|admissionRate|satAverage|actMidpoint|tuitionInState|tuitionOutOfState|pellGrantRate|federalLoanRate|retentionRate
137351,University of South Florida,2019,8355.0,0.7508,18341.0,NA,0.4763,1263.0,28.0,6410.0,17324.0,0.3596,0.3467,0.9137,000000000000,netPrice|graduationRate|medianDebt|medianEarnings|admissionRate|satAverage|actMidpoint|tuitionInState|tuitionOutOfState|pellGrantRate|federalLoanRate|retentionRate
137351,University of South Florida,2020,8346.0,0.7366,17988.0,57743.0,0.4924,1256.0,28.0,6410.0,17324.0,0.3433,0.3079,0.9181,000000000000,netPrice|graduationRate|medianDebt|medianEarnings|admissionRate|satAverage|actMidpoint|tuitionInState|tuitionOutOfState|pellGrantRate|federalLoanRate|retentionRate
137351,University of South Florida,2021,8318.0,0.7463,NA,NA,0.4938,1245.0,27.0,6410.0,17324.0,0.3196,0.2504,0.8951,000000000000,netPrice|graduationRate|medianDebt|medianEarnings|admissionRate|satAverage|actMidpoint|tuitionInState|tuitionOutOfState|pellGrantRate|federalLoanRate|retentionRate
137351,University of South Florida,2022,9203.0,0.7412,NA,NA,0.4393,1235.0,NA,6410.0,17324.0,0.3155,0.2457,0.8957,000000000000,netPrice|graduationRate|medianDebt|medianEarnings|admissionRate|satAverage|actMidpoint|tuitionInState|tuitionOutOfState|pellGrantRate|federalLoanRate|retentionRate
137351,University of South Florida,2023,NA,NA,NA,NA,NA,NA,NA,NA,NA,NA,NA,NA,000000000000,netPrice|graduationRate|medianDebt|medianEarnings|admissionRate|satAverage|actMidpoint|tuitionInState|tuitionOutOfState|pellGrantRate|federalLoanRate|retentionRate
137351,University of South Florida,2024,NA,NA,NA,NA,NA,NA,NA,NA,NA,NA,NA,NA,000000000000,netPrice|graduationRate|medianDebt|medianEarnings|admissionRate|satAverage|actMidpoint|tuitionInState|tuitionOutOfState|pellGrantRate|federalLoanRate|retentionRate
138558,Abraham Baldwin Agricultural College,2012,7691.0,0.1668,12125.0,32000.0,0.6896,655.0,15.0,3279.0,9413.0,0.5114,0.4554,0.527,000000000000,netPrice|graduationRate|medianDebt|medianEarnings|admissionRate|satAverage|actMidpoint|tuitionInState|tuitionOutOfState|pellGrantRate|federalLoanRate|retentionRate
138558,Abraham Baldwin Agricultural College,2013,9477.0,0.1581,7475.0,31500.0,0.709,897.0,19.0,3848.0,11516.0,0.4609,0.4247,0.604,000000000000,netPrice|graduationRate|medianDebt|medianEarnings|admissionRate|satAverage|actMidpoint|tuitionInState|tuitionOutOfState|pellGrantRate|federalLoanRate|retentionRate
138558,Abraham Baldwin Agricultural College,2014,6953.0,0.1618,8225.5,32900.0,0.7726,927.0,20.0,3394.0,9839.0,0.4629,0.4493,0.5946,000000000000,netPrice|graduationRate|medianDebt|medianEarnings|admissionRate|satAverage|actMidpoint|tuitionInState|tuitionOutOfState|pellGrantRate|federalLoanRate|retentionRate
138558,Abraham Baldwin Agricultural College,2015,8367.0,0.1786,16323.5,NA,0.7731,933.0,20.0,3453.0,10060.0,0.4586,0.4485,0.6116,000000000000,netPrice|graduationRate|medianDebt|medianEarnings|admissionRate|satAverage|actMidpoint|tuitionInState|tuitionOutOfState|pellGrantRate|federalLoanRate|retentionRate
138558,Abraham Baldwin Agricultural College,2016,8334.0,0.2092,14681.5,NA,0.6561,932.0,20.0,3453.0,10060.0,0.4324,0.4315,0.6387,000000000000,netPrice|graduationRate|medianDebt|medianEarnings|admissionRate|satAverage|actMidpoint|tuitionInState|tuitionOutOfState|pellGrantRate|federalLoanRate|retentionRate
138558,Abraham Baldwin Agricultural College,2017,8251.0,0.2282,15550.0,NA,0.7021,1013.0,20.0,3503.0,10241.0,0.3942,0.4184,0.659,000000000000,netPrice|graduationRate|medianDebt|medianEarnings|admissionRate|satAverage|actMidpoint|tuitionInState|tuitionOutOfState|pellGrantRate|federalLoanRate|retentionRate
138558,Abraham Baldwin Agricultural College,2018,7964.0,0.2199,16500.0,NA,0.6894,1032.0,20.0,3503.0,10241.0,0.4529,0.384,0.6352,000000000000,netPrice|graduationRate|medianDebt|medianEarnings|admissionRate|satAverage|actMidpoint|tuitionInState|tuitionOutOfState|pellGrantRate|federalLoanRate|retentionRate
138558,Abraham Baldwin Agricultural College,2019,6933.0,0.261,17500.0,NA,0.7342,1029.0,20.0,3565.0,10471.0,0.3964,0.3496,0.6346,000000000000,netPrice|graduationRate|medianDebt|medianEarnings|admissionRate|satAverage|actMidpoint|tuitionInState|tuitionOutOfState|pellGrantRate|federalLoanRate|retentionRate
138558,Abraham Baldwin Agricultural College,2020,7545.0,0.2915,16750.0,34996.0,0.7599,1000.0,19.0,3565.0,10471.0,0.3891,0.3563,0.7411,000000000000,netPrice|graduationRate|medianDebt|medianEarnings|admissionRate|satAverage|actMidpoint|tuitionInState|tuitionOutOfState|pellGrantRate|federalLoanRate|retentionRate
138558,Abraham Baldwin Agricultural College,2021,7203.0,0.3098,NA,NA,0.7536,1026.0,19.0,3565.0,10471.0,0.3712,0.3115,0.6515,000000000000,netPrice|graduationRate|medianDebt|medianEarnings|admissionRate|satAverage|actMidpoint|tuitionInState|tuitionOutOfState|pellGrantRate|federalLoanRate|retentionRate
138558,Abraham Baldwin Agricultural College,2022,7021.0,0.3971,NA,NA,0.6696,986.0,NA,3165.0,10071.0,0.3662,0.2986,0.6285,000000000000,netPrice|graduationRate|medianDebt|medianEarnings|admissionRate|satAverage|actMidpoint|tuitionInState|tuitionOutOfState|pellGrantRate|federalLoanRate|retentionRate
138558,Abraham Baldwin Agricultural College,2023,NA,NA,NA,NA,NA,NA,NA,NA,NA,NA,NA,NA,000000000000,netPrice|graduationRate|medianDebt|medianEarnings|admissionRate|satAverage|actMidpoint|tuitionInState|tuitionOutOfState|pellGrantRate|federalLoanRate|retentionRate
138558,Abraham Baldwin Agricultural College,2024,NA,NA,NA,NA,NA,NA,NA,NA,NA,NA,NA,NA,000000000000,netPrice|graduationRate|medianDebt|medianEarnings|admissionRate|satAverage|actMidpoint|tuitionInState|tuitionOutOfState|pellGrantRate|federalLoanRate|retentionRate
139940,Georgia State University,2012,14467.0,0.5083,20000.0,40800.0,0.5103,1087.0,23.0,8157.0,22725.0,0.5147,0.5945,0.83,000000000000,netPrice|graduationRate|medianDebt|medianEarnings|admissionRate|satAverage|actMidpoint|tuitionInState|tuitionOutOfState|pellGrantRate|federalLoanRate|retentionRate
139940,Georgia State University,2013,15377.0,0.5315,21500.0,41200.0,0.5466,1060.0,23.0,8368.0,22936.0,0.5089,0.5883,0.8232,000000000000,netPrice|graduationRate|medianDebt|medianEarnings|admissionRate|satAverage|actMidpoint|tuitionInState|tuitionOutOfState|pellGrantRate|federalLoanRate|retentionRate
139940,Georgia State University,2014,15853.0,0.5334,22600.0,43300.0,0.5944,1055.0,22.0,8618.0,23186.0,0.5194,0.5879,0.8117,000000000000,netPrice|graduationRate|medianDebt|medianEarnings|admissionRate|satAverage|actMidpoint|tuitionInState|tuitionOutOfState|pellGrantRate|federalLoanRate|retentionRate
139940,Georgia State University,2015,14290.0,0.539,23500.0,NA,0.5665,1056.0,23.0,8974.0,23542.0,0.5268,0.5816,0.8005,000000000000,netPrice|graduationRate|medianDebt|medianEarnings|admissionRate|satAverage|actMidpoint|tuitionInState|tuitionOutOfState|pellGrantRate|federalLoanRate|retentionRate
139940,Georgia State University,2016,14773.0,0.5303,22206.5,NA,0.5884,1070.0,23.0,8974.0,23542.0,0.5107,0.5562,0.8288,000000000000,netPrice|graduationRate|medianDebt|medianEarnings|admissionRate|satAverage|actMidpoint|tuitionInState|tuitionOutOfState|pellGrantRate|federalLoanRate|retentionRate
139940,Georgia State University,2017,15506.0,0.5347,21250.0,NA,0.6985,1128.0,23.0,9112.0,23971.0,0.493,0.5407,0.8313,000000000000,netPrice|graduationRate|medianDebt|medianEarnings|admissionRate|satAverage|actMidpoint|tuitionInState|tuitionOutOfState|pellGrantRate|federalLoanRate|retentionRate
139940,Georgia State University,2018,14519.0,0.5426,21665.0,NA,0.7137,1160.0,24.0,9112.0,23971.0,0.5031,0.5357,0.8426,000000000000,netPrice|graduationRate|medianDebt|medianEarnings|admissionRate|satAverage|actMidpoint|tuitionInState|tuitionOutOfState|pellGrantRate|federalLoanRate|retentionRate
139940,Georgia State University,2019,13953.0,0.5469,21500.0,NA,0.7615,1153.0,23.0,9286.0,24517.0,0.497,0.5086,0.8213,000000000000,netPrice|graduationRate|medianDebt|medianEarnings|admissionRate|satAverage|actMidpoint|tuitionInState|tuitionOutOfState|pellGrantRate|federalLoanRate|retentionRate
139940,Georgia State University,2020,17242.0,0.5313,20903.0,47384.0,0.9994,1147.0,23.0,9286.0,24517.0,0.4934,0.4923,0.8066,000000000000,netPrice|graduationRate|medianDebt|medianEarnings|admissionRate|satAverage|actMidpoint|tuitionInState|tuitionOutOfState|pellGrantRate|federalLoanRate|retentionRate
139940,Georgia State University,2021,17738.0,0.5629,NA,NA,0.9999,1165.0,23.0,9286.0,24517.0,0.4918,0.4437,0.7538,000000000000,netPrice|graduationRate|medianDebt|medianEarnings|admissionRate|satAverage|actMidpoint|tuitionInState|tuitionOutOfState|pellGrantRate|federalLoanRate|retentionRate
139940,Georgia State University,2022,17202.0,0.549,NA,NA,0.6678,1127.0,NA,8478.0,23709.0,0.5141,0.429,0.7826,000000000000,netPrice|graduationRate|medianDebt|medianEarnings|admissionRate|satAverage|actMidpoint|tuitionInState|tuitionOutOfState|pellGrantRate|federalLoanRate|retentionRate
139940,Georgia State University,2023,NA,NA,NA,NA,NA,NA,NA,NA,NA,NA,NA,NA,000000000000,netPrice|graduationRate|medianDebt|medianEarnings|admissionRate|satAverage|actMidpoint|tuitionInState|tuitionOutOfState|pellGrantRate|federalLoanRate|retentionRate
139940,Georgia State University,2024,NA,NA,NA,NA,NA,NA,NA,NA,NA,NA,NA,NA,000000000000,netPrice|graduationRate|medianDebt|medianEarnings|admissionRate|satAverage|actMidpoint|tuitionInState|tuitionOutOfState|pellGrantRate|federalLoanRate|retentionRate
139959,University of Georgia,2012,11725.0,0.8251,16500.0,47300.0,0.6296,1227.0,28.0,9842.0,28052.0,0.2488,0.4146,0.9402,000000000000,netPrice|graduationRate|medianDebt|medianEarnings|admissionRate|satAverage|actMidpoint|tuitionInState|tuitionOutOfState|pellGrantRate|federalLoanRate|retentionRate
139959,University of Georgia,2013,11990.0,0.8314,17750.0,48500.0,0.5608,1247.0,28.0,10262.0,28472.0,0.236,0.4148,0.9417,000000000000,netPrice|graduationRate|medianDebt|medianEarnings|admissionRate|satAverage|actMidpoint|tuitionInState|tuitionOutOfState|pellGrantRate|federalLoanRate|retentionRate
139959,University of Georgia,2014,12208.0,0.8462,18750.0,50500.0,0.5572,1248.0,28.0,10836.0,29046.0,0.2383,0.4011,0.9415,000000000000,netPrice|graduationRate|medianDebt|medianEarnings|admissionRate|satAverage|actMidpoint|tuitionInState|tuitionOutOfState|pellGrantRate|federalLoanRate|retentionRate
139959,University of Georgia,2015,12023.0,0.8526,19000.0,NA,0.5288,1252.0,28.0,11622.0,29832.0,0.2292,0.3797,0.9525,000000000000,netPrice|graduationRate|medianDebt|medianEarnings|admissionRate|satAverage|actMidpoint|tuitionInState|tuitionOutOfState|pellGrantRate|federalLoanRate|retentionRate
139959,University of Georgia,2016,13822.0,0.8481,18750.0,NA,0.539,1262.0,29.0,11634.0,29844.0,0.2221,0.3646,0.952,000000000000,netPrice|graduationRate|medianDebt|medianEarnings|admissionRate|satAverage|actMidpoint|tuitionInState|tuitionOutOfState|pellGrantRate|federalLoanRate|retentionRate
139959,University of Georgia,2017,14625.0,0.8527,18750.0,NA,0.5401,1316.0,29.0,11818.0,30392.0,0.2153,0.3651,0.9548,000000000000,netPrice|graduationRate|medianDebt|medianEarnings|admissionRate|satAverage|actMidpoint|tuitionInState|tuitionOutOfState|pellGrantRate|federalLoanRate|retentionRate
139959,University of Georgia,2018,13971.0,0.8574,18750.0,NA,0.4863,1345.0,30.0,11830.0,30404.0,0.2181,0.3532,0.9527,000000000000,netPrice|graduationRate|medianDebt|medianEarnings|admissionRate|satAverage|actMidpoint|tuitionInState|tuitionOutOfState|pellGrantRate|federalLoanRate|retentionRate
139959,University of Georgia,2019,13649.0,0.8712,18625.0,NA,0.453,1347.0,30.0,12080.0,31120.0,0.2069,0.3206,0.9551,000000000000,netPrice|graduationRate|medianDebt|medianEarnings|admissionRate|satAverage|actMidpoint|tuitionInState|tuitionOutOfState|pellGrantRate|federalLoanRate|retentionRate
139959,University of Georgia,2020,14257.0,0.8718,18500.0,68726.0,0.4838,1384.0,31.0,12080.0,31120.0,0.196,0.3026,0.9444,000000000000,netPrice|graduationRate|medianDebt|medianEarnings|admissionRate|satAverage|actMidpoint|tuitionInState|tuitionOutOfState|pellGrantRate|federalLoanRate|retentionRate
139959,University of Georgia,2021,14995.0,0.8784,NA,NA,0.3998,1386.0,31.0,12068.0,31108.0,0.1916,0.2663,0.9497,000000000000,netPrice|graduationRate|medianDebt|medianEarnings|admissionRate|satAverage|actMidpoint|tuitionInState|tuitionOutOfState|pellGrantRate|federalLoanRate|retentionRate
139959,University of Georgia,2022,15117.0,0.8811,NA,NA,0.4255,1335.0,NA,11180.0,30220.0,0.1847,0.2388,0.943,000000000000,netPrice|graduationRate|medianDebt|medianEarnings|admissionRate|satAverage|actMidpoint|tuitionInState|tuitionOutOfState|pellGrantRate|federalLoanRate|retentionRate
139959,University of Georgia,2023,NA,NA,NA,NA,NA,NA,NA,NA,NA,NA,NA,NA,000000000000,netPrice|graduationRate|medianDebt|medianEarnings|admissionRate|satAverage|actMidpoint|tuitionInState|tuitionOutOfState|pellGrantRate|federalLoanRate|retentionRate
139959,University of Georgia,2024,NA,NA,NA,NA,NA,NA,NA,NA,NA,NA,NA,NA,000000000000,netPrice|graduationRate|medianDebt|medianEarnings|admissionRate|satAverage|actMidpoint|tuitionInState|tuitionOutOfState|pellGrantRate|federalLoanRate|retentionRate
142115,Boise State University,2012,12750.0,0.2776,21375.0,35600.0,0.8538,1056.0,23.0,5884.0,17324.0,0.4417,0.5608,0.715,000000000000,netPrice|graduationRate|medianDebt|medianEarnings|admissionRate|satAverage|actMidpoint|tuitionInState|tuitionOutOfState|pellGrantRate|federalLoanRate|retentionRate
142115,Boise State University,2013,14586.0,0.3801,22000.0,36100.0,0.7766,1050.0,23.0,6292.0,18892.0,0.368,0.4842,0.7129,000000000000,netPrice|graduationRate|medianDebt|medianEarnings|admissionRate|satAverage|actMidpoint|tuitionInState|tuitionOutOfState|pellGrantRate|federalLoanRate|retentionRate
142115,Boise State University,2014,14512.0,0.3571,22148.0,37100.0,0.77,1042.0,23.0,6641.0,19493.0,0.3461,0.4662,0.7494,000000000000,netPrice|graduationRate|medianDebt|medianEarnings|admissionRate|satAverage|actMidpoint|tuitionInState|tuitionOutOfState|pellGrantRate|federalLoanRate|retentionRate
142115,Boise State University,2015,13718.0,0.3869,22371.0,NA,0.7957,1046.0,23.0,6876.0,20926.0,0.3312,0.4379,0.7562,000000000000,netPrice|graduationRate|medianDebt|medianEarnings|admissionRate|satAverage|actMidpoint|tuitionInState|tuitionOutOfState|pellGrantRate|federalLoanRate|retentionRate
142115,Boise State University,2016,14205.0,0.3936,22750.0,NA,0.8173,1047.0,23.0,7080.0,21530.0,0.3038,0.4091,0.7817,000000000000,netPrice|graduationRate|medianDebt|medianEarnings|admissionRate|satAverage|actMidpoint|tuitionInState|tuitionOutOfState|pellGrantRate|federalLoanRate|retentionRate
142115,Boise State University,2017,13796.0,0.4394,23084.0,NA,0.8399,1093.0,24.0,7326.0,22642.0,0.2751,0.3814,0.7975,000000000000,netPrice|graduationRate|medianDebt|medianEarnings|admissionRate|satAverage|actMidpoint|tuitionInState|tuitionOutOfState|pellGrantRate|federalLoanRate|retentionRate
142115,Boise State University,2018,15020.0,0.4645,22457.0,NA,0.8075,1140.0,24.0,7694.0,23776.0,0.2611,0.3641,0.7947,000000000000,netPrice|graduationRate|medianDebt|medianEarnings|admissionRate|satAverage|actMidpoint|tuitionInState|tuitionOutOfState|pellGrantRate|federalLoanRate|retentionRate
142115,Boise State University,2019,15787.0,0.5099,21475.0,NA,0.7744,1136.0,23.0,8068.0,24988.0,0.2302,0.3296,0.7949,000000000000,netPrice|graduationRate|medianDebt|medianEarnings|admissionRate|satAverage|actMidpoint|tuitionInState|tuitionOutOfState|pellGrantRate|federalLoanRate|retentionRate
142115,Boise State University,2020,16153.0,0.5452,20500.0,51658.0,0.7749,1135.0,24.0,8068.0,24988.0,0.2099,0.3,0.7782,000000000000,netPrice|graduationRate|medianDebt|medianEarnings|admissionRate|satAverage|actMidpoint|tuitionInState|tuitionOutOfState|pellGrantRate|federalLoanRate|retentionRate
142115,Boise State University,2021,17107.0,0.5362,NA,NA,0.8313,1139.8169563063425,22.69389786112287,8060.0,24980.0,0.2105,0.305,0.76,000001100000,netPrice|graduationRate|medianDebt|medianEarnings|admissionRate|satAverage|actMidpoint|tuitionInState|tuitionOutOfState|pellGrantRate|federalLoanRate|retentionRate
142115,Boise State University,2022,18016.0,0.5968,NA,NA,0.8393,1121.2527604805448,NA,8364.0,25701.0,0.1922,0.2654,0.7927,000001000000,netPrice|graduationRate|medianDebt|medianEarnings|admissionRate|satAverage|actMidpoint|tuitionInState|tuitionOutOfState|pellGrantRate|federalLoanRate|retentionRate
142115,Boise State University,2023,NA,NA,NA,NA,NA,NA,NA,NA,NA,NA,NA,NA,000000000000,netPrice|graduationRate|medianDebt|medianEarnings|admissionRate|satAverage|actMidpoint|tuitionInState|tuitionOutOfState|pellGrantRate|federalLoanRate|retentionRate
142115,Boise State University,2024,NA,NA,NA,NA,NA,NA,NA,NA,NA,NA,NA,NA,000000000000,netPrice|graduationRate|medianDebt|medianEarnings|admissionRate|satAverage|actMidpoint|tuitionInState|tuitionOutOfState|pellGrantRate|federalLoanRate|retentionRate
142285,University of Idaho,2012,13384.0,0.5569,22500.0,39700.0,0.6086,1078.0,23.0,6212.0,19000.0,0.4178,0.5796,0.7653,000000000000,netPrice|graduationRate|medianDebt|medianEarnings|admissionRate|satAverage|actMidpoint|tuitionInState|tuitionOutOfState|pellGrantRate|federalLoanRate|retentionRate
142285,University of Idaho,2013,13051.0,0.5381,22599.0,41000.0,0.6565,1070.0,23.0,6524.0,19600.0,0.3985,0.5423,0.7861,000000000000,netPrice|graduationRate|medianDebt|medianEarnings|admissionRate|satAverage|actMidpoint|tuitionInState|tuitionOutOfState|pellGrantRate|federalLoanRate|retentionRate
142285,University of Idaho,2014,13548.0,0.5779,23185.0,41900.0,0.6748,1057.0,24.0,6784.0,20314.0,0.3994,0.5421,0.7742,000000000000,netPrice|graduationRate|medianDebt|medianEarnings|admissionRate|satAverage|actMidpoint|tuitionInState|tuitionOutOfState|pellGrantRate|federalLoanRate|retentionRate
142285,University of Idaho,2015,13709.0,0.5735,24075.0,NA,0.7205,1061.0,23.0,7020.0,21024.0,0.3925,0.5263,0.8012,000000000000,netPrice|graduationRate|medianDebt|medianEarnings|admissionRate|satAverage|actMidpoint|tuitionInState|tuitionOutOfState|pellGrantRate|federalLoanRate|retentionRate
142285,University of Idaho,2016,14191.0,0.5611,24500.0,NA,0.7589,1070.0,24.0,7232.0,22040.0,0.3484,0.4722,0.7754,000000000000,netPrice|graduationRate|medianDebt|medianEarnings|admissionRate|satAverage|actMidpoint|tuitionInState|tuitionOutOfState|pellGrantRate|federalLoanRate|retentionRate
142285,University of Idaho,2017,14457.0,0.5486,23000.0,NA,0.7309,1127.0,23.0,7488.0,23812.0,0.3164,0.4278,0.8167,000000000000,netPrice|graduationRate|medianDebt|medianEarnings|admissionRate|satAverage|actMidpoint|tuitionInState|tuitionOutOfState|pellGrantRate|federalLoanRate|retentionRate
142285,University of Idaho,2018,14502.0,0.5938,22550.0,NA,0.7725,1125.0,23.0,7864.0,25500.0,0.2978,0.3978,0.8075,000000000000,netPrice|graduationRate|medianDebt|medianEarnings|admissionRate|satAverage|actMidpoint|tuitionInState|tuitionOutOfState|pellGrantRate|federalLoanRate|retentionRate
142285,University of Idaho,2019,14132.0,0.5612,22425.0,NA,0.7776,1137.0,24.0,8304.0,27540.0,0.2865,0.3759,0.7728,000000000000,netPrice|graduationRate|medianDebt|medianEarnings|admissionRate|satAverage|actMidpoint|tuitionInState|tuitionOutOfState|pellGrantRate|federalLoanRate|retentionRate
142285,University of Idaho,2020,13964.0,0.5947,21982.0,54670.0,0.7444,1116.0,23.0,8304.0,27540.0,0.273,0.3547,0.7675,000000000000,netPrice|graduationRate|medianDebt|medianEarnings|admissionRate|satAverage|actMidpoint|tuitionInState|tuitionOutOfState|pellGrantRate|federalLoanRate|retentionRate
142285,University of Idaho,2021,12019.0,0.5925,NA,NA,0.8138,1119.0,24.0,8340.0,27576.0,0.285,0.3624,0.7457,000000000000,netPrice|graduationRate|medianDebt|medianEarnings|admissionRate|satAverage|actMidpoint|tuitionInState|tuitionOutOfState|pellGrantRate|federalLoanRate|retentionRate
142285,University of Idaho,2022,13355.0,0.611,NA,NA,0.7385,1129.0,NA,8396.0,27632.0,0.2482,0.2997,0.7378,000000000000,netPrice|graduationRate|medianDebt|medianEarnings|admissionRate|satAverage|actMidpoint|tuitionInState|tuitionOutOfState|pellGrantRate|federalLoanRate|retentionRate
142285,University of Idaho,2023,NA,NA,NA,NA,NA,NA,NA,NA,NA,NA,NA,NA,000000000000,netPrice|graduationRate|medianDebt|medianEarnings|admissionRate|satAverage|actMidpoint|tuitionInState|tuitionOutOfState|pellGrantRate|federalLoanRate|retentionRate
142285,University of Idaho,2024,NA,NA,NA,NA,NA,NA,NA,NA,NA,NA,NA,NA,000000000000,netPrice|graduationRate|medianDebt|medianEarnings|admissionRate|satAverage|actMidpoint|tuitionInState|tuitionOutOfState|pellGrantRate|federalLoanRate|retentionRate
142328,Lewis-Clark State College,2012,13403.0,0.3018,20547.0,33300.0,0.9911,971.0,21.0,5562.0,15476.0,0.4006,0.602,0.4977,000000000000,netPrice|graduationRate|medianDebt|medianEarnings|admissionRate|satAverage|actMidpoint|tuitionInState|tuitionOutOfState|pellGrantRate|federalLoanRate|retentionRate
142328,Lewis-Clark State College,2013,12152.0,0.2698,21087.0,33800.0,0.9977,936.0,20.0,5786.0,16096.0,0.4172,0.5878,0.5984,000000000000,netPrice|graduationRate|medianDebt|medianEarnings|admissionRate|satAverage|actMidpoint|tuitionInState|tuitionOutOfState|pellGrantRate|federalLoanRate|retentionRate
142328,Lewis-Clark State College,2014,12029.0,0.2689,22000.0,34600.0,0.9904,923.0,20.0,8624.0,19142.0,0.378,0.4628,0.612,000000000000,netPrice|graduationRate|medianDebt|medianEarnings|admissionRate|satAverage|actMidpoint|tuitionInState|tuitionOutOfState|pellGrantRate|federalLoanRate|retentionRate
142328,Lewis-Clark State College,2015,14916.0,0.3022,21770.5,NA,0.9888,939.0,21.0,7224.0,18224.0,0.3529,0.4389,0.5697,000000000000,netPrice|graduationRate|medianDebt|medianEarnings|admissionRate|satAverage|actMidpoint|tuitionInState|tuitionOutOfState|pellGrantRate|federalLoanRate|retentionRate
142328,Lewis-Clark State College,2016,11027.0,0.3037,19061.0,NA,0.9715,937.0,21.0,6120.0,17620.0,0.3848,0.5904,0.5787,000000000000,netPrice|graduationRate|medianDebt|medianEarnings|admissionRate|satAverage|actMidpoint|tuitionInState|tuitionOutOfState|pellGrantRate|federalLoanRate|retentionRate
142328,Lewis-Clark State College,2017,11152.0,0.2778,18379.0,NA,0.996,1013.0,20.0,6334.0,18410.0,0.3451,0.4337,0.5718,000000000000,netPrice|graduationRate|medianDebt|medianEarnings|admissionRate|satAverage|actMidpoint|tuitionInState|tuitionOutOfState|pellGrantRate|federalLoanRate|retentionRate
142328,Lewis-Clark State College,2018,9988.0,0.3987,18684.0,NA,0.9989,1009.0,20.0,6618.0,19236.0,0.3497,0.4178,0.6286,000000000000,netPrice|graduationRate|medianDebt|medianEarnings|admissionRate|satAverage|actMidpoint|tuitionInState|tuitionOutOfState|pellGrantRate|federalLoanRate|retentionRate
142328,Lewis-Clark State College,2019,11046.0,0.3834,18500.0,NA,0.9976,999.0,20.0,6982.0,19978.0,0.3265,0.3871,0.603,000000000000,netPrice|graduationRate|medianDebt|medianEarnings|admissionRate|satAverage|actMidpoint|tuitionInState|tuitionOutOfState|pellGrantRate|federalLoanRate|retentionRate
142328,Lewis-Clark State College,2020,10775.0,0.3585,18500.0,46001.0,0.9975,998.0,20.0,6982.0,20238.0,0.3127,0.3605,0.6119,000000000000,netPrice|graduationRate|medianDebt|medianEarnings|admissionRate|satAverage|actMidpoint|tuitionInState|tuitionOutOfState|pellGrantRate|federalLoanRate|retentionRate
142328,Lewis-Clark State College,2021,12962.0,0.3718,NA,NA,1.0,1020.6993887624454,19.24232321028397,6982.0,20238.0,0.272,0.3166,0.6258,000001100000,netPrice|graduationRate|medianDebt|medianEarnings|admissionRate|satAverage|actMidpoint|tuitionInState|tuitionOutOfState|pellGrantRate|federalLoanRate|retentionRate
142328,Lewis-Clark State College,2022,11695.0,0.3516,NA,NA,0.8677,940.0,NA,6999.0,20252.0,0.2415,0.2687,0.63,000000000000,netPrice|graduationRate|medianDebt|medianEarnings|admissionRate|satAverage|actMidpoint|tuitionInState|tuitionOutOfState|pellGrantRate|federalLoanRate|retentionRate
142328,Lewis-Clark State College,2023,NA,NA,NA,NA,NA,NA,NA,NA,NA,NA,NA,NA,000000000000,netPrice|graduationRate|medianDebt|medianEarnings|admissionRate|satAverage|actMidpoint|tuitionInState|tuitionOutOfState|pellGrantRate|federalLoanRate|retentionRate
142328,Lewis-Clark State College,2024,NA,NA,NA,NA,NA,NA,NA,NA,NA,NA,NA,NA,000000000000,netPrice|graduationRate|medianDebt|medianEarnings|admissionRate|satAverage|actMidpoint|tuitionInState|tuitionOutOfState|pellGrantRate|federalLoanRate|retentionRate
145600,University of Illinois Chicago,2012,14290.0,0.5767,17750.0,51100.0,0.6393,1092.0,24.0,13122.0,25512.0,0.4972,0.5,0.7785,000000000000,netPrice|graduationRate|medianDebt|medianEarnings|admissionRate|satAverage|actMidpoint|tuitionInState|tuitionOutOfState|pellGrantRate|federalLoanRate|retentionRate
145600,University of Illinois Chicago,2013,13545.0,0.5669,18000.0,52200.0,0.714,1092.0,24.0,13410.0,25800.0,0.4906,0.4838,0.7978,000000000000,netPrice|graduationRate|medianDebt|medianEarnings|admissionRate|satAverage|actMidpoint|tuitionInState|tuitionOutOfState|pellGrantRate|federalLoanRate|retentionRate
145600,University of Illinois Chicago,2014,13811.0,0.5968,18750.0,54300.0,0.7448,1125.0,25.0,13634.0,26024.0,0.5115,0.5013,0.797,000000000000,netPrice|graduationRate|medianDebt|medianEarnings|admissionRate|satAverage|actMidpoint|tuitionInState|tuitionOutOfState|pellGrantRate|federalLoanRate|retentionRate
145600,University of Illinois Chicago,2015,13527.0,0.5976,18750.0,NA,0.7665,1092.0,24.0,13664.0,26520.0,0.5159,0.4855,0.8147,000000000000,netPrice|graduationRate|medianDebt|medianEarnings|admissionRate|satAverage|actMidpoint|tuitionInState|tuitionOutOfState|pellGrantRate|federalLoanRate|retentionRate
145600,University of Illinois Chicago,2016,13562.0,0.578,18114.5,NA,0.7359,1105.0,24.0,13664.0,26520.0,0.5224,0.4714,0.7995,000000000000,netPrice|graduationRate|medianDebt|medianEarnings|admissionRate|satAverage|actMidpoint|tuitionInState|tuitionOutOfState|pellGrantRate|federalLoanRate|retentionRate
145600,University of Illinois Chicago,2017,14000.0,0.5657,17400.0,NA,0.7708,1150.0,23.0,13704.0,26560.0,0.5206,0.455,0.7982,000000000000,netPrice|graduationRate|medianDebt|medianEarnings|admissionRate|satAverage|actMidpoint|tuitionInState|tuitionOutOfState|pellGrantRate|federalLoanRate|retentionRate
145600,University of Illinois Chicago,2018,13301.0,0.5936,17500.0,NA,0.7555,1145.0,24.0,13764.0,26980.0,0.5339,0.4258,0.8017,000000000000,netPrice|graduationRate|medianDebt|medianEarnings|admissionRate|satAverage|actMidpoint|tuitionInState|tuitionOutOfState|pellGrantRate|federalLoanRate|retentionRate
145600,University of Illinois Chicago,2019,13312.0,0.6051,17250.0,NA,0.727,1161.0,25.0,13874.0,27566.0,0.5142,0.3848,0.7919,000000000000,netPrice|graduationRate|medianDebt|medianEarnings|admissionRate|satAverage|actMidpoint|tuitionInState|tuitionOutOfState|pellGrantRate|federalLoanRate|retentionRate
145600,University of Illinois Chicago,2020,13214.0,0.6347,16704.0,68740.0,0.7263,1159.0,25.0,14098.0,28448.0,0.5055,0.355,0.8227,000000000000,netPrice|graduationRate|medianDebt|medianEarnings|admissionRate|satAverage|actMidpoint|tuitionInState|tuitionOutOfState|pellGrantRate|federalLoanRate|retentionRate
145600,University of Illinois Chicago,2021,11329.0,0.6226,NA,NA,0.788,1212.0,27.0,14126.0,28476.0,0.486,0.2922,0.8127,000000000000,netPrice|graduationRate|medianDebt|medianEarnings|admissionRate|satAverage|actMidpoint|tuitionInState|tuitionOutOfState|pellGrantRate|federalLoanRate|retentionRate
145600,University of Illinois Chicago,2022,11139.0,0.6162,NA,NA,0.7869,1232.0,NA,14046.0,28654.0,0.4956,0.2615,0.7832,000000000000,netPrice|graduationRate|medianDebt|medianEarnings|admissionRate|satAverage|actMidpoint|tuitionInState|tuitionOutOfState|pellGrantRate|federalLoanRate|retentionRate
145600,University of Illinois Chicago,2023,NA,NA,NA,NA,NA,NA,NA,NA,NA,NA,NA,NA,000000000000,netPrice|graduationRate|medianDebt|medianEarnings|admissionRate|satAverage|actMidpoint|tuitionInState|tuitionOutOfState|pellGrantRate|federalLoanRate|retentionRate
145600,University of Illinois Chicago,2024,NA,NA,NA,NA,NA,NA,NA,NA,NA,NA,NA,NA,000000000000,netPrice|graduationRate|medianDebt|medianEarnings|admissionRate|satAverage|actMidpoint|tuitionInState|tuitionOutOfState|pellGrantRate|federalLoanRate|retentionRate
145637,University of Illinois Urbana-Champaign,2012,19058.0,0.8396,20250.0,56600.0,0.6334,1300.0,29.0,14522.0,28664.0,0.205,0.431,0.9383,000000000000,netPrice|graduationRate|medianDebt|medianEarnings|admissionRate|satAverage|actMidpoint|tuitionInState|tuitionOutOfState|pellGrantRate|federalLoanRate|retentionRate
145637,University of Illinois Urbana-Champaign,2013,18798.0,0.838,20450.0,57600.0,0.6239,1303.0,29.0,14750.0,29132.0,0.2019,0.4097,0.9306,000000000000,netPrice|graduationRate|medianDebt|medianEarnings|admissionRate|satAverage|actMidpoint|tuitionInState|tuitionOutOfState|pellGrantRate|federalLoanRate|retentionRate
145637,University of Illinois Urbana-Champaign,2014,18375.0,0.8416,20500.0,61500.0,0.5904,1326.0,29.0,15020.0,29646.0,0.2058,0.3893,0.9347,000000000000,netPrice|graduationRate|medianDebt|medianEarnings|admissionRate|satAverage|actMidpoint|tuitionInState|tuitionOutOfState|pellGrantRate|federalLoanRate|retentionRate
145637,University of Illinois Urbana-Champaign,2015,18143.0,0.8517,20500.0,NA,0.6556,1305.0,29.0,15054.0,30214.0,0.2049,0.3759,0.9343,000000000000,netPrice|graduationRate|medianDebt|medianEarnings|admissionRate|satAverage|actMidpoint|tuitionInState|tuitionOutOfState|pellGrantRate|federalLoanRate|retentionRate
145637,University of Illinois Urbana-Champaign,2016,18243.0,0.852,20127.0,NA,0.6007,1320.0,29.0,15058.0,30680.0,0.2067,0.3584,0.9352,000000000000,netPrice|graduationRate|medianDebt|medianEarnings|admissionRate|satAverage|actMidpoint|tuitionInState|tuitionOutOfState|pellGrantRate|federalLoanRate|retentionRate
145637,University of Illinois Urbana-Champaign,2017,18377.0,0.8503,19000.0,NA,0.6153,1376.0,29.0,15074.0,31194.0,0.2125,0.3625,0.9245,000000000000,netPrice|graduationRate|medianDebt|medianEarnings|admissionRate|satAverage|actMidpoint|tuitionInState|tuitionOutOfState|pellGrantRate|federalLoanRate|retentionRate
145637,University of Illinois Urbana-Champaign,2018,17302.0,0.8433,19000.0,NA,0.6216,1338.0,29.0,15094.0,31664.0,0.2256,0.349,0.9276,000000000000,netPrice|graduationRate|medianDebt|medianEarnings|admissionRate|satAverage|actMidpoint|tuitionInState|tuitionOutOfState|pellGrantRate|federalLoanRate|retentionRate
145637,University of Illinois Urbana-Champaign,2019,15880.0,0.8513,19500.0,NA,0.5903,1342.0,29.0,15122.0,32264.0,0.2325,0.3503,0.9288,000000000000,netPrice|graduationRate|medianDebt|medianEarnings|admissionRate|satAverage|actMidpoint|tuitionInState|tuitionOutOfState|pellGrantRate|federalLoanRate|retentionRate
145637,University of Illinois Urbana-Champaign,2020,14321.0,0.862,19500.0,81054.0,0.633,1352.0,30.0,15150.0,32600.0,0.243,0.342,0.9385,000000000000,netPrice|graduationRate|medianDebt|medianEarnings|admissionRate|satAverage|actMidpoint|tuitionInState|tuitionOutOfState|pellGrantRate|federalLoanRate|retentionRate
145637,University of Illinois Urbana-Champaign,2021,15483.0,0.8488,NA,NA,0.5966,1422.0,32.0,15442.0,32892.0,0.2526,0.3183,0.9347,000000000000,netPrice|graduationRate|medianDebt|medianEarnings|admissionRate|satAverage|actMidpoint|tuitionInState|tuitionOutOfState|pellGrantRate|federalLoanRate|retentionRate
145637,University of Illinois Urbana-Champaign,2022,16109.0,0.8469,NA,NA,0.4482,1440.0,NA,15714.0,33686.0,0.2486,0.2985,0.9332,000000000000,netPrice|graduationRate|medianDebt|medianEarnings|admissionRate|satAverage|actMidpoint|tuitionInState|tuitionOutOfState|pellGrantRate|federalLoanRate|retentionRate
145637,University of Illinois Urbana-Champaign,2023,NA,NA,NA,NA,NA,NA,NA,NA,NA,NA,NA,NA,000000000000,netPrice|graduationRate|medianDebt|medianEarnings|admissionRate|satAverage|actMidpoint|tuitionInState|tuitionOutOfState|pellGrantRate|federalLoanRate|retentionRate
145637,University of Illinois Urbana-Champaign,2024,NA,NA,NA,NA,NA,NA,NA,NA,NA,NA,NA,NA,000000000000,netPrice|graduationRate|medianDebt|medianEarnings|admissionRate|satAverage|actMidpoint|tuitionInState|tuitionOutOfState|pellGrantRate|federalLoanRate|retentionRate
145813,Illinois State University,2012,19981.0,0.7124,21489.5,45500.0,0.7398,1090.0,24.0,12726.0,20016.0,0.2488,0.5978,0.8243,000000000000,netPrice|graduationRate|medianDebt|medianEarnings|admissionRate|satAverage|actMidpoint|tuitionInState|tuitionOutOfState|pellGrantRate|federalLoanRate|retentionRate
145813,Illinois State University,2013,19761.0,0.7162,21602.0,45500.0,0.6892,1110.0,24.0,13010.0,20450.0,0.2557,0.6022,0.816,000000000000,netPrice|graduationRate|medianDebt|medianEarnings|admissionRate|satAverage|actMidpoint|tuitionInState|tuitionOutOfState|pellGrantRate|federalLoanRate|retentionRate
145813,Illinois State University,2014,20052.0,0.7192,22450.0,47100.0,0.7388,1110.0,24.0,13296.0,20886.0,0.2665,0.6017,0.8126,000000000000,netPrice|graduationRate|medianDebt|medianEarnings|admissionRate|satAverage|actMidpoint|tuitionInState|tuitionOutOfState|pellGrantRate|federalLoanRate|retentionRate
145813,Illinois State University,2015,20437.0,0.7314,21786.0,NA,0.8772,1090.0,24.0,13666.0,21482.0,0.2725,0.6027,0.8153,000000000000,netPrice|graduationRate|medianDebt|medianEarnings|admissionRate|satAverage|actMidpoint|tuitionInState|tuitionOutOfState|pellGrantRate|federalLoanRate|retentionRate
145813,Illinois State University,2016,20969.0,0.7222,21250.0,NA,0.8888,1090.0,24.0,14061.0,25168.0,0.2772,0.5797,0.8107,000000000000,netPrice|graduationRate|medianDebt|medianEarnings|admissionRate|satAverage|actMidpoint|tuitionInState|tuitionOutOfState|pellGrantRate|federalLoanRate|retentionRate
145813,Illinois State University,2017,21345.0,0.6881,20000.0,NA,0.8913,1165.0,24.0,14061.0,25168.0,0.2755,0.5706,0.8064,000000000000,netPrice|graduationRate|medianDebt|medianEarnings|admissionRate|satAverage|actMidpoint|tuitionInState|tuitionOutOfState|pellGrantRate|federalLoanRate|retentionRate
145813,Illinois State University,2018,21301.0,0.6911,19500.0,NA,0.8918,1122.0,23.0,14516.0,26040.0,0.2879,0.5597,0.7863,000000000000,netPrice|graduationRate|medianDebt|medianEarnings|admissionRate|satAverage|actMidpoint|tuitionInState|tuitionOutOfState|pellGrantRate|federalLoanRate|retentionRate
145813,Illinois State University,2019,20895.0,0.6954,20000.0,NA,0.8194,1132.0,23.0,14832.0,26356.0,0.3021,0.559,0.7857,000000000000,netPrice|graduationRate|medianDebt|medianEarnings|admissionRate|satAverage|actMidpoint|tuitionInState|tuitionOutOfState|pellGrantRate|federalLoanRate|retentionRate
145813,Illinois State University,2020,20830.0,0.6808,20482.0,62117.0,0.8131,1140.0,24.0,15319.0,26843.0,0.3041,0.554,0.8417,000000000000,netPrice|graduationRate|medianDebt|medianEarnings|admissionRate|satAverage|actMidpoint|tuitionInState|tuitionOutOfState|pellGrantRate|federalLoanRate|retentionRate
145813,Illinois State University,2021,20579.0,0.6727,NA,NA,0.9154,1125.0,24.0,15319.0,26843.0,0.2989,0.4982,0.832,000000000000,netPrice|graduationRate|medianDebt|medianEarnings|admissionRate|satAverage|actMidpoint|tuitionInState|tuitionOutOfState|pellGrantRate|federalLoanRate|retentionRate
145813,Illinois State University,2022,19966.0,0.6698,NA,NA,0.8624,1111.0,NA,15170.0,27011.0,0.3034,0.4607,0.8032,000000000000,netPrice|graduationRate|medianDebt|medianEarnings|admissionRate|satAverage|actMidpoint|tuitionInState|tuitionOutOfState|pellGrantRate|federalLoanRate|retentionRate
145813,Illinois State University,2023,NA,NA,NA,NA,NA,NA,NA,NA,NA,NA,NA,NA,000000000000,netPrice|graduationRate|medianDebt|medianEarnings|admissionRate|satAverage|actMidpoint|tuitionInState|tuitionOutOfState|pellGrantRate|federalLoanRate|retentionRate
145813,Illinois State University,2024,NA,NA,NA,NA,NA,NA,NA,NA,NA,NA,NA,NA,000000000000,netPrice|graduationRate|medianDebt|medianEarnings|admissionRate|satAverage|actMidpoint|tuitionInState|tuitionOutOfState|pellGrantRate|federalLoanRate|retentionRate
150136,Ball State University,2012,15184.0,0.5731,23250.0,38800.0,0.6103,1036.0,21.0,8980.0,23650.0,0.3195,0.603,0.7677,000000000000,netPrice|graduationRate|medianDebt|medianEarnings|admissionRate|satAverage|actMidpoint|tuitionInState|tuitionOutOfState|pellGrantRate|federalLoanRate|retentionRate
150136,Ball State University,2013,15294.0,0.5938,24390.0,39400.0,0.6054,1053.0,22.0,9160.0,24124.0,0.3463,0.6139,0.7838,000000000000,netPrice|graduationRate|medianDebt|medianEarnings|admissionRate|satAverage|actMidpoint|tuitionInState|tuitionOutOfState|pellGrantRate|federalLoanRate|retentionRate
150136,Ball State University,2014,15141.0,0.5945,25000.0,41100.0,0.5988,1066.0,22.0,9344.0,24610.0,0.3399,0.5917,0.8141,000000000000,netPrice|graduationRate|medianDebt|medianEarnings|admissionRate|satAverage|actMidpoint|tuitionInState|tuitionOutOfState|pellGrantRate|federalLoanRate|retentionRate
150136,Ball State University,2015,15201.0,0.5962,24836.0,NA,0.605,1070.0,22.0,9498.0,25016.0,0.339,0.6037,0.8167,000000000000,netPrice|graduationRate|medianDebt|medianEarnings|admissionRate|satAverage|actMidpoint|tuitionInState|tuitionOutOfState|pellGrantRate|federalLoanRate|retentionRate
150136,Ball State University,2016,15521.0,0.5802,24513.5,NA,0.6225,1057.0,22.0,9654.0,25428.0,0.3283,0.5865,0.8116,000000000000,netPrice|graduationRate|medianDebt|medianEarnings|admissionRate|satAverage|actMidpoint|tuitionInState|tuitionOutOfState|pellGrantRate|federalLoanRate|retentionRate
150136,Ball State University,2017,15187.0,0.6157,24000.0,NA,0.6208,1138.0,22.0,9774.0,25942.0,0.3286,0.5772,0.7825,000000000000,netPrice|graduationRate|medianDebt|medianEarnings|admissionRate|satAverage|actMidpoint|tuitionInState|tuitionOutOfState|pellGrantRate|federalLoanRate|retentionRate
150136,Ball State University,2018,15020.0,0.6274,23500.0,NA,0.6478,1113.68246576223,22.949809024907704,9896.0,26468.0,0.3341,0.5675,0.7807,000001100000,netPrice|graduationRate|medianDebt|medianEarnings|admissionRate|satAverage|actMidpoint|tuitionInState|tuitionOutOfState|pellGrantRate|federalLoanRate|retentionRate
150136,Ball State University,2019,15147.0,0.6603,23250.0,NA,0.7671,1110.0301482088275,22.959982949080477,10020.0,26800.0,0.3388,0.5623,0.7546,000001100000,netPrice|graduationRate|medianDebt|medianEarnings|admissionRate|satAverage|actMidpoint|tuitionInState|tuitionOutOfState|pellGrantRate|federalLoanRate|retentionRate
150136,Ball State University,2020,14765.0,0.6679,23250.0,51833.0,0.8705,1105.8489610798558,23.44063040423043,10144.0,27132.0,0.3346,0.528,0.8048,000001100000,netPrice|graduationRate|medianDebt|medianEarnings|admissionRate|satAverage|actMidpoint|tuitionInState|tuitionOutOfState|pellGrantRate|federalLoanRate|retentionRate
150136,Ball State University,2021,15464.0,0.6795,NA,NA,0.6817,1124.0,24.0,10290.0,27524.0,0.3395,0.7729,0.7265,000000000000,netPrice|graduationRate|medianDebt|medianEarnings|admissionRate|satAverage|actMidpoint|tuitionInState|tuitionOutOfState|pellGrantRate|federalLoanRate|retentionRate
150136,Ball State University,2022,15419.0,0.6387,NA,NA,0.6895,1191.0,NA,10440.0,27924.0,0.3356,0.7525,0.7288,000000000000,netPrice|graduationRate|medianDebt|medianEarnings|admissionRate|satAverage|actMidpoint|tuitionInState|tuitionOutOfState|pellGrantRate|federalLoanRate|retentionRate
150136,Ball State University,2023,NA,NA,NA,NA,NA,NA,NA,NA,NA,NA,NA,NA,000000000000,netPrice|graduationRate|medianDebt|medianEarnings|admissionRate|satAverage|actMidpoint|tuitionInState|tuitionOutOfState|pellGrantRate|federalLoanRate|retentionRate
150136,Ball State University,2024,NA,NA,NA,NA,NA,NA,NA,NA,NA,NA,NA,NA,000000000000,netPrice|graduationRate|medianDebt|medianEarnings|admissionRate|satAverage|actMidpoint|tuitionInState|tuitionOutOfState|pellGrantRate|federalLoanRate|retentionRate
151351,Indiana University-Bloomington,2012,13795.0,0.7533,23481.5,44700.0,0.7441,1183.0,27.0,10033.0,31483.0,0.2011,0.4102,0.8846,000000000000,netPrice|graduationRate|medianDebt|medianEarnings|admissionRate|satAverage|actMidpoint|tuitionInState|tuitionOutOfState|pellGrantRate|federalLoanRate|retentionRate
151351,Indiana University-Bloomington,2013,14174.0,0.7705,23000.0,46100.0,0.7217,1198.0,27.0,10209.0,32350.0,0.1937,0.3936,0.8982,000000000000,netPrice|graduationRate|medianDebt|medianEarnings|admissionRate|satAverage|actMidpoint|tuitionInState|tuitionOutOfState|pellGrantRate|federalLoanRate|retentionRate
151351,Indiana University-Bloomington,2014,14370.0,0.7764,22529.5,47700.0,0.7609,1198.0,27.0,10388.0,33241.0,0.1643,0.3183,0.8904,000000000000,netPrice|graduationRate|medianDebt|medianEarnings|admissionRate|satAverage|actMidpoint|tuitionInState|tuitionOutOfState|pellGrantRate|federalLoanRate|retentionRate
151351,Indiana University-Bloomington,2015,15349.0,0.7706,22482.5,NA,0.7799,1199.0,27.0,10388.0,33741.0,0.1604,0.3202,0.8944,000000000000,netPrice|graduationRate|medianDebt|medianEarnings|admissionRate|satAverage|actMidpoint|tuitionInState|tuitionOutOfState|pellGrantRate|federalLoanRate|retentionRate
151351,Indiana University-Bloomington,2016,14303.0,0.7639,21500.0,NA,0.7872,1200.0,27.0,10388.0,34246.0,0.1533,0.3071,0.9101,000000000000,netPrice|graduationRate|medianDebt|medianEarnings|admissionRate|satAverage|actMidpoint|tuitionInState|tuitionOutOfState|pellGrantRate|federalLoanRate|retentionRate
151351,Indiana University-Bloomington,2017,14351.0,0.7733,20500.0,NA,0.7601,1285.0,28.0,10533.0,34845.0,0.1516,0.2932,0.9136,000000000000,netPrice|graduationRate|medianDebt|medianEarnings|admissionRate|satAverage|actMidpoint|tuitionInState|tuitionOutOfState|pellGrantRate|federalLoanRate|retentionRate
151351,Indiana University-Bloomington,2018,13428.0,0.7796,19500.0,NA,0.7691,1275.0,28.0,10681.0,35456.0,0.1853,0.3295,0.9088,000000000000,netPrice|graduationRate|medianDebt|medianEarnings|admissionRate|satAverage|actMidpoint|tuitionInState|tuitionOutOfState|pellGrantRate|federalLoanRate|retentionRate
151351,Indiana University-Bloomington,2019,13253.0,0.7892,19500.0,NA,0.7791,1274.0,28.0,10947.0,36512.0,0.188,0.3146,0.9016,000000000000,netPrice|graduationRate|medianDebt|medianEarnings|admissionRate|satAverage|actMidpoint|tuitionInState|tuitionOutOfState|pellGrantRate|federalLoanRate|retentionRate
151351,Indiana University-Bloomington,2020,14619.0,0.7979,19509.0,63742.0,0.8038,1261.0,28.0,11221.0,37600.0,0.1808,0.303,0.9125,000000000000,netPrice|graduationRate|medianDebt|medianEarnings|admissionRate|satAverage|actMidpoint|tuitionInState|tuitionOutOfState|pellGrantRate|federalLoanRate|retentionRate
151351,Indiana University-Bloomington,2021,14216.0,0.8085,NA,NA,0.8504,1298.0,29.0,11333.0,38352.0,0.1803,0.2787,0.903,000000000000,netPrice|graduationRate|medianDebt|medianEarnings|admissionRate|satAverage|actMidpoint|tuitionInState|tuitionOutOfState|pellGrantRate|federalLoanRate|retentionRate
151351,Indiana University-Bloomington,2022,15878.0,0.8113,NA,NA,0.8241,1322.0,NA,11447.0,39120.0,0.1745,0.2817,0.8986,000000000000,netPrice|graduationRate|medianDebt|medianEarnings|admissionRate|satAverage|actMidpoint|tuitionInState|tuitionOutOfState|pellGrantRate|federalLoanRate|retentionRate
151351,Indiana University-Bloomington,2023,NA,NA,NA,NA,NA,NA,NA,NA,NA,NA,NA,NA,000000000000,netPrice|graduationRate|medianDebt|medianEarnings|admissionRate|satAverage|actMidpoint|tuitionInState|tuitionOutOfState|pellGrantRate|federalLoanRate|retentionRate
151351,Indiana University-Bloomington,2024,NA,NA,NA,NA,NA,NA,NA,NA,NA,NA,NA,NA,000000000000,netPrice|graduationRate|medianDebt|medianEarnings|admissionRate|satAverage|actMidpoint|tuitionInState|tuitionOutOfState|pellGrantRate|federalLoanRate|retentionRate
153603,Iowa State University,2012,13703.0,0.7079,25000.0,47800.0,0.8625,1145.0,25.0,7726.0,19838.0,0.2429,0.5646,0.8579,000000000000,netPrice|graduationRate|medianDebt|medianEarnings|admissionRate|satAverage|actMidpoint|tuitionInState|tuitionOutOfState|pellGrantRate|federalLoanRate|retentionRate
153603,Iowa State University,2013,14336.0,0.681,24785.5,48600.0,0.8252,1145.0,25.0,7726.0,20278.0,0.2263,0.5519,0.8713,000000000000,netPrice|graduationRate|medianDebt|medianEarnings|admissionRate|satAverage|actMidpoint|tuitionInState|tuitionOutOfState|pellGrantRate|federalLoanRate|retentionRate
153603,Iowa State University,2014,14100.0,0.6893,24250.0,50700.0,0.8691,1145.0,25.0,7731.0,20617.0,0.2184,0.5224,0.8639,000000000000,netPrice|graduationRate|medianDebt|medianEarnings|admissionRate|satAverage|actMidpoint|tuitionInState|tuitionOutOfState|pellGrantRate|federalLoanRate|retentionRate
153603,Iowa State University,2015,13997.0,0.7137,23750.0,NA,0.8715,1142.0,25.0,7736.0,20856.0,0.2134,0.522,0.8705,000000000000,netPrice|graduationRate|medianDebt|medianEarnings|admissionRate|satAverage|actMidpoint|tuitionInState|tuitionOutOfState|pellGrantRate|federalLoanRate|retentionRate
153603,Iowa State University,2016,13947.0,0.7435,23256.0,NA,0.8749,1144.0,25.0,8219.0,21583.0,0.2096,0.4995,0.8809,000000000000,netPrice|graduationRate|medianDebt|medianEarnings|admissionRate|satAverage|actMidpoint|tuitionInState|tuitionOutOfState|pellGrantRate|federalLoanRate|retentionRate
153603,Iowa State University,2017,14331.0,0.7343,22975.0,NA,0.8934,1221.0,25.0,8636.0,22472.0,0.2054,0.4925,0.8747,000000000000,netPrice|graduationRate|medianDebt|medianEarnings|admissionRate|satAverage|actMidpoint|tuitionInState|tuitionOutOfState|pellGrantRate|federalLoanRate|retentionRate
153603,Iowa State University,2018,15140.0,0.7472,22635.0,NA,0.906,1219.0,25.0,8988.0,23392.0,0.2113,0.493,0.8748,000000000000,netPrice|graduationRate|medianDebt|medianEarnings|admissionRate|satAverage|actMidpoint|tuitionInState|tuitionOutOfState|pellGrantRate|federalLoanRate|retentionRate
153603,Iowa State University,2019,15496.0,0.7405,22754.0,NA,0.9205,1220.0,25.0,9320.0,24508.0,0.2097,0.4766,0.8717,000000000000,netPrice|graduationRate|medianDebt|medianEarnings|admissionRate|satAverage|actMidpoint|tuitionInState|tuitionOutOfState|pellGrantRate|federalLoanRate|retentionRate
153603,Iowa State University,2020,16002.0,0.7472,22869.0,63386.0,0.8842,1197.0,25.0,9316.0,24504.0,0.2038,0.4803,0.8863,000000000000,netPrice|graduationRate|medianDebt|medianEarnings|admissionRate|satAverage|actMidpoint|tuitionInState|tuitionOutOfState|pellGrantRate|federalLoanRate|retentionRate
153603,Iowa State University,2021,15351.0,0.7605,NA,NA,0.9112,1205.0,25.0,9634.0,25446.0,0.1979,0.4793,0.8805,000000000000,netPrice|graduationRate|medianDebt|medianEarnings|admissionRate|satAverage|actMidpoint|tuitionInState|tuitionOutOfState|pellGrantRate|federalLoanRate|retentionRate
153603,Iowa State University,2022,15494.0,0.7445,NA,NA,0.9022,1197.0,NA,10133.0,26617.0,0.1915,0.4661,0.857,000000000000,netPrice|graduationRate|medianDebt|medianEarnings|admissionRate|satAverage|actMidpoint|tuitionInState|tuitionOutOfState|pellGrantRate|federalLoanRate|retentionRate
153603,Iowa State University,2023,NA,NA,NA,NA,NA,NA,NA,NA,NA,NA,NA,NA,000000000000,netPrice|graduationRate|medianDebt|medianEarnings|admissionRate|satAverage|actMidpoint|tuitionInState|tuitionOutOfState|pellGrantRate|federalLoanRate|retentionRate
153603,Iowa State University,2024,NA,NA,NA,NA,NA,NA,NA,NA,NA,NA,NA,NA,000000000000,netPrice|graduationRate|medianDebt|medianEarnings|admissionRate|satAverage|actMidpoint|tuitionInState|tuitionOutOfState|pellGrantRate|federalLoanRate|retentionRate
153658,University of Iowa,2012,16056.0,0.6981,21008.0,49100.0,0.7844,1147.0,25.0,8057.0,26279.0,0.1916,0.4853,0.8552,000000000000,netPrice|graduationRate|medianDebt|medianEarnings|admissionRate|satAverage|actMidpoint|tuitionInState|tuitionOutOfState|pellGrantRate|federalLoanRate|retentionRate
153658,University of Iowa,2013,16447.0,0.6962,21500.0,50200.0,0.8023,1208.0,27.0,8061.0,26931.0,0.1906,0.4722,0.8584,000000000000,netPrice|graduationRate|medianDebt|medianEarnings|admissionRate|satAverage|actMidpoint|tuitionInState|tuitionOutOfState|pellGrantRate|federalLoanRate|retentionRate
153658,University of Iowa,2014,14863.0,0.7004,21500.0,51900.0,0.8095,1164.0,26.0,8079.0,27409.0,0.1883,0.4554,0.8611,000000000000,netPrice|graduationRate|medianDebt|medianEarnings|admissionRate|satAverage|actMidpoint|tuitionInState|tuitionOutOfState|pellGrantRate|federalLoanRate|retentionRate
153658,University of Iowa,2015,14085.0,0.7208,21500.0,NA,0.8074,1164.0,26.0,8104.0,27890.0,0.1918,0.4384,0.8537,000000000000,netPrice|graduationRate|medianDebt|medianEarnings|admissionRate|satAverage|actMidpoint|tuitionInState|tuitionOutOfState|pellGrantRate|federalLoanRate|retentionRate
153658,University of Iowa,2016,14192.0,0.7182,21500.0,NA,0.8411,1165.0,26.0,8575.0,28813.0,0.1879,0.4182,0.8706,000000000000,netPrice|graduationRate|medianDebt|medianEarnings|admissionRate|satAverage|actMidpoint|tuitionInState|tuitionOutOfState|pellGrantRate|federalLoanRate|retentionRate
153658,University of Iowa,2017,15103.0,0.7354,22000.0,NA,0.8604,1232.0,26.0,8965.0,30609.0,0.1857,0.4162,0.8598,000000000000,netPrice|graduationRate|medianDebt|medianEarnings|admissionRate|satAverage|actMidpoint|tuitionInState|tuitionOutOfState|pellGrantRate|federalLoanRate|retentionRate
153658,University of Iowa,2018,15893.0,0.7321,22500.0,NA,0.8267,1233.0,26.0,9267.0,31233.0,0.1964,0.4259,0.864,000000000000,netPrice|graduationRate|medianDebt|medianEarnings|admissionRate|satAverage|actMidpoint|tuitionInState|tuitionOutOfState|pellGrantRate|federalLoanRate|retentionRate
153658,University of Iowa,2019,19145.0,0.7222,22500.0,NA,0.8255,1235.0,26.0,9606.0,31569.0,0.2031,0.4269,0.8593,000000000000,netPrice|graduationRate|medianDebt|medianEarnings|admissionRate|satAverage|actMidpoint|tuitionInState|tuitionOutOfState|pellGrantRate|federalLoanRate|retentionRate
153658,University of Iowa,2020,19401.0,0.7219,22500.0,64762.0,0.8428,1229.0,26.0,9606.0,31569.0,0.1945,0.4182,0.881,000000000000,netPrice|graduationRate|medianDebt|medianEarnings|admissionRate|satAverage|actMidpoint|tuitionInState|tuitionOutOfState|pellGrantRate|federalLoanRate|retentionRate
153658,University of Iowa,2021,19443.0,0.7372,NA,NA,0.8621,1236.0,26.0,9942.0,31905.0,0.1886,0.4109,0.8798,000000000000,netPrice|graduationRate|medianDebt|medianEarnings|admissionRate|satAverage|actMidpoint|tuitionInState|tuitionOutOfState|pellGrantRate|federalLoanRate|retentionRate
153658,University of Iowa,2022,20426.0,0.7369,NA,NA,0.86,1222.0,NA,10353.0,32316.0,0.1868,0.4046,0.8864,000000000000,netPrice|graduationRate|medianDebt|medianEarnings|admissionRate|satAverage|actMidpoint|tuitionInState|tuitionOutOfState|pellGrantRate|federalLoanRate|retentionRate
153658,University of Iowa,2023,NA,NA,NA,NA,NA,NA,NA,NA,NA,NA,NA,NA,000000000000,netPrice|graduationRate|medianDebt|medianEarnings|admissionRate|satAverage|actMidpoint|tuitionInState|tuitionOutOfState|pellGrantRate|federalLoanRate|retentionRate
153658,University of Iowa,2024,NA,NA,NA,NA,NA,NA,NA,NA,NA,NA,NA,NA,000000000000,netPrice|graduationRate|medianDebt|medianEarnings|admissionRate|satAverage|actMidpoint|tuitionInState|tuitionOutOfState|pellGrantRate|federalLoanRate|retentionRate
154095,University of Northern Iowa,2012,15008.0,0.6633,20532.0,42000.0,0.7751,1070.0,23.0,7635.0,16721.0,0.2423,0.626,0.8134,000000000000,netPrice|graduationRate|medianDebt|medianEarnings|admissionRate|satAverage|actMidpoint|tuitionInState|tuitionOutOfState|pellGrantRate|federalLoanRate|retentionRate
154095,University of Northern Iowa,2013,15207.0,0.6649,21055.0,42800.0,0.8331,1030.0,22.0,7685.0,17181.0,0.2704,0.6131,0.83,000000000000,netPrice|graduationRate|medianDebt|medianEarnings|admissionRate|satAverage|actMidpoint|tuitionInState|tuitionOutOfState|pellGrantRate|federalLoanRate|retentionRate
154095,University of Northern Iowa,2014,14980.0,0.6395,20543.0,44600.0,0.7691,1050.0,23.0,7749.0,17647.0,0.2598,0.5998,0.8482,000000000000,netPrice|graduationRate|medianDebt|medianEarnings|admissionRate|satAverage|actMidpoint|tuitionInState|tuitionOutOfState|pellGrantRate|federalLoanRate|retentionRate
154095,University of Northern Iowa,2015,15961.0,0.6775,20500.0,NA,0.7953,1050.0,23.0,7817.0,18005.0,0.2631,0.5771,0.8017,000000000000,netPrice|graduationRate|medianDebt|medianEarnings|admissionRate|satAverage|actMidpoint|tuitionInState|tuitionOutOfState|pellGrantRate|federalLoanRate|retentionRate
154095,University of Northern Iowa,2016,15666.0,0.6505,20354.0,NA,0.8256,1050.0,23.0,8309.0,18851.0,0.26,0.5611,0.8586,000000000000,netPrice|graduationRate|medianDebt|medianEarnings|admissionRate|satAverage|actMidpoint|tuitionInState|tuitionOutOfState|pellGrantRate|federalLoanRate|retentionRate
154095,University of Northern Iowa,2017,16496.0,0.6753,19784.0,NA,0.8083,1166.0,24.0,8699.0,19241.0,0.2625,0.5567,0.8132,000000000000,netPrice|graduationRate|medianDebt|medianEarnings|admissionRate|satAverage|actMidpoint|tuitionInState|tuitionOutOfState|pellGrantRate|federalLoanRate|retentionRate
154095,University of Northern Iowa,2018,16244.0,0.6547,20000.0,NA,0.8074,1169.0,24.0,8938.0,19480.0,0.2744,0.5558,0.8379,000000000000,netPrice|graduationRate|medianDebt|medianEarnings|admissionRate|satAverage|actMidpoint|tuitionInState|tuitionOutOfState|pellGrantRate|federalLoanRate|retentionRate
154095,University of Northern Iowa,2019,15620.0,0.6744,20000.0,NA,0.7905,1149.0,23.0,8938.0,21222.0,0.2644,0.5461,0.8347,000000000000,netPrice|graduationRate|medianDebt|medianEarnings|admissionRate|satAverage|actMidpoint|tuitionInState|tuitionOutOfState|pellGrantRate|federalLoanRate|retentionRate
154095,University of Northern Iowa,2020,16438.0,0.6356,19691.0,55177.0,0.7888,1149.0,23.0,8938.0,21222.0,0.2568,0.532,0.8555,000000000000,netPrice|graduationRate|medianDebt|medianEarnings|admissionRate|satAverage|actMidpoint|tuitionInState|tuitionOutOfState|pellGrantRate|federalLoanRate|retentionRate
154095,University of Northern Iowa,2021,14017.0,0.6891,NA,NA,0.8579,1147.0,23.0,9053.0,19753.0,0.2597,0.4943,0.8069,000000000000,netPrice|graduationRate|medianDebt|medianEarnings|admissionRate|satAverage|actMidpoint|tuitionInState|tuitionOutOfState|pellGrantRate|federalLoanRate|retentionRate
154095,University of Northern Iowa,2022,14414.0,0.6384,NA,NA,0.9495,1121.0,NA,9411.0,20565.0,0.2601,0.466,0.8257,000000000000,netPrice|graduationRate|medianDebt|medianEarnings|admissionRate|satAverage|actMidpoint|tuitionInState|tuitionOutOfState|pellGrantRate|federalLoanRate|retentionRate
154095,University of Northern Iowa,2023,NA,NA,NA,NA,NA,NA,NA,NA,NA,NA,NA,NA,000000000000,netPrice|graduationRate|medianDebt|medianEarnings|admissionRate|satAverage|actMidpoint|tuitionInState|tuitionOutOfState|pellGrantRate|federalLoanRate|retentionRate
154095,University of Northern Iowa,2024,NA,NA,NA,NA,NA,NA,NA,NA,NA,NA,NA,NA,000000000000,netPrice|graduationRate|medianDebt|medianEarnings|admissionRate|satAverage|actMidpoint|tuitionInState|tuitionOutOfState|pellGrantRate|federalLoanRate|retentionRate
155317,University of Kansas,2012,17216.0,0.6403,19102.0,44800.0,0.9274,1145.0,25.0,9678.0,23748.0,0.2222,0.4622,0.7916,000000000000,netPrice|graduationRate|medianDebt|medianEarnings|admissionRate|satAverage|actMidpoint|tuitionInState|tuitionOutOfState|pellGrantRate|federalLoanRate|retentionRate
155317,University of Kansas,2013,17690.0,0.6162,19000.0,46500.0,0.9228,1145.0,25.0,10107.0,24873.0,0.2216,0.4532,0.799,000000000000,netPrice|graduationRate|medianDebt|medianEarnings|admissionRate|satAverage|actMidpoint|tuitionInState|tuitionOutOfState|pellGrantRate|federalLoanRate|retentionRate
155317,University of Kansas,2014,18434.0,0.6,19500.0,48800.0,0.9142,1145.0,25.0,10448.0,25731.0,0.2216,0.4456,0.8042,000000000000,netPrice|graduationRate|medianDebt|medianEarnings|admissionRate|satAverage|actMidpoint|tuitionInState|tuitionOutOfState|pellGrantRate|federalLoanRate|retentionRate
155317,University of Kansas,2015,18755.0,0.6133,20454.0,NA,0.9347,1145.0,25.0,10825.0,26659.0,0.2289,0.4514,0.8,000000000000,netPrice|graduationRate|medianDebt|medianEarnings|admissionRate|satAverage|actMidpoint|tuitionInState|tuitionOutOfState|pellGrantRate|federalLoanRate|retentionRate
155317,University of Kansas,2016,18234.0,0.6343,20500.0,NA,0.9301,1185.0,26.0,11455.0,28239.0,0.2222,0.435,0.8086,000000000000,netPrice|graduationRate|medianDebt|medianEarnings|admissionRate|satAverage|actMidpoint|tuitionInState|tuitionOutOfState|pellGrantRate|federalLoanRate|retentionRate
155317,University of Kansas,2017,18814.0,0.6308,21105.0,NA,0.9338,1230.0,26.0,10824.0,26592.0,0.2217,0.4387,0.8298,000000000000,netPrice|graduationRate|medianDebt|medianEarnings|admissionRate|satAverage|actMidpoint|tuitionInState|tuitionOutOfState|pellGrantRate|federalLoanRate|retentionRate
155317,University of Kansas,2018,18571.0,0.6478,21375.0,NA,0.9171,1250.0,26.0,11148.0,27358.0,0.2182,0.4302,0.8394,000000000000,netPrice|graduationRate|medianDebt|medianEarnings|admissionRate|satAverage|actMidpoint|tuitionInState|tuitionOutOfState|pellGrantRate|federalLoanRate|retentionRate
155317,University of Kansas,2019,18918.0,0.6651,21000.0,NA,0.931,1235.0,26.0,11166.0,28034.0,0.2128,0.4175,0.8615,000000000000,netPrice|graduationRate|medianDebt|medianEarnings|admissionRate|satAverage|actMidpoint|tuitionInState|tuitionOutOfState|pellGrantRate|federalLoanRate|retentionRate
155317,University of Kansas,2020,20257.0,0.6311,21000.0,61945.0,0.9093,1227.0,26.0,11166.0,28034.0,0.2015,0.4038,0.857,000000000000,netPrice|graduationRate|medianDebt|medianEarnings|admissionRate|satAverage|actMidpoint|tuitionInState|tuitionOutOfState|pellGrantRate|federalLoanRate|retentionRate
155317,University of Kansas,2021,18709.0,0.6603,NA,NA,0.925,1219.0,25.0,11166.0,28034.0,0.1978,0.3759,0.8476,000000000000,netPrice|graduationRate|medianDebt|medianEarnings|admissionRate|satAverage|actMidpoint|tuitionInState|tuitionOutOfState|pellGrantRate|federalLoanRate|retentionRate
155317,University of Kansas,2022,18430.0,0.6728,NA,NA,0.8784,1192.0,NA,11167.0,28035.0,0.1944,0.3647,0.8469,000000000000,netPrice|graduationRate|medianDebt|medianEarnings|admissionRate|satAverage|actMidpoint|tuitionInState|tuitionOutOfState|pellGrantRate|federalLoanRate|retentionRate
155317,University of Kansas,2023,NA,NA,NA,NA,NA,NA,NA,NA,NA,NA,NA,NA,000000000000,netPrice|graduationRate|medianDebt|medianEarnings|admissionRate|satAverage|actMidpoint|tuitionInState|tuitionOutOfState|pellGrantRate|federalLoanRate|retentionRate
155317,University of Kansas,2024,NA,NA,NA,NA,NA,NA,NA,NA,NA,NA,NA,NA,000000000000,netPrice|graduationRate|medianDebt|medianEarnings|admissionRate|satAverage|actMidpoint|tuitionInState|tuitionOutOfState|pellGrantRate|federalLoanRate|retentionRate
155399,Kansas State University,2012,15192.0,0.5815,21000.0,43300.0,0.99,1096.2228239584929,24.09686255085664,8047.0,20146.0,0.2553,0.5182,0.8031,000001100000,netPrice|graduationRate|medianDebt|medianEarnings|admissionRate|satAverage|actMidpoint|tuitionInState|tuitionOutOfState|pellGrantRate|federalLoanRate|retentionRate
155399,Kansas State University,2013,15852.0,0.5944,21525.0,43800.0,0.9591,1095.064658767479,24.082466178598256,8585.0,21530.0,0.2526,0.5084,0.8119,000001100000,netPrice|graduationRate|medianDebt|medianEarnings|admissionRate|satAverage|actMidpoint|tuitionInState|tuitionOutOfState|pellGrantRate|federalLoanRate|retentionRate
155399,Kansas State University,2014,16384.0,0.5858,21823.5,45600.0,0.9493,1096.3509624523713,24.253321794094138,9034.0,22624.0,0.2447,0.4922,0.8324,000001100000,netPrice|graduationRate|medianDebt|medianEarnings|admissionRate|satAverage|actMidpoint|tuitionInState|tuitionOutOfState|pellGrantRate|federalLoanRate|retentionRate
155399,Kansas State University,2015,17401.0,0.617,22500.0,NA,0.9492,1098.9640611336285,24.30904145151684,9350.0,23429.0,0.2352,0.4798,0.8345,000001100000,netPrice|graduationRate|medianDebt|medianEarnings|admissionRate|satAverage|actMidpoint|tuitionInState|tuitionOutOfState|pellGrantRate|federalLoanRate|retentionRate
155399,Kansas State University,2016,17023.0,0.6266,22500.0,NA,0.9407,1101.2946129765546,24.323318392615686,9874.0,24775.0,0.2333,0.4729,0.8511,000001100000,netPrice|graduationRate|medianDebt|medianEarnings|admissionRate|satAverage|actMidpoint|tuitionInState|tuitionOutOfState|pellGrantRate|federalLoanRate|retentionRate
155399,Kansas State University,2017,17926.0,0.6266,22250.0,NA,0.9412,1177.272518120531,24.5356799754268,10135.0,25492.0,0.229,0.4673,0.8428,000001100000,netPrice|graduationRate|medianDebt|medianEarnings|admissionRate|satAverage|actMidpoint|tuitionInState|tuitionOutOfState|pellGrantRate|federalLoanRate|retentionRate
155399,Kansas State University,2018,18450.0,0.6397,22093.0,NA,0.934,1178.4556543709496,24.36860560505096,10383.0,25887.0,0.2337,0.461,0.8549,000001100000,netPrice|graduationRate|medianDebt|medianEarnings|admissionRate|satAverage|actMidpoint|tuitionInState|tuitionOutOfState|pellGrantRate|federalLoanRate|retentionRate
155399,Kansas State University,2019,18285.0,0.6525,21500.0,NA,0.9537,1175.286089671017,24.15173916654048,10440.0,26316.0,0.2272,0.4455,0.8576,000001100000,netPrice|graduationRate|medianDebt|medianEarnings|admissionRate|satAverage|actMidpoint|tuitionInState|tuitionOutOfState|pellGrantRate|federalLoanRate|retentionRate
155399,Kansas State University,2020,18433.0,0.6752,21250.0,57262.0,0.9415,1171.5856207115723,24.45355286730678,10466.0,26342.0,0.2167,0.4338,0.8716,000001100000,netPrice|graduationRate|medianDebt|medianEarnings|admissionRate|satAverage|actMidpoint|tuitionInState|tuitionOutOfState|pellGrantRate|federalLoanRate|retentionRate
155399,Kansas State University,2021,18902.0,0.6842,NA,NA,0.9561,1191.692133408278,25.00524662526633,10420.0,26491.0,0.2035,0.4078,0.8624,000001100000,netPrice|graduationRate|medianDebt|medianEarnings|admissionRate|satAverage|actMidpoint|tuitionInState|tuitionOutOfState|pellGrantRate|federalLoanRate|retentionRate
155399,Kansas State University,2022,17861.0,0.6857,NA,NA,0.9514,1183.8565338249014,NA,10448.0,26519.0,0.1983,0.3791,0.8619,000001000000,netPrice|graduationRate|medianDebt|medianEarnings|admissionRate|satAverage|actMidpoint|tuitionInState|tuitionOutOfState|pellGrantRate|federalLoanRate|retentionRate
155399,Kansas State University,2023,NA,NA,NA,NA,NA,NA,NA,NA,NA,NA,NA,NA,000000000000,netPrice|graduationRate|medianDebt|medianEarnings|admissionRate|satAverage|actMidpoint|tuitionInState|tuitionOutOfState|pellGrantRate|federalLoanRate|retentionRate
155399,Kansas State University,2024,NA,NA,NA,NA,NA,NA,NA,NA,NA,NA,NA,NA,000000000000,netPrice|graduationRate|medianDebt|medianEarnings|admissionRate|satAverage|actMidpoint|tuitionInState|tuitionOutOfState|pellGrantRate|federalLoanRate|retentionRate
156125,Wichita State University,2012,13166.0,0.4141,18515.0,39300.0,0.9522,1048.0,23.0,6442.0,14476.0,0.364,0.5211,0.7017,000000000000,netPrice|graduationRate|medianDebt|medianEarnings|admissionRate|satAverage|actMidpoint|tuitionInState|tuitionOutOfState|pellGrantRate|federalLoanRate|retentionRate
156125,Wichita State University,2013,13342.0,0.4637,19500.0,39600.0,0.9576,1089.0,24.0,6926.0,14960.0,0.3595,0.5022,0.7449,000000000000,netPrice|graduationRate|medianDebt|medianEarnings|admissionRate|satAverage|actMidpoint|tuitionInState|tuitionOutOfState|pellGrantRate|federalLoanRate|retentionRate
156125,Wichita State University,2014,11939.0,0.4445,20000.0,40400.0,0.9553,1064.577398275452,23.243194688473768,7265.0,15299.0,0.3636,0.5096,0.7448,000001100000,netPrice|graduationRate|medianDebt|medianEarnings|admissionRate|satAverage|actMidpoint|tuitionInState|tuitionOutOfState|pellGrantRate|federalLoanRate|retentionRate
156125,Wichita State University,2015,14945.0,0.4294,20000.0,NA,0.9473,1089.0,24.0,7528.0,15851.0,0.3607,0.5101,0.7161,000000000000,netPrice|graduationRate|medianDebt|medianEarnings|admissionRate|satAverage|actMidpoint|tuitionInState|tuitionOutOfState|pellGrantRate|federalLoanRate|retentionRate
156125,Wichita State University,2016,17640.0,0.46,21000.0,NA,0.8623,1102.0,24.0,7895.0,16634.0,0.3451,0.5085,0.7236,000000000000,netPrice|graduationRate|medianDebt|medianEarnings|admissionRate|satAverage|actMidpoint|tuitionInState|tuitionOutOfState|pellGrantRate|federalLoanRate|retentionRate
156125,Wichita State University,2017,14113.0,0.4757,21625.0,NA,0.938,1159.0,24.0,8432.0,17390.0,0.3385,0.4952,0.7254,000000000000,netPrice|graduationRate|medianDebt|medianEarnings|admissionRate|satAverage|actMidpoint|tuitionInState|tuitionOutOfState|pellGrantRate|federalLoanRate|retentionRate
156125,Wichita State University,2018,14876.0,0.4703,21478.0,NA,0.965,1152.0,23.0,8270.0,17452.0,0.3354,0.4765,0.7304,000000000000,netPrice|graduationRate|medianDebt|medianEarnings|admissionRate|satAverage|actMidpoint|tuitionInState|tuitionOutOfState|pellGrantRate|federalLoanRate|retentionRate
156125,Wichita State University,2019,14382.0,0.5016,21250.0,NA,0.917,1168.0,24.0,8298.0,17480.0,0.3265,0.4517,0.6863,000000000000,netPrice|graduationRate|medianDebt|medianEarnings|admissionRate|satAverage|actMidpoint|tuitionInState|tuitionOutOfState|pellGrantRate|federalLoanRate|retentionRate
156125,Wichita State University,2020,14859.0,0.4843,20500.0,51532.0,0.7963,1167.0,24.0,8433.0,17798.0,0.316,0.4304,0.7088,000000000000,netPrice|graduationRate|medianDebt|medianEarnings|admissionRate|satAverage|actMidpoint|tuitionInState|tuitionOutOfState|pellGrantRate|federalLoanRate|retentionRate
156125,Wichita State University,2021,14372.0,0.4767,NA,NA,0.9106,1132.0,23.0,8800.0,18165.0,0.309,0.4144,0.6866,000000000000,netPrice|graduationRate|medianDebt|medianEarnings|admissionRate|satAverage|actMidpoint|tuitionInState|tuitionOutOfState|pellGrantRate|federalLoanRate|retentionRate
156125,Wichita State University,2022,13299.0,0.5159,NA,NA,0.9485,1118.0,NA,8866.0,18226.0,0.3007,0.3706,0.6602,000000000000,netPrice|graduationRate|medianDebt|medianEarnings|admissionRate|satAverage|actMidpoint|tuitionInState|tuitionOutOfState|pellGrantRate|federalLoanRate|retentionRate
156125,Wichita State University,2023,NA,NA,NA,NA,NA,NA,NA,NA,NA,NA,NA,NA,000000000000,netPrice|graduationRate|medianDebt|medianEarnings|admissionRate|satAverage|actMidpoint|tuitionInState|tuitionOutOfState|pellGrantRate|federalLoanRate|retentionRate
156125,Wichita State University,2024,NA,NA,NA,NA,NA,NA,NA,NA,NA,NA,NA,NA,000000000000,netPrice|graduationRate|medianDebt|medianEarnings|admissionRate|satAverage|actMidpoint|tuitionInState|tuitionOutOfState|pellGrantRate|federalLoanRate|retentionRate
156620,Eastern Kentucky University,2012,10943.0,0.3669,19500.0,34100.0,0.6629,1008.0,22.0,7320.0,16464.0,0.4363,0.6111,0.6775,000000000000,netPrice|graduationRate|medianDebt|medianEarnings|admissionRate|satAverage|actMidpoint|tuitionInState|tuitionOutOfState|pellGrantRate|federalLoanRate|retentionRate
156620,Eastern Kentucky University,2013,10496.0,0.3888,21000.0,34800.0,0.6002,1009.0,22.0,7536.0,16608.0,0.4278,0.5983,0.7149,000000000000,netPrice|graduationRate|medianDebt|medianEarnings|admissionRate|satAverage|actMidpoint|tuitionInState|tuitionOutOfState|pellGrantRate|federalLoanRate|retentionRate
156620,Eastern Kentucky University,2014,10686.0,0.4186,22692.0,36100.0,0.7387,1008.0,22.0,7920.0,17448.0,0.4242,0.5829,0.7183,000000000000,netPrice|graduationRate|medianDebt|medianEarnings|admissionRate|satAverage|actMidpoint|tuitionInState|tuitionOutOfState|pellGrantRate|federalLoanRate|retentionRate
156620,Eastern Kentucky University,2015,11647.0,0.4099,23242.0,NA,0.7063,1028.0,22.0,8150.0,17640.0,0.4336,0.5797,0.7403,000000000000,netPrice|graduationRate|medianDebt|medianEarnings|admissionRate|satAverage|actMidpoint|tuitionInState|tuitionOutOfState|pellGrantRate|federalLoanRate|retentionRate
156620,Eastern Kentucky University,2016,11150.0,0.407,23125.0,NA,0.8633,1049.0,23.0,8868.0,18180.0,0.4084,0.5513,0.7403,000000000000,netPrice|graduationRate|medianDebt|medianEarnings|admissionRate|satAverage|actMidpoint|tuitionInState|tuitionOutOfState|pellGrantRate|federalLoanRate|retentionRate
156620,Eastern Kentucky University,2017,11892.0,0.4383,23000.0,NA,0.8737,1123.0,23.0,9366.0,18250.0,0.3884,0.5391,0.7343,000000000000,netPrice|graduationRate|medianDebt|medianEarnings|admissionRate|satAverage|actMidpoint|tuitionInState|tuitionOutOfState|pellGrantRate|federalLoanRate|retentionRate
156620,Eastern Kentucky University,2018,13845.0,0.4678,22899.0,NA,0.8729,1147.0,23.0,9666.0,19444.0,0.395,0.5234,0.7301,000000000000,netPrice|graduationRate|medianDebt|medianEarnings|admissionRate|satAverage|actMidpoint|tuitionInState|tuitionOutOfState|pellGrantRate|federalLoanRate|retentionRate
156620,Eastern Kentucky University,2019,14149.0,0.4524,22760.0,NA,0.9383,1144.0,23.0,9876.0,19948.0,0.3885,0.5046,0.7506,000000000000,netPrice|graduationRate|medianDebt|medianEarnings|admissionRate|satAverage|actMidpoint|tuitionInState|tuitionOutOfState|pellGrantRate|federalLoanRate|retentionRate
156620,Eastern Kentucky University,2020,13763.0,0.4522,22500.0,45795.0,0.9795,1116.0,22.0,9876.0,19948.0,0.3844,0.5043,0.7948,000000000000,netPrice|graduationRate|medianDebt|medianEarnings|admissionRate|satAverage|actMidpoint|tuitionInState|tuitionOutOfState|pellGrantRate|federalLoanRate|retentionRate
156620,Eastern Kentucky University,2021,13821.0,0.4777,NA,NA,0.9835,1084.0,21.0,9752.0,20024.0,0.3804,0.4614,0.7386,000000000000,netPrice|graduationRate|medianDebt|medianEarnings|admissionRate|satAverage|actMidpoint|tuitionInState|tuitionOutOfState|pellGrantRate|federalLoanRate|retentionRate
156620,Eastern Kentucky University,2022,10158.0,0.4924,NA,NA,0.6431,1051.0,NA,9844.0,20222.0,0.3815,0.4395,0.7698,000000000000,netPrice|graduationRate|medianDebt|medianEarnings|admissionRate|satAverage|actMidpoint|tuitionInState|tuitionOutOfState|pellGrantRate|federalLoanRate|retentionRate
156620,Eastern Kentucky University,2023,NA,NA,NA,NA,NA,NA,NA,NA,NA,NA,NA,NA,000000000000,netPrice|graduationRate|medianDebt|medianEarnings|admissionRate|satAverage|actMidpoint|tuitionInState|tuitionOutOfState|pellGrantRate|federalLoanRate|retentionRate
156620,Eastern Kentucky University,2024,NA,NA,NA,NA,NA,NA,NA,NA,NA,NA,NA,NA,000000000000,netPrice|graduationRate|medianDebt|medianEarnings|admissionRate|satAverage|actMidpoint|tuitionInState|tuitionOutOfState|pellGrantRate|federalLoanRate|retentionRate
157085,University of Kentucky,2012,14335.0,0.5911,18250.0,41900.0,0.6838,1157.0,26.0,9676.0,19864.0,0.2435,0.4923,0.8128,000000000000,netPrice|graduationRate|medianDebt|medianEarnings|admissionRate|satAverage|actMidpoint|tuitionInState|tuitionOutOfState|pellGrantRate|federalLoanRate|retentionRate
157085,University of Kentucky,2013,14333.0,0.6184,19500.0,43000.0,0.6861,1140.0,25.0,10110.0,21192.0,0.2481,0.4597,0.8253,000000000000,netPrice|graduationRate|medianDebt|medianEarnings|admissionRate|satAverage|actMidpoint|tuitionInState|tuitionOutOfState|pellGrantRate|federalLoanRate|retentionRate
157085,University of Kentucky,2014,14785.0,0.6139,21250.0,45100.0,0.7221,1142.0,25.0,10616.0,22888.0,0.2469,0.4426,0.8218,000000000000,netPrice|graduationRate|medianDebt|medianEarnings|admissionRate|satAverage|actMidpoint|tuitionInState|tuitionOutOfState|pellGrantRate|federalLoanRate|retentionRate
157085,University of Kentucky,2015,16298.0,0.6275,22500.0,NA,0.8911,1143.0,25.0,10936.0,24268.0,0.2479,0.4491,0.8268,000000000000,netPrice|graduationRate|medianDebt|medianEarnings|admissionRate|satAverage|actMidpoint|tuitionInState|tuitionOutOfState|pellGrantRate|federalLoanRate|retentionRate
157085,University of Kentucky,2016,17617.0,0.6396,23000.0,NA,0.9079,1159.0,26.0,11484.0,26334.0,0.232,0.4348,0.8172,000000000000,netPrice|graduationRate|medianDebt|medianEarnings|admissionRate|satAverage|actMidpoint|tuitionInState|tuitionOutOfState|pellGrantRate|federalLoanRate|retentionRate
157085,University of Kentucky,2017,18903.0,0.6505,23102.0,NA,0.9577,1213.0,25.0,11942.0,28046.0,0.2287,0.4331,0.8334,000000000000,netPrice|graduationRate|medianDebt|medianEarnings|admissionRate|satAverage|actMidpoint|tuitionInState|tuitionOutOfState|pellGrantRate|federalLoanRate|retentionRate
157085,University of Kentucky,2018,18523.0,0.6616,23200.0,NA,0.9448,1239.0,26.0,12245.0,29099.0,0.2381,0.4248,0.8454,000000000000,netPrice|graduationRate|medianDebt|medianEarnings|admissionRate|satAverage|actMidpoint|tuitionInState|tuitionOutOfState|pellGrantRate|federalLoanRate|retentionRate
157085,University of Kentucky,2019,17127.0,0.6649,22974.0,NA,0.9585,1227.0,26.0,12360.0,30680.0,0.2328,0.4,0.8505,000000000000,netPrice|graduationRate|medianDebt|medianEarnings|admissionRate|satAverage|actMidpoint|tuitionInState|tuitionOutOfState|pellGrantRate|federalLoanRate|retentionRate
157085,University of Kentucky,2020,18203.0,0.6636,22500.0,59025.0,0.9636,1223.0,26.0,12484.0,31294.0,0.2229,0.3946,0.8592,000000000000,netPrice|graduationRate|medianDebt|medianEarnings|admissionRate|satAverage|actMidpoint|tuitionInState|tuitionOutOfState|pellGrantRate|federalLoanRate|retentionRate
157085,University of Kentucky,2021,18268.0,0.6815,NA,NA,0.9401,1232.0,26.0,12610.0,31608.0,0.2124,0.3644,0.8573,000000000000,netPrice|graduationRate|medianDebt|medianEarnings|admissionRate|satAverage|actMidpoint|tuitionInState|tuitionOutOfState|pellGrantRate|federalLoanRate|retentionRate
157085,University of Kentucky,2022,16328.0,0.6877,NA,NA,0.9489,1189.0,NA,12859.0,32276.0,0.2118,0.3553,0.8454,000000000000,netPrice|graduationRate|medianDebt|medianEarnings|admissionRate|satAverage|actMidpoint|tuitionInState|tuitionOutOfState|pellGrantRate|federalLoanRate|retentionRate
157085,University of Kentucky,2023,NA,NA,NA,NA,NA,NA,NA,NA,NA,NA,NA,NA,000000000000,netPrice|graduationRate|medianDebt|medianEarnings|admissionRate|satAverage|actMidpoint|tuitionInState|tuitionOutOfState|pellGrantRate|federalLoanRate|retentionRate
157085,University of Kentucky,2024,NA,NA,NA,NA,NA,NA,NA,NA,NA,NA,NA,NA,000000000000,netPrice|graduationRate|medianDebt|medianEarnings|admissionRate|satAverage|actMidpoint|tuitionInState|tuitionOutOfState|pellGrantRate|federalLoanRate|retentionRate
157289,University of Louisville,2012,12871.0,0.521,18498.0,38500.0,0.7271,1124.0,25.0,9662.0,23146.0,0.3115,0.4427,0.7706,000000000000,netPrice|graduationRate|medianDebt|medianEarnings|admissionRate|satAverage|actMidpoint|tuitionInState|tuitionOutOfState|pellGrantRate|federalLoanRate|retentionRate
157289,University of Louisville,2013,13834.0,0.5343,19751.0,40300.0,0.7112,1142.0,25.0,9946.0,23834.0,0.2999,0.4323,0.7788,000000000000,netPrice|graduationRate|medianDebt|medianEarnings|admissionRate|satAverage|actMidpoint|tuitionInState|tuitionOutOfState|pellGrantRate|federalLoanRate|retentionRate
157289,University of Louisville,2014,14370.0,0.5353,20000.0,41800.0,0.7386,1144.0,25.0,10432.0,24320.0,0.2925,0.4158,0.8057,000000000000,netPrice|graduationRate|medianDebt|medianEarnings|admissionRate|satAverage|actMidpoint|tuitionInState|tuitionOutOfState|pellGrantRate|federalLoanRate|retentionRate
157289,University of Louisville,2015,15782.0,0.5285,19500.0,NA,0.7169,1159.0,26.0,10744.0,25050.0,0.2894,0.4091,0.7936,000000000000,netPrice|graduationRate|medianDebt|medianEarnings|admissionRate|satAverage|actMidpoint|tuitionInState|tuitionOutOfState|pellGrantRate|federalLoanRate|retentionRate
157289,University of Louisville,2016,15968.0,0.5269,19755.0,NA,0.7257,1165.0,26.0,11264.0,26286.0,0.283,0.3981,0.7967,000000000000,netPrice|graduationRate|medianDebt|medianEarnings|admissionRate|satAverage|actMidpoint|tuitionInState|tuitionOutOfState|pellGrantRate|federalLoanRate|retentionRate
157289,University of Louisville,2017,16721.0,0.5441,20534.0,NA,0.753,1211.0,25.0,11264.0,26286.0,0.2699,0.3961,0.8069,000000000000,netPrice|graduationRate|medianDebt|medianEarnings|admissionRate|satAverage|actMidpoint|tuitionInState|tuitionOutOfState|pellGrantRate|federalLoanRate|retentionRate
157289,University of Louisville,2018,16692.0,0.5654,20500.0,NA,0.7243,1227.0,26.0,11656.0,27278.0,0.287,0.3944,0.8027,000000000000,netPrice|graduationRate|medianDebt|medianEarnings|admissionRate|satAverage|actMidpoint|tuitionInState|tuitionOutOfState|pellGrantRate|federalLoanRate|retentionRate
157289,University of Louisville,2019,16867.0,0.5861,20281.0,NA,0.6928,1226.0,26.0,11928.0,27954.0,0.2933,0.3812,0.8011,000000000000,netPrice|graduationRate|medianDebt|medianEarnings|admissionRate|satAverage|actMidpoint|tuitionInState|tuitionOutOfState|pellGrantRate|federalLoanRate|retentionRate
157289,University of Louisville,2020,16828.0,0.6034,20500.0,53899.0,0.6512,1198.0,25.0,12162.0,28508.0,0.289,0.3653,0.8094,000000000000,netPrice|graduationRate|medianDebt|medianEarnings|admissionRate|satAverage|actMidpoint|tuitionInState|tuitionOutOfState|pellGrantRate|federalLoanRate|retentionRate
157289,University of Louisville,2021,17744.0,0.6248,NA,NA,0.7469,1182.0,24.0,12370.0,28716.0,0.2773,0.3236,0.7666,000000000000,netPrice|graduationRate|medianDebt|medianEarnings|admissionRate|satAverage|actMidpoint|tuitionInState|tuitionOutOfState|pellGrantRate|federalLoanRate|retentionRate
157289,University of Louisville,2022,18277.0,0.6216,NA,NA,0.8154,1153.0,NA,12520.0,28866.0,0.2914,0.3044,0.7827,000000000000,netPrice|graduationRate|medianDebt|medianEarnings|admissionRate|satAverage|actMidpoint|tuitionInState|tuitionOutOfState|pellGrantRate|federalLoanRate|retentionRate
157289,University of Louisville,2023,NA,NA,NA,NA,NA,NA,NA,NA,NA,NA,NA,NA,000000000000,netPrice|graduationRate|medianDebt|medianEarnings|admissionRate|satAverage|actMidpoint|tuitionInState|tuitionOutOfState|pellGrantRate|federalLoanRate|retentionRate
157289,University of Louisville,2024,NA,NA,NA,NA,NA,NA,NA,NA,NA,NA,NA,NA,000000000000,netPrice|graduationRate|medianDebt|medianEarnings|admissionRate|satAverage|actMidpoint|tuitionInState|tuitionOutOfState|pellGrantRate|federalLoanRate|retentionRate
159391,Louisiana State University and Agricultural & Mechanical College,2012,10149.0,0.6669,17750.0,45800.0,0.7956,1162.0,26.0,6989.0,22265.0,0.2012,0.3376,0.83,000000000000,netPrice|graduationRate|medianDebt|medianEarnings|admissionRate|satAverage|actMidpoint|tuitionInState|tuitionOutOfState|pellGrantRate|federalLoanRate|retentionRate
159391,Louisiana State University and Agricultural & Mechanical College,2013,11610.0,0.6914,19162.0,47600.0,0.7623,1162.0,26.0,7873.0,25790.0,0.1978,0.3532,0.8249,000000000000,netPrice|graduationRate|medianDebt|medianEarnings|admissionRate|satAverage|actMidpoint|tuitionInState|tuitionOutOfState|pellGrantRate|federalLoanRate|retentionRate
159391,Louisiana State University and Agricultural & Mechanical College,2014,11958.0,0.6739,19500.0,50100.0,0.7663,1161.0,26.0,8750.0,26467.0,0.2013,0.3486,0.8463,000000000000,netPrice|graduationRate|medianDebt|medianEarnings|admissionRate|satAverage|actMidpoint|tuitionInState|tuitionOutOfState|pellGrantRate|federalLoanRate|retentionRate
159391,Louisiana State University and Agricultural & Mechanical College,2015,11355.0,0.6727,20682.0,NA,0.7734,1163.0,26.0,9714.0,26877.0,0.2028,0.2969,0.8479,000000000000,netPrice|graduationRate|medianDebt|medianEarnings|admissionRate|satAverage|actMidpoint|tuitionInState|tuitionOutOfState|pellGrantRate|federalLoanRate|retentionRate
159391,Louisiana State University and Agricultural & Mechanical College,2016,13624.0,0.6798,20999.5,NA,0.7639,1162.0,26.0,10814.0,27491.0,0.2052,0.3666,0.8279,000000000000,netPrice|graduationRate|medianDebt|medianEarnings|admissionRate|satAverage|actMidpoint|tuitionInState|tuitionOutOfState|pellGrantRate|federalLoanRate|retentionRate
159391,Louisiana State University and Agricultural & Mechanical College,2017,18181.0,0.6665,20250.0,NA,0.7392,1226.0,26.0,11374.0,28051.0,0.2031,0.3929,0.8295,000000000000,netPrice|graduationRate|medianDebt|medianEarnings|admissionRate|satAverage|actMidpoint|tuitionInState|tuitionOutOfState|pellGrantRate|federalLoanRate|retentionRate
159391,Louisiana State University and Agricultural & Mechanical College,2018,15428.0,0.6657,20500.0,NA,0.7423,1242.0,26.0,11950.0,28627.0,0.2037,0.3141,0.8382,000000000000,netPrice|graduationRate|medianDebt|medianEarnings|admissionRate|satAverage|actMidpoint|tuitionInState|tuitionOutOfState|pellGrantRate|federalLoanRate|retentionRate
159391,Louisiana State University and Agricultural & Mechanical College,2019,15465.0,0.6812,20500.0,NA,0.7458,1242.0,26.0,11962.0,28639.0,0.2241,0.3242,0.8317,000000000000,netPrice|graduationRate|medianDebt|medianEarnings|admissionRate|satAverage|actMidpoint|tuitionInState|tuitionOutOfState|pellGrantRate|federalLoanRate|retentionRate
159391,Louisiana State University and Agricultural & Mechanical College,2020,17811.0,0.6956,20500.0,61251.0,0.7338,1229.0,26.0,11962.0,28639.0,0.2387,0.3072,0.8595,000000000000,netPrice|graduationRate|medianDebt|medianEarnings|admissionRate|satAverage|actMidpoint|tuitionInState|tuitionOutOfState|pellGrantRate|federalLoanRate|retentionRate
159391,Louisiana State University and Agricultural & Mechanical College,2021,18300.0,0.6899,NA,NA,0.7086,1247.0,26.0,11958.0,28635.0,0.2421,0.2753,0.8364,000000000000,netPrice|graduationRate|medianDebt|medianEarnings|admissionRate|satAverage|actMidpoint|tuitionInState|tuitionOutOfState|pellGrantRate|federalLoanRate|retentionRate
159391,Louisiana State University and Agricultural & Mechanical College,2022,18761.0,0.6985,NA,NA,0.7572,1221.0,NA,11954.0,28631.0,0.2482,0.2646,0.8357,000000000000,netPrice|graduationRate|medianDebt|medianEarnings|admissionRate|satAverage|actMidpoint|tuitionInState|tuitionOutOfState|pellGrantRate|federalLoanRate|retentionRate
159391,Louisiana State University and Agricultural & Mechanical College,2023,NA,NA,NA,NA,NA,NA,NA,NA,NA,NA,NA,NA,000000000000,netPrice|graduationRate|medianDebt|medianEarnings|admissionRate|satAverage|actMidpoint|tuitionInState|tuitionOutOfState|pellGrantRate|federalLoanRate|retentionRate
159391,Louisiana State University and Agricultural & Mechanical College,2024,NA,NA,NA,NA,NA,NA,NA,NA,NA,NA,NA,NA,000000000000,netPrice|graduationRate|medianDebt|medianEarnings|admissionRate|satAverage|actMidpoint|tuitionInState|tuitionOutOfState|pellGrantRate|federalLoanRate|retentionRate
160612,Southeastern Louisiana University,2012,9125.0,0.343,18300.0,34800.0,0.4563,1010.0,22.0,5242.0,16101.0,0.3671,0.4351,0.6708,000000000000,netPrice|graduationRate|medianDebt|medianEarnings|admissionRate|satAverage|actMidpoint|tuitionInState|tuitionOutOfState|pellGrantRate|federalLoanRate|retentionRate
160612,Southeastern Louisiana University,2013,9493.0,0.3582,19288.0,36000.0,0.448,1030.0,22.0,5715.0,17734.0,0.3334,0.3998,0.6328,000000000000,netPrice|graduationRate|medianDebt|medianEarnings|admissionRate|satAverage|actMidpoint|tuitionInState|tuitionOutOfState|pellGrantRate|federalLoanRate|retentionRate
160612,Southeastern Louisiana University,2014,10022.0,0.3724,20500.0,37200.0,0.8373,1030.0,22.0,6547.0,19111.0,0.3652,0.4231,0.6209,000000000000,netPrice|graduationRate|medianDebt|medianEarnings|admissionRate|satAverage|actMidpoint|tuitionInState|tuitionOutOfState|pellGrantRate|federalLoanRate|retentionRate
160612,Southeastern Louisiana University,2015,10254.0,0.378,20946.0,NA,0.8795,1030.0,22.0,7280.0,19758.0,0.3355,0.3891,0.6437,000000000000,netPrice|graduationRate|medianDebt|medianEarnings|admissionRate|satAverage|actMidpoint|tuitionInState|tuitionOutOfState|pellGrantRate|federalLoanRate|retentionRate
160612,Southeastern Louisiana University,2016,11222.0,0.3985,21000.0,NA,0.873,1010.0,22.0,7773.0,20251.0,0.326,0.3891,0.6248,000000000000,netPrice|graduationRate|medianDebt|medianEarnings|admissionRate|satAverage|actMidpoint|tuitionInState|tuitionOutOfState|pellGrantRate|federalLoanRate|retentionRate
160612,Southeastern Louisiana University,2017,12739.0,0.4135,21986.0,NA,0.8834,1085.0,22.0,8153.0,20631.0,0.3342,0.4207,0.6601,000000000000,netPrice|graduationRate|medianDebt|medianEarnings|admissionRate|satAverage|actMidpoint|tuitionInState|tuitionOutOfState|pellGrantRate|federalLoanRate|retentionRate
160612,Southeastern Louisiana University,2018,11910.0,0.3959,21745.0,NA,0.8963,1105.0,22.0,8165.0,20643.0,0.3568,0.4277,0.6739,000000000000,netPrice|graduationRate|medianDebt|medianEarnings|admissionRate|satAverage|actMidpoint|tuitionInState|tuitionOutOfState|pellGrantRate|federalLoanRate|retentionRate
160612,Southeastern Louisiana University,2019,12171.0,0.3941,21500.0,NA,0.9021,1105.0,22.0,8329.0,20807.0,0.3639,0.4242,0.6823,000000000000,netPrice|graduationRate|medianDebt|medianEarnings|admissionRate|satAverage|actMidpoint|tuitionInState|tuitionOutOfState|pellGrantRate|federalLoanRate|retentionRate
160612,Southeastern Louisiana University,2020,12336.0,0.4013,22113.0,46482.0,0.9737,1105.0,22.0,8289.0,20767.0,0.3692,0.4199,0.721,000000000000,netPrice|graduationRate|medianDebt|medianEarnings|admissionRate|satAverage|actMidpoint|tuitionInState|tuitionOutOfState|pellGrantRate|federalLoanRate|retentionRate
160612,Southeastern Louisiana University,2021,13269.0,0.3762,NA,NA,0.9894,1102.4290248770615,21.62045064765752,8289.0,20767.0,0.3549,0.3755,0.6433,000001100000,netPrice|graduationRate|medianDebt|medianEarnings|admissionRate|satAverage|actMidpoint|tuitionInState|tuitionOutOfState|pellGrantRate|federalLoanRate|retentionRate
160612,Southeastern Louisiana University,2022,12387.0,0.4377,NA,NA,0.9898,1090.0,NA,8373.0,20851.0,0.3444,0.3363,0.7056,000000000000,netPrice|graduationRate|medianDebt|medianEarnings|admissionRate|satAverage|actMidpoint|tuitionInState|tuitionOutOfState|pellGrantRate|federalLoanRate|retentionRate
160612,Southeastern Louisiana University,2023,NA,NA,NA,NA,NA,NA,NA,NA,NA,NA,NA,NA,000000000000,netPrice|graduationRate|medianDebt|medianEarnings|admissionRate|satAverage|actMidpoint|tuitionInState|tuitionOutOfState|pellGrantRate|federalLoanRate|retentionRate
160612,Southeastern Louisiana University,2024,NA,NA,NA,NA,NA,NA,NA,NA,NA,NA,NA,NA,000000000000,netPrice|graduationRate|medianDebt|medianEarnings|admissionRate|satAverage|actMidpoint|tuitionInState|tuitionOutOfState|pellGrantRate|federalLoanRate|retentionRate
160658,University of Louisiana at Lafayette,2012,5699.0,0.4391,18550.0,37300.0,0.6036,1068.0,23.0,5374.0,14344.0,0.3491,0.3698,0.7357,000000000000,netPrice|graduationRate|medianDebt|medianEarnings|admissionRate|satAverage|actMidpoint|tuitionInState|tuitionOutOfState|pellGrantRate|federalLoanRate|retentionRate
160658,University of Louisiana at Lafayette,2013,8478.0,0.4482,19250.0,38300.0,0.593,1070.0,23.0,6192.0,15742.0,0.3405,0.3735,0.7426,000000000000,netPrice|graduationRate|medianDebt|medianEarnings|admissionRate|satAverage|actMidpoint|tuitionInState|tuitionOutOfState|pellGrantRate|federalLoanRate|retentionRate
160658,University of Louisiana at Lafayette,2014,8588.0,0.4836,19625.0,39900.0,0.558,1070.0,23.0,6872.0,19272.0,0.331,0.3072,0.763,000000000000,netPrice|graduationRate|medianDebt|medianEarnings|admissionRate|satAverage|actMidpoint|tuitionInState|tuitionOutOfState|pellGrantRate|federalLoanRate|retentionRate
160658,University of Louisiana at Lafayette,2015,9459.0,0.4548,19275.0,NA,0.5527,1069.0,23.0,8256.0,21984.0,0.3203,0.3545,0.7617,000000000000,netPrice|graduationRate|medianDebt|medianEarnings|admissionRate|satAverage|actMidpoint|tuitionInState|tuitionOutOfState|pellGrantRate|federalLoanRate|retentionRate
160658,University of Louisiana at Lafayette,2016,10617.0,0.4547,20000.0,NA,0.511,1089.0,24.0,9450.0,23178.0,0.3185,0.3783,0.7466,000000000000,netPrice|graduationRate|medianDebt|medianEarnings|admissionRate|satAverage|actMidpoint|tuitionInState|tuitionOutOfState|pellGrantRate|federalLoanRate|retentionRate
160658,University of Louisiana at Lafayette,2017,12768.0,0.4412,20750.0,NA,0.5087,1162.0,24.0,9888.0,23616.0,0.3312,0.4694,0.7491,000000000000,netPrice|graduationRate|medianDebt|medianEarnings|admissionRate|satAverage|actMidpoint|tuitionInState|tuitionOutOfState|pellGrantRate|federalLoanRate|retentionRate
160658,University of Louisiana at Lafayette,2018,11228.0,0.4821,21426.0,NA,0.5599,1202.0,25.0,9912.0,23640.0,0.3365,0.4582,0.7482,000000000000,netPrice|graduationRate|medianDebt|medianEarnings|admissionRate|satAverage|actMidpoint|tuitionInState|tuitionOutOfState|pellGrantRate|federalLoanRate|retentionRate
160658,University of Louisiana at Lafayette,2019,12487.0,0.5146,22000.0,NA,0.6791,1169.0,24.0,10382.0,24110.0,0.3399,0.46,0.759,000000000000,netPrice|graduationRate|medianDebt|medianEarnings|admissionRate|satAverage|actMidpoint|tuitionInState|tuitionOutOfState|pellGrantRate|federalLoanRate|retentionRate
160658,University of Louisiana at Lafayette,2020,13094.0,0.5117,22902.0,47089.0,0.6728,1148.0,23.0,10358.0,24086.0,0.3471,0.4529,0.7943,000000000000,netPrice|graduationRate|medianDebt|medianEarnings|admissionRate|satAverage|actMidpoint|tuitionInState|tuitionOutOfState|pellGrantRate|federalLoanRate|retentionRate
160658,University of Louisiana at Lafayette,2021,12642.0,0.5013,NA,NA,0.7835,1105.0,22.0,10346.0,24074.0,0.3379,0.425,0.7476,000000000000,netPrice|graduationRate|medianDebt|medianEarnings|admissionRate|satAverage|actMidpoint|tuitionInState|tuitionOutOfState|pellGrantRate|federalLoanRate|retentionRate
160658,University of Louisiana at Lafayette,2022,13851.0,0.5115,NA,NA,0.8922,1144.4850897269926,NA,10382.0,24110.0,0.3678,0.4125,0.7002,000001000000,netPrice|graduationRate|medianDebt|medianEarnings|admissionRate|satAverage|actMidpoint|tuitionInState|tuitionOutOfState|pellGrantRate|federalLoanRate|retentionRate
160658,University of Louisiana at Lafayette,2023,NA,NA,NA,NA,NA,NA,NA,NA,NA,NA,NA,NA,000000000000,netPrice|graduationRate|medianDebt|medianEarnings|admissionRate|satAverage|actMidpoint|tuitionInState|tuitionOutOfState|pellGrantRate|federalLoanRate|retentionRate
160658,University of Louisiana at Lafayette,2024,NA,NA,NA,NA,NA,NA,NA,NA,NA,NA,NA,NA,000000000000,netPrice|graduationRate|medianDebt|medianEarnings|admissionRate|satAverage|actMidpoint|tuitionInState|tuitionOutOfState|pellGrantRate|federalLoanRate|retentionRate
160977,Bates College,2012,22481.0,0.8839,19000.0,51600.0,0.266,1238.9982227597595,27.586977733366346,44300.0,44300.0,0.1227,0.2764,0.9521,000001100000,netPrice|graduationRate|medianDebt|medianEarnings|admissionRate|satAverage|actMidpoint|tuitionInState|tuitionOutOfState|pellGrantRate|federalLoanRate|retentionRate
160977,Bates College,2013,24936.0,0.9299,16950.0,55700.0,0.2417,1240.3252061617027,27.171445399027125,45650.0,45650.0,0.1112,0.255,0.9163,000001100000,netPrice|graduationRate|medianDebt|medianEarnings|admissionRate|satAverage|actMidpoint|tuitionInState|tuitionOutOfState|pellGrantRate|federalLoanRate|retentionRate
160977,Bates College,2014,24944.0,0.8848,16167.5,59200.0,0.2542,1270.766713367434,28.19773577140024,47030.0,47030.0,0.1167,0.2859,0.946,000001100000,netPrice|graduationRate|medianDebt|medianEarnings|admissionRate|satAverage|actMidpoint|tuitionInState|tuitionOutOfState|pellGrantRate|federalLoanRate|retentionRate
160977,Bates College,2015,25977.0,0.8763,14450.0,NA,0.2178,1267.6599304273716,28.175568546363543,48435.0,48435.0,0.1055,0.2826,0.947,000001100000,netPrice|graduationRate|medianDebt|medianEarnings|admissionRate|satAverage|actMidpoint|tuitionInState|tuitionOutOfState|pellGrantRate|federalLoanRate|retentionRate
160977,Bates College,2016,25100.0,0.8768,14117.0,NA,0.2265,1266.0302413436707,28.141213216132698,50310.0,50310.0,0.1032,0.2734,0.9535,000001100000,netPrice|graduationRate|medianDebt|medianEarnings|admissionRate|satAverage|actMidpoint|tuitionInState|tuitionOutOfState|pellGrantRate|federalLoanRate|retentionRate
160977,Bates College,2017,25192.0,0.924,12725.0,NA,0.2193,1317.4865327626683,28.478896215333375,52042.0,52042.0,0.1079,0.241,0.9498,000001100000,netPrice|graduationRate|medianDebt|medianEarnings|admissionRate|satAverage|actMidpoint|tuitionInState|tuitionOutOfState|pellGrantRate|federalLoanRate|retentionRate
160977,Bates College,2018,26477.0,0.8924,13625.0,NA,0.1779,1321.1550241318876,28.943350948463067,53794.0,53794.0,0.1074,0.221,0.9412,000001100000,netPrice|graduationRate|medianDebt|medianEarnings|admissionRate|satAverage|actMidpoint|tuitionInState|tuitionOutOfState|pellGrantRate|federalLoanRate|retentionRate
160977,Bates College,2019,29321.0,0.908,13978.0,NA,0.1214,1331.1447792430513,29.212765354655808,55683.0,55683.0,0.1114,0.2091,0.9429,000001100000,netPrice|graduationRate|medianDebt|medianEarnings|admissionRate|satAverage|actMidpoint|tuitionInState|tuitionOutOfState|pellGrantRate|federalLoanRate|retentionRate
160977,Bates College,2020,26392.0,0.9246,14275.0,69498.0,0.141,1330.3610025569333,29.467776691291498,57353.0,57353.0,0.1121,0.1808,0.8976,000001100000,netPrice|graduationRate|medianDebt|medianEarnings|admissionRate|satAverage|actMidpoint|tuitionInState|tuitionOutOfState|pellGrantRate|federalLoanRate|retentionRate
160977,Bates College,2021,26560.0,0.9167,NA,NA,0.1731,1353.1703949784555,30.154944365904313,59062.0,59062.0,0.0938,0.1434,0.9163,000001100000,netPrice|graduationRate|medianDebt|medianEarnings|admissionRate|satAverage|actMidpoint|tuitionInState|tuitionOutOfState|pellGrantRate|federalLoanRate|retentionRate
160977,Bates College,2022,29341.0,0.9256,NA,NA,0.1374,1480.0,NA,61066.0,61066.0,0.0999,0.1345,0.9313,000000000000,netPrice|graduationRate|medianDebt|medianEarnings|admissionRate|satAverage|actMidpoint|tuitionInState|tuitionOutOfState|pellGrantRate|federalLoanRate|retentionRate
160977,Bates College,2023,NA,NA,NA,NA,NA,NA,NA,NA,NA,NA,NA,NA,000000000000,netPrice|graduationRate|medianDebt|medianEarnings|admissionRate|satAverage|actMidpoint|tuitionInState|tuitionOutOfState|pellGrantRate|federalLoanRate|retentionRate
160977,Bates College,2024,NA,NA,NA,NA,NA,NA,NA,NA,NA,NA,NA,NA,000000000000,netPrice|graduationRate|medianDebt|medianEarnings|admissionRate|satAverage|actMidpoint|tuitionInState|tuitionOutOfState|pellGrantRate|federalLoanRate|retentionRate
161253,University of Maine,2012,16712.0,0.5927,25000.0,39200.0,0.7771,1069.0,24.0,10594.0,27454.0,0.3381,0.6467,0.7625,000000000000,netPrice|graduationRate|medianDebt|medianEarnings|admissionRate|satAverage|actMidpoint|tuitionInState|tuitionOutOfState|pellGrantRate|federalLoanRate|retentionRate
161253,University of Maine,2013,16831.0,0.5556,26000.0,40800.0,0.8106,1085.0,24.0,10600.0,27970.0,0.3718,0.6405,0.8066,000000000000,netPrice|graduationRate|medianDebt|medianEarnings|admissionRate|satAverage|actMidpoint|tuitionInState|tuitionOutOfState|pellGrantRate|federalLoanRate|retentionRate
161253,University of Maine,2014,16731.0,0.5966,26000.0,42500.0,0.8257,1078.0,24.0,10606.0,28486.0,0.3345,0.6293,0.7683,000000000000,netPrice|graduationRate|medianDebt|medianEarnings|admissionRate|satAverage|actMidpoint|tuitionInState|tuitionOutOfState|pellGrantRate|federalLoanRate|retentionRate
161253,University of Maine,2015,15955.0,0.5532,26000.0,NA,0.9121,1090.0,25.0,10610.0,28880.0,0.3297,0.6323,0.7615,000000000000,netPrice|graduationRate|medianDebt|medianEarnings|admissionRate|satAverage|actMidpoint|tuitionInState|tuitionOutOfState|pellGrantRate|federalLoanRate|retentionRate
161253,University of Maine,2016,15895.0,0.5867,26000.0,NA,0.8975,1073.0,24.0,10628.0,29498.0,0.3247,0.6151,0.757,000000000000,netPrice|graduationRate|medianDebt|medianEarnings|admissionRate|satAverage|actMidpoint|tuitionInState|tuitionOutOfState|pellGrantRate|federalLoanRate|retentionRate
161253,University of Maine,2017,17074.0,0.5758,25500.0,NA,0.9226,1157.0,25.0,10902.0,30282.0,0.301,0.6067,0.7509,000000000000,netPrice|graduationRate|medianDebt|medianEarnings|admissionRate|satAverage|actMidpoint|tuitionInState|tuitionOutOfState|pellGrantRate|federalLoanRate|retentionRate
161253,University of Maine,2018,16388.0,0.5981,25500.0,NA,0.9234,1156.0,25.0,11170.0,30970.0,0.3104,0.5991,0.7786,000000000000,netPrice|graduationRate|medianDebt|medianEarnings|admissionRate|satAverage|actMidpoint|tuitionInState|tuitionOutOfState|pellGrantRate|federalLoanRate|retentionRate
161253,University of Maine,2019,17558.0,0.5668,25127.0,NA,0.9024,1159.0,24.0,11438.0,31748.0,0.2907,0.5716,0.739,000000000000,netPrice|graduationRate|medianDebt|medianEarnings|admissionRate|satAverage|actMidpoint|tuitionInState|tuitionOutOfState|pellGrantRate|federalLoanRate|retentionRate
161253,University of Maine,2020,16033.0,0.5646,25000.0,48653.0,0.9221,1163.9914096227944,24.765930630250477,11744.0,32534.0,0.2639,0.5494,0.7799,000001100000,netPrice|graduationRate|medianDebt|medianEarnings|admissionRate|satAverage|actMidpoint|tuitionInState|tuitionOutOfState|pellGrantRate|federalLoanRate|retentionRate
161253,University of Maine,2021,17067.0,0.5679,NA,NA,0.9646,1180.0,26.0,11986.0,33586.0,0.2409,0.4614,0.7556,000000000000,netPrice|graduationRate|medianDebt|medianEarnings|admissionRate|satAverage|actMidpoint|tuitionInState|tuitionOutOfState|pellGrantRate|federalLoanRate|retentionRate
161253,University of Maine,2022,17175.0,0.5527,NA,NA,0.9396,1202.0,NA,12136.0,33736.0,0.2427,0.4558,0.7509,000000000000,netPrice|graduationRate|medianDebt|medianEarnings|admissionRate|satAverage|actMidpoint|tuitionInState|tuitionOutOfState|pellGrantRate|federalLoanRate|retentionRate
161253,University of Maine,2023,NA,NA,NA,NA,NA,NA,NA,NA,NA,NA,NA,NA,000000000000,netPrice|graduationRate|medianDebt|medianEarnings|admissionRate|satAverage|actMidpoint|tuitionInState|tuitionOutOfState|pellGrantRate|federalLoanRate|retentionRate
161253,University of Maine,2024,NA,NA,NA,NA,NA,NA,NA,NA,NA,NA,NA,NA,000000000000,netPrice|graduationRate|medianDebt|medianEarnings|admissionRate|satAverage|actMidpoint|tuitionInState|tuitionOutOfState|pellGrantRate|federalLoanRate|retentionRate
161554,University of Southern Maine,2012,19418.0,0.3041,21750.5,37200.0,0.7997,1005.0,22.0,7776.0,18488.0,0.3634,0.5898,0.6439,000000000000,netPrice|graduationRate|medianDebt|medianEarnings|admissionRate|satAverage|actMidpoint|tuitionInState|tuitionOutOfState|pellGrantRate|federalLoanRate|retentionRate
161554,University of Southern Maine,2013,17300.0,0.3356,22375.0,37900.0,0.828,1003.0,23.0,8920.0,21280.0,0.3636,0.5807,0.6695,000000000000,netPrice|graduationRate|medianDebt|medianEarnings|admissionRate|satAverage|actMidpoint|tuitionInState|tuitionOutOfState|pellGrantRate|federalLoanRate|retentionRate
161554,University of Southern Maine,2014,17048.0,0.3239,22359.0,38700.0,0.8395,998.0,22.0,7796.0,18508.0,0.3586,0.5564,0.6522,000000000000,netPrice|graduationRate|medianDebt|medianEarnings|admissionRate|satAverage|actMidpoint|tuitionInState|tuitionOutOfState|pellGrantRate|federalLoanRate|retentionRate
161554,University of Southern Maine,2015,16528.0,0.3333,22145.0,NA,0.8777,984.0,22.0,7796.0,18508.0,0.3672,0.5435,0.6352,000000000000,netPrice|graduationRate|medianDebt|medianEarnings|admissionRate|satAverage|actMidpoint|tuitionInState|tuitionOutOfState|pellGrantRate|federalLoanRate|retentionRate
161554,University of Southern Maine,2016,14994.0,0.3381,21505.0,NA,0.8025,984.0,22.0,7796.0,18508.0,0.3707,0.5186,0.6254,000000000000,netPrice|graduationRate|medianDebt|medianEarnings|admissionRate|satAverage|actMidpoint|tuitionInState|tuitionOutOfState|pellGrantRate|federalLoanRate|retentionRate
161554,University of Southern Maine,2017,11582.0,0.3293,21322.0,NA,0.8348,1059.0,22.0,8638.0,20594.0,0.3551,0.4886,0.6832,000000000000,netPrice|graduationRate|medianDebt|medianEarnings|admissionRate|satAverage|actMidpoint|tuitionInState|tuitionOutOfState|pellGrantRate|federalLoanRate|retentionRate
161554,University of Southern Maine,2018,12180.0,0.3946,20500.0,NA,0.8543,1050.0,22.0,8918.0,21294.0,0.366,0.4786,0.699,000000000000,netPrice|graduationRate|medianDebt|medianEarnings|admissionRate|satAverage|actMidpoint|tuitionInState|tuitionOutOfState|pellGrantRate|federalLoanRate|retentionRate
161554,University of Southern Maine,2019,12339.0,0.4016,19060.0,NA,0.809,1058.0,23.0,9226.0,22050.0,0.3383,0.4388,0.6892,000000000000,netPrice|graduationRate|medianDebt|medianEarnings|admissionRate|satAverage|actMidpoint|tuitionInState|tuitionOutOfState|pellGrantRate|federalLoanRate|retentionRate
161554,University of Southern Maine,2020,12055.0,0.3605,19060.0,49958.0,0.8793,1062.0,23.0,9528.0,22996.0,0.3106,0.3996,0.6966,000000000000,netPrice|graduationRate|medianDebt|medianEarnings|admissionRate|satAverage|actMidpoint|tuitionInState|tuitionOutOfState|pellGrantRate|federalLoanRate|retentionRate
161554,University of Southern Maine,2021,9472.0,0.3449,NA,NA,0.8699,1112.0,22.0,9904.0,23904.0,0.2986,0.367,0.6456,000000000000,netPrice|graduationRate|medianDebt|medianEarnings|admissionRate|satAverage|actMidpoint|tuitionInState|tuitionOutOfState|pellGrantRate|federalLoanRate|retentionRate
161554,University of Southern Maine,2022,12137.0,0.4172,NA,NA,0.8543,1109.0,NA,10120.0,24736.0,0.2799,0.3366,0.6736,000000000000,netPrice|graduationRate|medianDebt|medianEarnings|admissionRate|satAverage|actMidpoint|tuitionInState|tuitionOutOfState|pellGrantRate|federalLoanRate|retentionRate
161554,University of Southern Maine,2023,NA,NA,NA,NA,NA,NA,NA,NA,NA,NA,NA,NA,000000000000,netPrice|graduationRate|medianDebt|medianEarnings|admissionRate|satAverage|actMidpoint|tuitionInState|tuitionOutOfState|pellGrantRate|federalLoanRate|retentionRate
161554,University of Southern Maine,2024,NA,NA,NA,NA,NA,NA,NA,NA,NA,NA,NA,NA,000000000000,netPrice|graduationRate|medianDebt|medianEarnings|admissionRate|satAverage|actMidpoint|tuitionInState|tuitionOutOfState|pellGrantRate|federalLoanRate|retentionRate
163268,University of Maryland-Baltimore County,2012,13637.0,0.6054,20453.0,53700.0,0.6035,1222.0,27.0,9764.0,20825.0,0.2775,0.4252,0.8489,000000000000,netPrice|graduationRate|medianDebt|medianEarnings|admissionRate|satAverage|actMidpoint|tuitionInState|tuitionOutOfState|pellGrantRate|federalLoanRate|retentionRate
163268,University of Maryland-Baltimore County,2013,18539.0,0.6458,20750.5,54100.0,0.6315,1209.0,27.0,10068.0,21642.0,0.2695,0.4251,0.8733,000000000000,netPrice|graduationRate|medianDebt|medianEarnings|admissionRate|satAverage|actMidpoint|tuitionInState|tuitionOutOfState|pellGrantRate|federalLoanRate|retentionRate
163268,University of Maryland-Baltimore County,2014,17657.0,0.6109,21238.5,55000.0,0.5961,1213.0,27.0,10384.0,22682.0,0.2742,0.419,0.8905,000000000000,netPrice|graduationRate|medianDebt|medianEarnings|admissionRate|satAverage|actMidpoint|tuitionInState|tuitionOutOfState|pellGrantRate|federalLoanRate|retentionRate
163268,University of Maryland-Baltimore County,2015,18827.0,0.6327,20500.0,NA,0.5942,1209.0,27.0,11006.0,23770.0,0.2766,0.4174,0.8632,000000000000,netPrice|graduationRate|medianDebt|medianEarnings|admissionRate|satAverage|actMidpoint|tuitionInState|tuitionOutOfState|pellGrantRate|federalLoanRate|retentionRate
163268,University of Maryland-Baltimore County,2016,19937.0,0.6442,20906.0,NA,0.5683,1216.0,27.0,11264.0,24492.0,0.2797,0.4041,0.8717,000000000000,netPrice|graduationRate|medianDebt|medianEarnings|admissionRate|satAverage|actMidpoint|tuitionInState|tuitionOutOfState|pellGrantRate|federalLoanRate|retentionRate
163268,University of Maryland-Baltimore County,2017,20539.0,0.6342,21000.0,NA,0.6021,1255.0,27.0,11518.0,25654.0,0.2847,0.4053,0.8833,000000000000,netPrice|graduationRate|medianDebt|medianEarnings|admissionRate|satAverage|actMidpoint|tuitionInState|tuitionOutOfState|pellGrantRate|federalLoanRate|retentionRate
163268,University of Maryland-Baltimore County,2018,18706.0,0.6839,19875.0,NA,0.5794,1274.0,27.0,11778.0,26872.0,0.2986,0.3749,0.8715,000000000000,netPrice|graduationRate|medianDebt|medianEarnings|admissionRate|satAverage|actMidpoint|tuitionInState|tuitionOutOfState|pellGrantRate|federalLoanRate|retentionRate
163268,University of Maryland-Baltimore County,2019,19082.0,0.71,19500.0,NA,0.6103,1270.0,27.0,12028.0,27662.0,0.2904,0.3599,0.8723,000000000000,netPrice|graduationRate|medianDebt|medianEarnings|admissionRate|satAverage|actMidpoint|tuitionInState|tuitionOutOfState|pellGrantRate|federalLoanRate|retentionRate
163268,University of Maryland-Baltimore County,2020,19460.0,0.7028,19500.0,69960.0,0.6948,1255.0,27.0,9420.0,25054.0,0.2863,0.3472,0.87,000000000000,netPrice|graduationRate|medianDebt|medianEarnings|admissionRate|satAverage|actMidpoint|tuitionInState|tuitionOutOfState|pellGrantRate|federalLoanRate|retentionRate
163268,University of Maryland-Baltimore County,2021,9262.0,0.7095,NA,NA,0.812,1312.0,28.0,12280.0,28470.0,0.2841,0.2849,0.8698,000000000000,netPrice|graduationRate|medianDebt|medianEarnings|admissionRate|satAverage|actMidpoint|tuitionInState|tuitionOutOfState|pellGrantRate|federalLoanRate|retentionRate
163268,University of Maryland-Baltimore County,2022,19319.0,0.7034,NA,NA,0.8055,1295.0,NA,12606.0,29370.0,0.2968,0.2912,0.859,000000000000,netPrice|graduationRate|medianDebt|medianEarnings|admissionRate|satAverage|actMidpoint|tuitionInState|tuitionOutOfState|pellGrantRate|federalLoanRate|retentionRate
163268,University of Maryland-Baltimore County,2023,NA,NA,NA,NA,NA,NA,NA,NA,NA,NA,NA,NA,000000000000,netPrice|graduationRate|medianDebt|medianEarnings|admissionRate|satAverage|actMidpoint|tuitionInState|tuitionOutOfState|pellGrantRate|federalLoanRate|retentionRate
163268,University of Maryland-Baltimore County,2024,NA,NA,NA,NA,NA,NA,NA,NA,NA,NA,NA,NA,000000000000,netPrice|graduationRate|medianDebt|medianEarnings|admissionRate|satAverage|actMidpoint|tuitionInState|tuitionOutOfState|pellGrantRate|federalLoanRate|retentionRate
163286,University of Maryland-College Park,2012,16310.0,0.8202,17750.0,60500.0,0.4694,1300.0,29.396456776589062,8908.0,27287.0,0.1886,0.3615,0.9371,000000100000,netPrice|graduationRate|medianDebt|medianEarnings|admissionRate|satAverage|actMidpoint|tuitionInState|tuitionOutOfState|pellGrantRate|federalLoanRate|retentionRate
163286,University of Maryland-College Park,2013,16217.0,0.8406,19000.0,61700.0,0.4699,1310.0,29.75866824696623,9162.0,28348.0,0.1907,0.3581,0.9468,000000100000,netPrice|graduationRate|medianDebt|medianEarnings|admissionRate|satAverage|actMidpoint|tuitionInState|tuitionOutOfState|pellGrantRate|federalLoanRate|retentionRate
163286,University of Maryland-College Park,2014,15817.0,0.8475,19500.0,62900.0,0.4793,1315.0,30.007725805059195,9427.0,29720.0,0.1964,0.3501,0.9571,000000100000,netPrice|graduationRate|medianDebt|medianEarnings|admissionRate|satAverage|actMidpoint|tuitionInState|tuitionOutOfState|pellGrantRate|federalLoanRate|retentionRate
163286,University of Maryland-College Park,2015,15634.0,0.8635,19500.0,NA,0.4488,1315.0,30.46583600327126,9996.0,31144.0,0.1941,0.344,0.954,000000100000,netPrice|graduationRate|medianDebt|medianEarnings|admissionRate|satAverage|actMidpoint|tuitionInState|tuitionOutOfState|pellGrantRate|federalLoanRate|retentionRate
163286,University of Maryland-College Park,2016,16928.0,0.8641,19500.0,NA,0.4806,1337.0,31.0,10181.0,32045.0,0.1875,0.3398,0.9472,000000000000,netPrice|graduationRate|medianDebt|medianEarnings|admissionRate|satAverage|actMidpoint|tuitionInState|tuitionOutOfState|pellGrantRate|federalLoanRate|retentionRate
163286,University of Maryland-College Park,2017,18517.0,0.8529,19000.0,NA,0.445,1396.0,31.0,10399.0,33606.0,0.1863,0.3275,0.9552,000000000000,netPrice|graduationRate|medianDebt|medianEarnings|admissionRate|satAverage|actMidpoint|tuitionInState|tuitionOutOfState|pellGrantRate|federalLoanRate|retentionRate
163286,University of Maryland-College Park,2018,18457.0,0.8618,19500.0,NA,0.4716,1390.0,31.0,10595.0,35216.0,0.1915,0.3181,0.9524,000000000000,netPrice|graduationRate|medianDebt|medianEarnings|admissionRate|satAverage|actMidpoint|tuitionInState|tuitionOutOfState|pellGrantRate|federalLoanRate|retentionRate
163286,University of Maryland-College Park,2019,19045.0,0.8698,19500.0,NA,0.4418,1389.0,32.0,10779.0,36891.0,0.1829,0.3025,0.9498,000000000000,netPrice|graduationRate|medianDebt|medianEarnings|admissionRate|satAverage|actMidpoint|tuitionInState|tuitionOutOfState|pellGrantRate|federalLoanRate|retentionRate
163286,University of Maryland-College Park,2020,18048.0,0.8702,19000.0,82860.0,0.5096,1391.0,32.0,10779.0,36891.0,0.176,0.2783,0.9516,000000000000,netPrice|graduationRate|medianDebt|medianEarnings|admissionRate|satAverage|actMidpoint|tuitionInState|tuitionOutOfState|pellGrantRate|federalLoanRate|retentionRate
163286,University of Maryland-College Park,2021,17500.0,0.8765,NA,NA,0.5203,1426.0,32.0,10955.0,38636.0,0.1765,0.2319,0.9546,000000000000,netPrice|graduationRate|medianDebt|medianEarnings|admissionRate|satAverage|actMidpoint|tuitionInState|tuitionOutOfState|pellGrantRate|federalLoanRate|retentionRate
163286,University of Maryland-College Park,2022,16590.0,0.8927,NA,NA,0.4461,1461.0,NA,11233.0,39469.0,0.1833,0.2304,0.948,000000000000,netPrice|graduationRate|medianDebt|medianEarnings|admissionRate|satAverage|actMidpoint|tuitionInState|tuitionOutOfState|pellGrantRate|federalLoanRate|retentionRate
163286,University of Maryland-College Park,2023,NA,NA,NA,NA,NA,NA,NA,NA,NA,NA,NA,NA,000000000000,netPrice|graduationRate|medianDebt|medianEarnings|admissionRate|satAverage|actMidpoint|tuitionInState|tuitionOutOfState|pellGrantRate|federalLoanRate|retentionRate
163286,University of Maryland-College Park,2024,NA,NA,NA,NA,NA,NA,NA,NA,NA,NA,NA,NA,000000000000,netPrice|graduationRate|medianDebt|medianEarnings|admissionRate|satAverage|actMidpoint|tuitionInState|tuitionOutOfState|pellGrantRate|federalLoanRate|retentionRate
164076,Towson University,2012,15910.0,0.6577,17864.0,49200.0,0.522,1082.0,23.0,8132.0,19754.0,0.2473,0.488,0.8553,000000000000,netPrice|graduationRate|medianDebt|medianEarnings|admissionRate|satAverage|actMidpoint|tuitionInState|tuitionOutOfState|pellGrantRate|federalLoanRate|retentionRate
164076,Towson University,2013,16133.0,0.655,18000.0,49800.0,0.6034,1078.0,23.0,8342.0,20020.0,0.2498,0.5047,0.8603,000000000000,netPrice|graduationRate|medianDebt|medianEarnings|admissionRate|satAverage|actMidpoint|tuitionInState|tuitionOutOfState|pellGrantRate|federalLoanRate|retentionRate
164076,Towson University,2014,16363.0,0.6825,17750.0,50800.0,0.5921,1082.0,23.0,8590.0,20268.0,0.2552,0.4708,0.855,000000000000,netPrice|graduationRate|medianDebt|medianEarnings|admissionRate|satAverage|actMidpoint|tuitionInState|tuitionOutOfState|pellGrantRate|federalLoanRate|retentionRate
164076,Towson University,2015,17516.0,0.7027,17601.0,NA,0.7338,1081.0,23.0,9182.0,20788.0,0.2652,0.4741,0.8569,000000000000,netPrice|graduationRate|medianDebt|medianEarnings|admissionRate|satAverage|actMidpoint|tuitionInState|tuitionOutOfState|pellGrantRate|federalLoanRate|retentionRate
164076,Towson University,2016,17628.0,0.7058,17750.0,NA,0.7374,1070.0,23.0,9408.0,21076.0,0.2724,0.4788,0.8523,000000000000,netPrice|graduationRate|medianDebt|medianEarnings|admissionRate|satAverage|actMidpoint|tuitionInState|tuitionOutOfState|pellGrantRate|federalLoanRate|retentionRate
164076,Towson University,2017,17893.0,0.7172,19302.0,NA,0.773,1136.0,23.0,9694.0,22140.0,0.2757,0.4873,0.849,000000000000,netPrice|graduationRate|medianDebt|medianEarnings|admissionRate|satAverage|actMidpoint|tuitionInState|tuitionOutOfState|pellGrantRate|federalLoanRate|retentionRate
164076,Towson University,2018,18186.0,0.7264,18929.0,NA,0.79,1131.0,23.0,9940.0,23208.0,0.2992,0.4967,0.85,000000000000,netPrice|graduationRate|medianDebt|medianEarnings|admissionRate|satAverage|actMidpoint|tuitionInState|tuitionOutOfState|pellGrantRate|federalLoanRate|retentionRate
164076,Towson University,2019,18233.0,0.7085,18750.0,NA,0.7631,1139.0,23.0,10198.0,24334.0,0.3056,0.4833,0.8632,000000000000,netPrice|graduationRate|medianDebt|medianEarnings|admissionRate|satAverage|actMidpoint|tuitionInState|tuitionOutOfState|pellGrantRate|federalLoanRate|retentionRate
164076,Towson University,2020,18105.0,0.731,18718.0,64390.0,0.788,1122.0,23.0,10198.0,24334.0,0.3095,0.4853,0.8458,000000000000,netPrice|graduationRate|medianDebt|medianEarnings|admissionRate|satAverage|actMidpoint|tuitionInState|tuitionOutOfState|pellGrantRate|federalLoanRate|retentionRate
164076,Towson University,2021,12621.0,0.7228,NA,NA,0.8792,1134.0,24.0,10464.0,25516.0,0.31,0.419,0.8466,000000000000,netPrice|graduationRate|medianDebt|medianEarnings|admissionRate|satAverage|actMidpoint|tuitionInState|tuitionOutOfState|pellGrantRate|federalLoanRate|retentionRate
164076,Towson University,2022,14151.0,0.6976,NA,NA,0.786,1138.0,NA,10818.0,26820.0,0.325,0.4069,0.8173,000000000000,netPrice|graduationRate|medianDebt|medianEarnings|admissionRate|satAverage|actMidpoint|tuitionInState|tuitionOutOfState|pellGrantRate|federalLoanRate|retentionRate
164076,Towson University,2023,NA,NA,NA,NA,NA,NA,NA,NA,NA,NA,NA,NA,000000000000,netPrice|graduationRate|medianDebt|medianEarnings|admissionRate|satAverage|actMidpoint|tuitionInState|tuitionOutOfState|pellGrantRate|federalLoanRate|retentionRate
164076,Towson University,2024,NA,NA,NA,NA,NA,NA,NA,NA,NA,NA,NA,NA,000000000000,netPrice|graduationRate|medianDebt|medianEarnings|admissionRate|satAverage|actMidpoint|tuitionInState|tuitionOutOfState|pellGrantRate|federalLoanRate|retentionRate
164988,Boston University,2012,36806.0,0.8391,25000.0,59500.0,0.4943,1272.0,28.0,42994.0,42994.0,0.1479,0.4429,0.9204,000000000000,netPrice|graduationRate|medianDebt|medianEarnings|admissionRate|satAverage|actMidpoint|tuitionInState|tuitionOutOfState|pellGrantRate|federalLoanRate|retentionRate
164988,Boston University,2013,34603.0,0.8448,26600.0,62000.0,0.4561,1279.0,28.0,44880.0,44880.0,0.1487,0.4235,0.9279,000000000000,netPrice|graduationRate|medianDebt|medianEarnings|admissionRate|satAverage|actMidpoint|tuitionInState|tuitionOutOfState|pellGrantRate|federalLoanRate|retentionRate
164988,Boston University,2014,34592.0,0.847,26685.5,65300.0,0.3451,1300.0,29.0,46664.0,46664.0,0.1424,0.3981,0.935,000000000000,netPrice|graduationRate|medianDebt|medianEarnings|admissionRate|satAverage|actMidpoint|tuitionInState|tuitionOutOfState|pellGrantRate|federalLoanRate|retentionRate
164988,Boston University,2015,34910.0,0.8526,25500.0,NA,0.3262,1303.0,29.0,48436.0,48436.0,0.1317,0.3784,0.9304,000000000000,netPrice|graduationRate|medianDebt|medianEarnings|admissionRate|satAverage|actMidpoint|tuitionInState|tuitionOutOfState|pellGrantRate|federalLoanRate|retentionRate
164988,Boston University,2016,34914.0,0.8652,25625.0,NA,0.2943,1328.0,30.0,50240.0,50240.0,0.1323,0.3655,0.9338,000000000000,netPrice|graduationRate|medianDebt|medianEarnings|admissionRate|satAverage|actMidpoint|tuitionInState|tuitionOutOfState|pellGrantRate|federalLoanRate|retentionRate
164988,Boston University,2017,37065.0,0.8713,25000.0,NA,0.2511,1401.0,31.0,52082.0,52082.0,0.1355,0.3548,0.9313,000000000000,netPrice|graduationRate|medianDebt|medianEarnings|admissionRate|satAverage|actMidpoint|tuitionInState|tuitionOutOfState|pellGrantRate|federalLoanRate|retentionRate
164988,Boston University,2018,30729.0,0.8817,25000.0,NA,0.2209,1420.0,32.0,53948.0,53948.0,0.1483,0.3309,0.9437,000000000000,netPrice|graduationRate|medianDebt|medianEarnings|admissionRate|satAverage|actMidpoint|tuitionInState|tuitionOutOfState|pellGrantRate|federalLoanRate|retentionRate
164988,Boston University,2019,30259.0,0.8845,24848.0,NA,0.1894,1433.0,32.0,55892.0,55892.0,0.1559,0.3112,0.939,000000000000,netPrice|graduationRate|medianDebt|medianEarnings|admissionRate|satAverage|actMidpoint|tuitionInState|tuitionOutOfState|pellGrantRate|federalLoanRate|retentionRate
164988,Boston University,2020,30395.0,0.8903,23250.0,83238.0,0.2009,1419.0,32.0,58072.0,58072.0,0.1593,0.2897,0.9232,000000000000,netPrice|graduationRate|medianDebt|medianEarnings|admissionRate|satAverage|actMidpoint|tuitionInState|tuitionOutOfState|pellGrantRate|federalLoanRate|retentionRate
164988,Boston University,2021,26170.0,0.8935,NA,NA,0.1865,1447.0,33.0,59816.0,59816.0,0.1728,0.2615,0.9386,000000000000,netPrice|graduationRate|medianDebt|medianEarnings|admissionRate|satAverage|actMidpoint|tuitionInState|tuitionOutOfState|pellGrantRate|federalLoanRate|retentionRate
164988,Boston University,2022,27779.0,0.8897,NA,NA,0.1437,1454.0,NA,62360.0,62360.0,0.1721,0.2389,0.9397,000000000000,netPrice|graduationRate|medianDebt|medianEarnings|admissionRate|satAverage|actMidpoint|tuitionInState|tuitionOutOfState|pellGrantRate|federalLoanRate|retentionRate
164988,Boston University,2023,NA,NA,NA,NA,NA,NA,NA,NA,NA,NA,NA,NA,000000000000,netPrice|graduationRate|medianDebt|medianEarnings|admissionRate|satAverage|actMidpoint|tuitionInState|tuitionOutOfState|pellGrantRate|federalLoanRate|retentionRate
164988,Boston University,2024,NA,NA,NA,NA,NA,NA,NA,NA,NA,NA,NA,NA,000000000000,netPrice|graduationRate|medianDebt|medianEarnings|admissionRate|satAverage|actMidpoint|tuitionInState|tuitionOutOfState|pellGrantRate|federalLoanRate|retentionRate
166629,University of Massachusetts-Amherst,2012,18242.0,0.7022,22500.0,49300.0,0.6262,1189.0,26.0,13415.0,26830.0,0.2604,0.6203,0.8794,000000000000,netPrice|graduationRate|medianDebt|medianEarnings|admissionRate|satAverage|actMidpoint|tuitionInState|tuitionOutOfState|pellGrantRate|federalLoanRate|retentionRate
166629,University of Massachusetts-Amherst,2013,19087.0,0.7266,23861.0,49700.0,0.6294,1209.0,27.0,13443.0,28159.0,0.2513,0.6043,0.893,000000000000,netPrice|graduationRate|medianDebt|medianEarnings|admissionRate|satAverage|actMidpoint|tuitionInState|tuitionOutOfState|pellGrantRate|federalLoanRate|retentionRate
166629,University of Massachusetts-Amherst,2014,18819.0,0.7509,24250.0,51400.0,0.6139,1217.0,27.0,13443.0,28998.0,0.2526,0.6041,0.8989,000000000000,netPrice|graduationRate|medianDebt|medianEarnings|admissionRate|satAverage|actMidpoint|tuitionInState|tuitionOutOfState|pellGrantRate|federalLoanRate|retentionRate
166629,University of Massachusetts-Amherst,2015,18869.0,0.7784,23845.5,NA,0.5832,1226.0,28.0,14171.0,30504.0,0.2368,0.5933,0.9112,000000000000,netPrice|graduationRate|medianDebt|medianEarnings|admissionRate|satAverage|actMidpoint|tuitionInState|tuitionOutOfState|pellGrantRate|federalLoanRate|retentionRate
166629,University of Massachusetts-Amherst,2016,19324.0,0.7614,23450.5,NA,0.5968,1234.0,28.0,14971.0,32204.0,0.2247,0.5713,0.9127,000000000000,netPrice|graduationRate|medianDebt|medianEarnings|admissionRate|satAverage|actMidpoint|tuitionInState|tuitionOutOfState|pellGrantRate|federalLoanRate|retentionRate
166629,University of Massachusetts-Amherst,2017,20926.0,0.7718,23250.0,NA,0.5758,1288.0,29.0,15411.0,33477.0,0.225,0.5658,0.9063,000000000000,netPrice|graduationRate|medianDebt|medianEarnings|admissionRate|satAverage|actMidpoint|tuitionInState|tuitionOutOfState|pellGrantRate|federalLoanRate|retentionRate
166629,University of Massachusetts-Amherst,2018,21396.0,0.7982,23250.0,NA,0.5992,1302.0,29.0,15887.0,34570.0,0.2405,0.5601,0.9073,000000000000,netPrice|graduationRate|medianDebt|medianEarnings|admissionRate|satAverage|actMidpoint|tuitionInState|tuitionOutOfState|pellGrantRate|federalLoanRate|retentionRate
166629,University of Massachusetts-Amherst,2019,22501.0,0.8192,23149.0,NA,0.638,1299.0,29.0,16389.0,35710.0,0.2299,0.5406,0.9104,000000000000,netPrice|graduationRate|medianDebt|medianEarnings|admissionRate|satAverage|actMidpoint|tuitionInState|tuitionOutOfState|pellGrantRate|federalLoanRate|retentionRate
166629,University of Massachusetts-Amherst,2020,22038.0,0.8329,22763.0,71631.0,0.6532,1307.0,30.0,16439.0,36427.0,0.2238,0.5302,0.8913,000000000000,netPrice|graduationRate|medianDebt|medianEarnings|admissionRate|satAverage|actMidpoint|tuitionInState|tuitionOutOfState|pellGrantRate|federalLoanRate|retentionRate
166629,University of Massachusetts-Amherst,2021,16197.0,0.8371,NA,NA,0.6553,1362.0,31.0,16439.0,36964.0,0.2105,0.4515,0.9054,000000000000,netPrice|graduationRate|medianDebt|medianEarnings|admissionRate|satAverage|actMidpoint|tuitionInState|tuitionOutOfState|pellGrantRate|federalLoanRate|retentionRate
166629,University of Massachusetts-Amherst,2022,21846.0,0.8305,NA,NA,0.6352,1376.0,NA,16952.0,38171.0,0.208,0.4798,0.9035,000000000000,netPrice|graduationRate|medianDebt|medianEarnings|admissionRate|satAverage|actMidpoint|tuitionInState|tuitionOutOfState|pellGrantRate|federalLoanRate|retentionRate
166629,University of Massachusetts-Amherst,2023,NA,NA,NA,NA,NA,NA,NA,NA,NA,NA,NA,NA,000000000000,netPrice|graduationRate|medianDebt|medianEarnings|admissionRate|satAverage|actMidpoint|tuitionInState|tuitionOutOfState|pellGrantRate|federalLoanRate|retentionRate
166629,University of Massachusetts-Amherst,2024,NA,NA,NA,NA,NA,NA,NA,NA,NA,NA,NA,NA,000000000000,netPrice|graduationRate|medianDebt|medianEarnings|admissionRate|satAverage|actMidpoint|tuitionInState|tuitionOutOfState|pellGrantRate|federalLoanRate|retentionRate
167358,Northeastern University,2012,32454.0,0.7856,26976.0,61700.0,0.3186,1366.0,31.0,40086.0,40086.0,0.1391,0.4545,0.9554,000000000000,netPrice|graduationRate|medianDebt|medianEarnings|admissionRate|satAverage|actMidpoint|tuitionInState|tuitionOutOfState|pellGrantRate|federalLoanRate|retentionRate
167358,Northeastern University,2013,31503.0,0.8256,28000.0,64000.0,0.3231,1394.0,32.0,41686.0,41686.0,0.1424,0.4433,0.9553,000000000000,netPrice|graduationRate|medianDebt|medianEarnings|admissionRate|satAverage|actMidpoint|tuitionInState|tuitionOutOfState|pellGrantRate|federalLoanRate|retentionRate
167358,Northeastern University,2014,32715.0,0.8162,28375.0,67400.0,0.3222,1420.0,32.0,43440.0,43440.0,0.1321,0.441,0.9619,000000000000,netPrice|graduationRate|medianDebt|medianEarnings|admissionRate|satAverage|actMidpoint|tuitionInState|tuitionOutOfState|pellGrantRate|federalLoanRate|retentionRate
167358,Northeastern University,2015,28869.0,0.8443,27750.0,NA,0.2848,1435.0,33.0,45530.0,45530.0,0.124,0.409,0.9674,000000000000,netPrice|graduationRate|medianDebt|medianEarnings|admissionRate|satAverage|actMidpoint|tuitionInState|tuitionOutOfState|pellGrantRate|federalLoanRate|retentionRate
167358,Northeastern University,2016,28565.0,0.8617,27000.0,NA,0.2888,1434.0,33.0,47653.0,47653.0,0.1181,0.388,0.9653,000000000000,netPrice|graduationRate|medianDebt|medianEarnings|admissionRate|satAverage|actMidpoint|tuitionInState|tuitionOutOfState|pellGrantRate|federalLoanRate|retentionRate
167358,Northeastern University,2017,29748.0,0.8713,25000.0,NA,0.2744,1482.0,33.0,49497.0,49497.0,0.1217,0.3745,0.9675,000000000000,netPrice|graduationRate|medianDebt|medianEarnings|admissionRate|satAverage|actMidpoint|tuitionInState|tuitionOutOfState|pellGrantRate|federalLoanRate|retentionRate
167358,Northeastern University,2018,31855.0,0.8812,24855.0,NA,0.1934,1466.0,33.0,51522.0,51522.0,0.121,0.364,0.9659,000000000000,netPrice|graduationRate|medianDebt|medianEarnings|admissionRate|satAverage|actMidpoint|tuitionInState|tuitionOutOfState|pellGrantRate|federalLoanRate|retentionRate
167358,Northeastern University,2019,31093.0,0.8912,24500.0,NA,0.1805,1478.0,34.0,53506.0,53506.0,0.1112,0.3319,0.9927,000000000000,netPrice|graduationRate|medianDebt|medianEarnings|admissionRate|satAverage|actMidpoint|tuitionInState|tuitionOutOfState|pellGrantRate|federalLoanRate|retentionRate
167358,Northeastern University,2020,29714.0,0.8983,24250.0,92538.0,0.2048,1492.0,34.0,55452.0,55452.0,0.109,0.3033,0.9679,000000000000,netPrice|graduationRate|medianDebt|medianEarnings|admissionRate|satAverage|actMidpoint|tuitionInState|tuitionOutOfState|pellGrantRate|federalLoanRate|retentionRate
167358,Northeastern University,2021,34255.0,0.9057,NA,NA,0.1838,1500.0,34.0,57592.0,57592.0,0.1116,0.3277,0.968,000000000000,netPrice|graduationRate|medianDebt|medianEarnings|admissionRate|satAverage|actMidpoint|tuitionInState|tuitionOutOfState|pellGrantRate|federalLoanRate|retentionRate
167358,Northeastern University,2022,28521.0,0.9124,NA,NA,0.068,1505.0,NA,60192.0,60192.0,0.1253,0.2912,0.972,000000000000,netPrice|graduationRate|medianDebt|medianEarnings|admissionRate|satAverage|actMidpoint|tuitionInState|tuitionOutOfState|pellGrantRate|federalLoanRate|retentionRate
167358,Northeastern University,2023,NA,NA,NA,NA,NA,NA,NA,NA,NA,NA,NA,NA,000000000000,netPrice|graduationRate|medianDebt|medianEarnings|admissionRate|satAverage|actMidpoint|tuitionInState|tuitionOutOfState|pellGrantRate|federalLoanRate|retentionRate
167358,Northeastern University,2024,NA,NA,NA,NA,NA,NA,NA,NA,NA,NA,NA,NA,000000000000,netPrice|graduationRate|medianDebt|medianEarnings|admissionRate|satAverage|actMidpoint|tuitionInState|tuitionOutOfState|pellGrantRate|federalLoanRate|retentionRate
170082,Grand Valley State University,2012,15855.0,0.6566,24250.0,39400.0,0.8162,1091.0,24.0,10078.0,14568.0,0.3722,0.6546,0.8178,000000000000,netPrice|graduationRate|medianDebt|medianEarnings|admissionRate|satAverage|actMidpoint|tuitionInState|tuitionOutOfState|pellGrantRate|federalLoanRate|retentionRate
170082,Grand Valley State University,2013,16243.0,0.695,25128.0,41000.0,0.826,1090.0,24.0,10716.0,15388.0,0.3632,0.642,0.8165,000000000000,netPrice|graduationRate|medianDebt|medianEarnings|admissionRate|satAverage|actMidpoint|tuitionInState|tuitionOutOfState|pellGrantRate|federalLoanRate|retentionRate
170082,Grand Valley State University,2014,16815.0,0.6494,25000.0,42800.0,0.8043,1089.0,24.0,10752.0,15408.0,0.3622,0.6323,0.8319,000000000000,netPrice|graduationRate|medianDebt|medianEarnings|admissionRate|satAverage|actMidpoint|tuitionInState|tuitionOutOfState|pellGrantRate|federalLoanRate|retentionRate
170082,Grand Valley State University,2015,16491.0,0.666,25000.0,NA,0.8114,1090.0,24.0,11363.0,16044.0,0.3468,0.631,0.8382,000000000000,netPrice|graduationRate|medianDebt|medianEarnings|admissionRate|satAverage|actMidpoint|tuitionInState|tuitionOutOfState|pellGrantRate|federalLoanRate|retentionRate
170082,Grand Valley State University,2016,16496.0,0.6629,24843.0,NA,0.8168,1089.0,24.0,11520.0,16392.0,0.3344,0.6175,0.8402,000000000000,netPrice|graduationRate|medianDebt|medianEarnings|admissionRate|satAverage|actMidpoint|tuitionInState|tuitionOutOfState|pellGrantRate|federalLoanRate|retentionRate
170082,Grand Valley State University,2017,16975.0,0.6526,24750.0,NA,0.809,1150.0,24.0,11994.0,17064.0,0.3105,0.6084,0.8301,000000000000,netPrice|graduationRate|medianDebt|medianEarnings|admissionRate|satAverage|actMidpoint|tuitionInState|tuitionOutOfState|pellGrantRate|federalLoanRate|retentionRate
170082,Grand Valley State University,2018,18019.0,0.6614,24637.0,NA,0.8275,1158.0,24.0,12484.0,17762.0,0.3157,0.6051,0.8471,000000000000,netPrice|graduationRate|medianDebt|medianEarnings|admissionRate|satAverage|actMidpoint|tuitionInState|tuitionOutOfState|pellGrantRate|federalLoanRate|retentionRate
170082,Grand Valley State University,2019,17646.0,0.6746,24918.0,NA,0.8302,1161.0,24.0,12860.0,18296.0,0.3037,0.579,0.846,000000000000,netPrice|graduationRate|medianDebt|medianEarnings|admissionRate|satAverage|actMidpoint|tuitionInState|tuitionOutOfState|pellGrantRate|federalLoanRate|retentionRate
170082,Grand Valley State University,2020,17356.0,0.6853,24500.0,56118.0,0.8752,1151.848746163923,24.210883719678865,13244.0,18844.0,0.2876,0.5665,0.8314,000001100000,netPrice|graduationRate|medianDebt|medianEarnings|admissionRate|satAverage|actMidpoint|tuitionInState|tuitionOutOfState|pellGrantRate|federalLoanRate|retentionRate
170082,Grand Valley State University,2021,17210.0,0.671,NA,NA,0.9165,1178.902057048582,25.00486638078627,13560.0,19296.0,0.258,0.517,0.8293,000001100000,netPrice|graduationRate|medianDebt|medianEarnings|admissionRate|satAverage|actMidpoint|tuitionInState|tuitionOutOfState|pellGrantRate|federalLoanRate|retentionRate
170082,Grand Valley State University,2022,15545.0,0.6628,NA,NA,0.9037,1092.0,NA,13952.0,19856.0,0.2517,0.4917,0.7908,000000000000,netPrice|graduationRate|medianDebt|medianEarnings|admissionRate|satAverage|actMidpoint|tuitionInState|tuitionOutOfState|pellGrantRate|federalLoanRate|retentionRate
170082,Grand Valley State University,2023,NA,NA,NA,NA,NA,NA,NA,NA,NA,NA,NA,NA,000000000000,netPrice|graduationRate|medianDebt|medianEarnings|admissionRate|satAverage|actMidpoint|tuitionInState|tuitionOutOfState|pellGrantRate|federalLoanRate|retentionRate
170082,Grand Valley State University,2024,NA,NA,NA,NA,NA,NA,NA,NA,NA,NA,NA,NA,000000000000,netPrice|graduationRate|medianDebt|medianEarnings|admissionRate|satAverage|actMidpoint|tuitionInState|tuitionOutOfState|pellGrantRate|federalLoanRate|retentionRate
170976,University of Michigan-Ann Arbor,2012,15574.0,0.9068,21500.0,57400.0,0.3655,1346.0,30.0,12994.0,39122.0,0.1632,0.3819,0.9662,000000000000,netPrice|graduationRate|medianDebt|medianEarnings|admissionRate|satAverage|actMidpoint|tuitionInState|tuitionOutOfState|pellGrantRate|federalLoanRate|retentionRate
170976,University of Michigan-Ann Arbor,2013,16287.0,0.8997,21500.0,60100.0,0.3326,1352.0,30.0,13142.0,40392.0,0.157,0.3665,0.9688,000000000000,netPrice|graduationRate|medianDebt|medianEarnings|admissionRate|satAverage|actMidpoint|tuitionInState|tuitionOutOfState|pellGrantRate|federalLoanRate|retentionRate
170976,University of Michigan-Ann Arbor,2014,15787.0,0.9087,20886.0,63400.0,0.3224,1380.0,31.0,13486.0,41906.0,0.1569,0.342,0.9722,000000000000,netPrice|graduationRate|medianDebt|medianEarnings|admissionRate|satAverage|actMidpoint|tuitionInState|tuitionOutOfState|pellGrantRate|federalLoanRate|retentionRate
170976,University of Michigan-Ann Arbor,2015,14521.0,0.9011,20062.5,NA,0.2628,1384.0,31.0,13856.0,43476.0,0.1538,0.3202,0.972,000000000000,netPrice|graduationRate|medianDebt|medianEarnings|admissionRate|satAverage|actMidpoint|tuitionInState|tuitionOutOfState|pellGrantRate|federalLoanRate|retentionRate
170976,University of Michigan-Ann Arbor,2016,14897.0,0.9117,19153.0,NA,0.2859,1386.0,31.0,14402.0,45410.0,0.1517,0.2989,0.9686,000000000000,netPrice|graduationRate|medianDebt|medianEarnings|admissionRate|satAverage|actMidpoint|tuitionInState|tuitionOutOfState|pellGrantRate|federalLoanRate|retentionRate
170976,University of Michigan-Ann Arbor,2017,14860.0,0.9159,16606.0,NA,0.265,1436.0,32.0,14826.0,47476.0,0.1535,0.2911,0.9712,000000000000,netPrice|graduationRate|medianDebt|medianEarnings|admissionRate|satAverage|actMidpoint|tuitionInState|tuitionOutOfState|pellGrantRate|federalLoanRate|retentionRate
170976,University of Michigan-Ann Arbor,2018,16010.0,0.9189,17500.0,NA,0.2283,1434.0,32.0,15262.0,49350.0,0.1626,0.2996,0.9727,000000000000,netPrice|graduationRate|medianDebt|medianEarnings|admissionRate|satAverage|actMidpoint|tuitionInState|tuitionOutOfState|pellGrantRate|federalLoanRate|retentionRate
170976,University of Michigan-Ann Arbor,2019,15336.0,0.9325,18526.0,NA,0.2291,1448.0,33.0,15558.0,51200.0,0.1715,0.2866,0.9692,000000000000,netPrice|graduationRate|medianDebt|medianEarnings|admissionRate|satAverage|actMidpoint|tuitionInState|tuitionOutOfState|pellGrantRate|federalLoanRate|retentionRate
170976,University of Michigan-Ann Arbor,2020,14878.0,0.9344,19500.0,83648.0,0.2611,1445.0,33.0,15948.0,52266.0,0.1811,0.2871,0.9626,000000000000,netPrice|graduationRate|medianDebt|medianEarnings|admissionRate|satAverage|actMidpoint|tuitionInState|tuitionOutOfState|pellGrantRate|federalLoanRate|retentionRate
170976,University of Michigan-Ann Arbor,2021,17086.0,0.9365,NA,NA,0.2015,1437.659205996941,32.99759750302695,16178.0,53232.0,0.182,0.2662,0.9743,000001100000,netPrice|graduationRate|medianDebt|medianEarnings|admissionRate|satAverage|actMidpoint|tuitionInState|tuitionOutOfState|pellGrantRate|federalLoanRate|retentionRate
170976,University of Michigan-Ann Arbor,2022,16792.0,0.9317,NA,NA,0.1769,1473.0,NA,16736.0,55334.0,0.1765,0.2567,0.9721,000000000000,netPrice|graduationRate|medianDebt|medianEarnings|admissionRate|satAverage|actMidpoint|tuitionInState|tuitionOutOfState|pellGrantRate|federalLoanRate|retentionRate
170976,University of Michigan-Ann Arbor,2023,NA,NA,NA,NA,NA,NA,NA,NA,NA,NA,NA,NA,000000000000,netPrice|graduationRate|medianDebt|medianEarnings|admissionRate|satAverage|actMidpoint|tuitionInState|tuitionOutOfState|pellGrantRate|federalLoanRate|retentionRate
170976,University of Michigan-Ann Arbor,2024,NA,NA,NA,NA,NA,NA,NA,NA,NA,NA,NA,NA,000000000000,netPrice|graduationRate|medianDebt|medianEarnings|admissionRate|satAverage|actMidpoint|tuitionInState|tuitionOutOfState|pellGrantRate|federalLoanRate|retentionRate
171100,Michigan State University,2012,15897.0,0.7913,24432.0,49900.0,0.7056,1158.0,26.0,12622.0,32580.0,0.2514,0.5056,0.9058,000000000000,netPrice|graduationRate|medianDebt|medianEarnings|admissionRate|satAverage|actMidpoint|tuitionInState|tuitionOutOfState|pellGrantRate|federalLoanRate|retentionRate
171100,Michigan State University,2013,16507.0,0.7736,25000.0,51500.0,0.6865,1158.0,26.0,12862.0,33750.0,0.2387,0.4845,0.9051,000000000000,netPrice|graduationRate|medianDebt|medianEarnings|admissionRate|satAverage|actMidpoint|tuitionInState|tuitionOutOfState|pellGrantRate|federalLoanRate|retentionRate
171100,Michigan State University,2014,16382.0,0.7886,25215.0,53600.0,0.6609,1158.0,26.0,13200.0,34965.0,0.227,0.4632,0.9162,000000000000,netPrice|graduationRate|medianDebt|medianEarnings|admissionRate|satAverage|actMidpoint|tuitionInState|tuitionOutOfState|pellGrantRate|federalLoanRate|retentionRate
171100,Michigan State University,2015,16788.0,0.7717,25250.0,NA,0.6628,1159.0,26.0,13560.0,36360.0,0.2211,0.4504,0.9226,000000000000,netPrice|graduationRate|medianDebt|medianEarnings|admissionRate|satAverage|actMidpoint|tuitionInState|tuitionOutOfState|pellGrantRate|federalLoanRate|retentionRate
171100,Michigan State University,2016,17120.0,0.7826,25200.0,NA,0.6574,1194.0,27.0,14062.0,37890.0,0.2254,0.4363,0.9147,000000000000,netPrice|graduationRate|medianDebt|medianEarnings|admissionRate|satAverage|actMidpoint|tuitionInState|tuitionOutOfState|pellGrantRate|federalLoanRate|retentionRate
171100,Michigan State University,2017,18576.0,0.7934,25000.0,NA,0.7155,1220.0,26.0,14460.0,39406.0,0.2181,0.4295,0.9102,000000000000,netPrice|graduationRate|medianDebt|medianEarnings|admissionRate|satAverage|actMidpoint|tuitionInState|tuitionOutOfState|pellGrantRate|federalLoanRate|retentionRate
171100,Michigan State University,2018,18984.0,0.7995,24250.0,NA,0.7768,1224.0,26.0,14460.0,39766.0,0.219,0.4205,0.9193,000000000000,netPrice|graduationRate|medianDebt|medianEarnings|admissionRate|satAverage|actMidpoint|tuitionInState|tuitionOutOfState|pellGrantRate|federalLoanRate|retentionRate
171100,Michigan State University,2019,19173.0,0.8073,23733.0,NA,0.7112,1223.0,26.0,14460.0,39766.0,0.2219,0.4203,0.9124,000000000000,netPrice|graduationRate|medianDebt|medianEarnings|admissionRate|satAverage|actMidpoint|tuitionInState|tuitionOutOfState|pellGrantRate|federalLoanRate|retentionRate
171100,Michigan State University,2020,19058.0,0.8126,23250.0,67253.0,0.7631,1216.0,26.0,14460.0,39766.0,0.2173,0.3988,0.9104,000000000000,netPrice|graduationRate|medianDebt|medianEarnings|admissionRate|satAverage|actMidpoint|tuitionInState|tuitionOutOfState|pellGrantRate|federalLoanRate|retentionRate
171100,Michigan State University,2021,10925.0,0.8207,NA,NA,0.8325,1220.0,26.0,14750.0,40562.0,0.2154,0.3684,0.9211,000000000000,netPrice|graduationRate|medianDebt|medianEarnings|admissionRate|satAverage|actMidpoint|tuitionInState|tuitionOutOfState|pellGrantRate|federalLoanRate|retentionRate
171100,Michigan State University,2022,19449.0,0.8157,NA,NA,0.8795,1273.0,NA,15372.0,41958.0,0.2164,0.3409,0.8905,000000000000,netPrice|graduationRate|medianDebt|medianEarnings|admissionRate|satAverage|actMidpoint|tuitionInState|tuitionOutOfState|pellGrantRate|federalLoanRate|retentionRate
171100,Michigan State University,2023,NA,NA,NA,NA,NA,NA,NA,NA,NA,NA,NA,NA,000000000000,netPrice|graduationRate|medianDebt|medianEarnings|admissionRate|satAverage|actMidpoint|tuitionInState|tuitionOutOfState|pellGrantRate|federalLoanRate|retentionRate
171100,Michigan State University,2024,NA,NA,NA,NA,NA,NA,NA,NA,NA,NA,NA,NA,000000000000,netPrice|graduationRate|medianDebt|medianEarnings|admissionRate|satAverage|actMidpoint|tuitionInState|tuitionOutOfState|pellGrantRate|federalLoanRate|retentionRate
173920,Minnesota State University-Mankato,2012,14006.0,0.5243,21302.0,42300.0,0.6615,1030.0,22.0,7531.0,15010.0,0.2866,0.6113,0.7038,000000000000,netPrice|graduationRate|medianDebt|medianEarnings|admissionRate|satAverage|actMidpoint|tuitionInState|tuitionOutOfState|pellGrantRate|federalLoanRate|retentionRate
173920,Minnesota State University-Mankato,2013,14161.0,0.4904,22102.5,43100.0,0.6555,1030.0,22.0,7557.0,15036.0,0.2906,0.59,0.7363,000000000000,netPrice|graduationRate|medianDebt|medianEarnings|admissionRate|satAverage|actMidpoint|tuitionInState|tuitionOutOfState|pellGrantRate|federalLoanRate|retentionRate
173920,Minnesota State University-Mankato,2014,13898.0,0.5036,22500.0,44900.0,0.6658,1010.0,22.0,7574.0,15053.0,0.2869,0.5862,0.7344,000000000000,netPrice|graduationRate|medianDebt|medianEarnings|admissionRate|satAverage|actMidpoint|tuitionInState|tuitionOutOfState|pellGrantRate|federalLoanRate|retentionRate
173920,Minnesota State University-Mankato,2015,15178.0,0.487,22500.0,NA,0.6663,1030.0,22.0,7836.0,15580.0,0.2816,0.5819,0.7387,000000000000,netPrice|graduationRate|medianDebt|medianEarnings|admissionRate|satAverage|actMidpoint|tuitionInState|tuitionOutOfState|pellGrantRate|federalLoanRate|retentionRate
173920,Minnesota State University-Mankato,2016,15455.0,0.5127,22198.0,NA,0.6249,1029.0,22.0,7858.0,15602.0,0.2718,0.5639,0.7265,000000000000,netPrice|graduationRate|medianDebt|medianEarnings|admissionRate|satAverage|actMidpoint|tuitionInState|tuitionOutOfState|pellGrantRate|federalLoanRate|retentionRate
173920,Minnesota State University-Mankato,2017,15615.0,0.4768,22412.0,NA,0.6096,1105.0,22.0,8164.0,16216.0,0.2619,0.5471,0.7483,000000000000,netPrice|graduationRate|medianDebt|medianEarnings|admissionRate|satAverage|actMidpoint|tuitionInState|tuitionOutOfState|pellGrantRate|federalLoanRate|retentionRate
173920,Minnesota State University-Mankato,2018,16035.0,0.4996,21743.0,NA,0.6092,1105.0,22.0,8184.0,16235.0,0.2725,0.5329,0.7442,000000000000,netPrice|graduationRate|medianDebt|medianEarnings|admissionRate|satAverage|actMidpoint|tuitionInState|tuitionOutOfState|pellGrantRate|federalLoanRate|retentionRate
173920,Minnesota State University-Mankato,2019,16221.0,0.4979,21500.0,NA,0.6271,1105.0,22.0,8438.0,16730.0,0.2545,0.509,0.7728,000000000000,netPrice|graduationRate|medianDebt|medianEarnings|admissionRate|satAverage|actMidpoint|tuitionInState|tuitionOutOfState|pellGrantRate|federalLoanRate|retentionRate
173920,Minnesota State University-Mankato,2020,17159.0,0.5097,21106.0,56922.0,0.6726,1105.0,22.0,8566.0,16984.0,0.2455,0.5097,0.7898,000000000000,netPrice|graduationRate|medianDebt|medianEarnings|admissionRate|satAverage|actMidpoint|tuitionInState|tuitionOutOfState|pellGrantRate|federalLoanRate|retentionRate
173920,Minnesota State University-Mankato,2021,17488.0,0.5183,NA,NA,0.6948,1120.0,22.0,9146.0,18200.0,0.2252,0.4591,0.747,000000000000,netPrice|graduationRate|medianDebt|medianEarnings|admissionRate|satAverage|actMidpoint|tuitionInState|tuitionOutOfState|pellGrantRate|federalLoanRate|retentionRate
173920,Minnesota State University-Mankato,2022,17812.0,0.5258,NA,NA,0.7068,1090.0,NA,9444.0,18814.0,0.2231,0.4294,0.7607,000000000000,netPrice|graduationRate|medianDebt|medianEarnings|admissionRate|satAverage|actMidpoint|tuitionInState|tuitionOutOfState|pellGrantRate|federalLoanRate|retentionRate
173920,Minnesota State University-Mankato,2023,NA,NA,NA,NA,NA,NA,NA,NA,NA,NA,NA,NA,000000000000,netPrice|graduationRate|medianDebt|medianEarnings|admissionRate|satAverage|actMidpoint|tuitionInState|tuitionOutOfState|pellGrantRate|federalLoanRate|retentionRate
173920,Minnesota State University-Mankato,2024,NA,NA,NA,NA,NA,NA,NA,NA,NA,NA,NA,NA,000000000000,netPrice|graduationRate|medianDebt|medianEarnings|admissionRate|satAverage|actMidpoint|tuitionInState|tuitionOutOfState|pellGrantRate|federalLoanRate|retentionRate
174066,University of Minnesota-Twin Cities,2012,16389.0,0.7294,19944.0,48300.0,0.4951,1252.0,28.0,13459.0,18709.0,0.2292,0.4694,0.9077,000000000000,netPrice|graduationRate|medianDebt|medianEarnings|admissionRate|satAverage|actMidpoint|tuitionInState|tuitionOutOfState|pellGrantRate|federalLoanRate|retentionRate
174066,University of Minnesota-Twin Cities,2013,17208.0,0.754,20500.0,49800.0,0.4442,1270.0,28.0,13555.0,19805.0,0.2169,0.4516,0.9022,000000000000,netPrice|graduationRate|medianDebt|medianEarnings|admissionRate|satAverage|actMidpoint|tuitionInState|tuitionOutOfState|pellGrantRate|federalLoanRate|retentionRate
174066,University of Minnesota-Twin Cities,2014,16954.0,0.784,20500.0,51900.0,0.4535,1271.0,28.0,13560.0,20810.0,0.2076,0.4344,0.9245,000000000000,netPrice|graduationRate|medianDebt|medianEarnings|admissionRate|satAverage|actMidpoint|tuitionInState|tuitionOutOfState|pellGrantRate|federalLoanRate|retentionRate
174066,University of Minnesota-Twin Cities,2015,16439.0,0.772,20000.0,NA,0.4458,1288.0,29.0,13790.0,22210.0,0.2026,0.4229,0.925,000000000000,netPrice|graduationRate|medianDebt|medianEarnings|admissionRate|satAverage|actMidpoint|tuitionInState|tuitionOutOfState|pellGrantRate|federalLoanRate|retentionRate
174066,University of Minnesota-Twin Cities,2016,16993.0,0.7838,20000.0,NA,0.4441,1288.0,29.0,14142.0,23806.0,0.1938,0.412,0.9303,000000000000,netPrice|graduationRate|medianDebt|medianEarnings|admissionRate|satAverage|actMidpoint|tuitionInState|tuitionOutOfState|pellGrantRate|federalLoanRate|retentionRate
174066,University of Minnesota-Twin Cities,2017,17396.0,0.801,19500.0,NA,0.496,1349.0,29.0,14417.0,26603.0,0.189,0.4033,0.9317,000000000000,netPrice|graduationRate|medianDebt|medianEarnings|admissionRate|satAverage|actMidpoint|tuitionInState|tuitionOutOfState|pellGrantRate|federalLoanRate|retentionRate
174066,University of Minnesota-Twin Cities,2018,17479.0,0.8019,19500.0,NA,0.5185,1336.0,29.0,14760.0,30438.0,0.186,0.3908,0.9272,000000000000,netPrice|graduationRate|medianDebt|medianEarnings|admissionRate|satAverage|actMidpoint|tuitionInState|tuitionOutOfState|pellGrantRate|federalLoanRate|retentionRate
174066,University of Minnesota-Twin Cities,2019,17740.0,0.8291,19500.0,NA,0.5674,1337.0,29.0,15027.0,33325.0,0.1835,0.3851,0.9317,000000000000,netPrice|graduationRate|medianDebt|medianEarnings|admissionRate|satAverage|actMidpoint|tuitionInState|tuitionOutOfState|pellGrantRate|federalLoanRate|retentionRate
174066,University of Minnesota-Twin Cities,2020,17878.0,0.8426,19500.0,69020.0,0.6964,1320.0,28.0,15027.0,33325.0,0.1786,0.367,0.9332,000000000000,netPrice|graduationRate|medianDebt|medianEarnings|admissionRate|satAverage|actMidpoint|tuitionInState|tuitionOutOfState|pellGrantRate|federalLoanRate|retentionRate
174066,University of Minnesota-Twin Cities,2021,17419.0,0.8421,NA,NA,0.7323,1370.0,30.0,15254.0,33818.0,0.1631,0.3174,0.9152,000000000000,netPrice|graduationRate|medianDebt|medianEarnings|admissionRate|satAverage|actMidpoint|tuitionInState|tuitionOutOfState|pellGrantRate|federalLoanRate|retentionRate
174066,University of Minnesota-Twin Cities,2022,16318.0,0.8436,NA,NA,0.7491,1355.0,NA,15859.0,35099.0,0.1755,0.3054,0.9019,000000000000,netPrice|graduationRate|medianDebt|medianEarnings|admissionRate|satAverage|actMidpoint|tuitionInState|tuitionOutOfState|pellGrantRate|federalLoanRate|retentionRate
174066,University of Minnesota-Twin Cities,2023,NA,NA,NA,NA,NA,NA,NA,NA,NA,NA,NA,NA,000000000000,netPrice|graduationRate|medianDebt|medianEarnings|admissionRate|satAverage|actMidpoint|tuitionInState|tuitionOutOfState|pellGrantRate|federalLoanRate|retentionRate
174066,University of Minnesota-Twin Cities,2024,NA,NA,NA,NA,NA,NA,NA,NA,NA,NA,NA,NA,000000000000,netPrice|graduationRate|medianDebt|medianEarnings|admissionRate|satAverage|actMidpoint|tuitionInState|tuitionOutOfState|pellGrantRate|federalLoanRate|retentionRate
174233,University of Minnesota-Duluth,2012,16858.0,0.5357,23608.0,44000.0,0.7769,1109.0,24.0,12785.0,15450.0,0.2529,0.6054,0.7519,000000000000,netPrice|graduationRate|medianDebt|medianEarnings|admissionRate|satAverage|actMidpoint|tuitionInState|tuitionOutOfState|pellGrantRate|federalLoanRate|retentionRate
174233,University of Minnesota-Duluth,2013,17047.0,0.5883,24701.0,45300.0,0.7822,1109.0,24.0,12815.0,16480.0,0.2431,0.5882,0.7509,000000000000,netPrice|graduationRate|medianDebt|medianEarnings|admissionRate|satAverage|actMidpoint|tuitionInState|tuitionOutOfState|pellGrantRate|federalLoanRate|retentionRate
174233,University of Minnesota-Duluth,2014,17315.0,0.5924,25000.0,47200.0,0.7678,1110.0,24.0,12802.0,16467.0,0.2417,0.5838,0.7706,000000000000,netPrice|graduationRate|medianDebt|medianEarnings|admissionRate|satAverage|actMidpoint|tuitionInState|tuitionOutOfState|pellGrantRate|federalLoanRate|retentionRate
174233,University of Minnesota-Duluth,2015,16366.0,0.5993,24939.0,NA,0.7596,1109.0,24.0,13082.0,17032.0,0.2343,0.5713,0.7604,000000000000,netPrice|graduationRate|medianDebt|medianEarnings|admissionRate|satAverage|actMidpoint|tuitionInState|tuitionOutOfState|pellGrantRate|federalLoanRate|retentionRate
174233,University of Minnesota-Duluth,2016,16850.0,0.5941,24250.0,NA,0.7655,1110.0,24.0,13139.0,17485.0,0.2245,0.556,0.7836,000000000000,netPrice|graduationRate|medianDebt|medianEarnings|admissionRate|satAverage|actMidpoint|tuitionInState|tuitionOutOfState|pellGrantRate|federalLoanRate|retentionRate
174233,University of Minnesota-Duluth,2017,17131.0,0.5924,22602.0,NA,0.7663,1185.0,24.0,13344.0,18462.0,0.2171,0.5548,0.7705,000000000000,netPrice|graduationRate|medianDebt|medianEarnings|admissionRate|satAverage|actMidpoint|tuitionInState|tuitionOutOfState|pellGrantRate|federalLoanRate|retentionRate
174233,University of Minnesota-Duluth,2018,17319.0,0.5885,22500.0,NA,0.7432,1172.0,24.0,13366.0,18484.0,0.2175,0.5461,0.7869,000000000000,netPrice|graduationRate|medianDebt|medianEarnings|admissionRate|satAverage|actMidpoint|tuitionInState|tuitionOutOfState|pellGrantRate|federalLoanRate|retentionRate
174233,University of Minnesota-Duluth,2019,17067.0,0.6153,22514.0,NA,0.7489,1172.0,24.0,13680.0,18880.0,0.2246,0.5376,0.7976,000000000000,netPrice|graduationRate|medianDebt|medianEarnings|admissionRate|satAverage|actMidpoint|tuitionInState|tuitionOutOfState|pellGrantRate|federalLoanRate|retentionRate
174233,University of Minnesota-Duluth,2020,18505.0,0.615,22024.0,62616.0,0.7855,1169.0,24.0,13576.0,18776.0,0.205,0.518,0.795,000000000000,netPrice|graduationRate|medianDebt|medianEarnings|admissionRate|satAverage|actMidpoint|tuitionInState|tuitionOutOfState|pellGrantRate|federalLoanRate|retentionRate
174233,University of Minnesota-Duluth,2021,17313.0,0.6467,NA,NA,0.7954,1220.0,25.0,13850.0,19148.0,0.1866,0.4718,0.7731,000000000000,netPrice|graduationRate|medianDebt|medianEarnings|admissionRate|satAverage|actMidpoint|tuitionInState|tuitionOutOfState|pellGrantRate|federalLoanRate|retentionRate
174233,University of Minnesota-Duluth,2022,17156.0,0.6223,NA,NA,0.807,1220.0,NA,14126.0,19516.0,0.1898,0.453,0.7724,000000000000,netPrice|graduationRate|medianDebt|medianEarnings|admissionRate|satAverage|actMidpoint|tuitionInState|tuitionOutOfState|pellGrantRate|federalLoanRate|retentionRate
174233,University of Minnesota-Duluth,2023,NA,NA,NA,NA,NA,NA,NA,NA,NA,NA,NA,NA,000000000000,netPrice|graduationRate|medianDebt|medianEarnings|admissionRate|satAverage|actMidpoint|tuitionInState|tuitionOutOfState|pellGrantRate|federalLoanRate|retentionRate
174233,University of Minnesota-Duluth,2024,NA,NA,NA,NA,NA,NA,NA,NA,NA,NA,NA,NA,000000000000,netPrice|graduationRate|medianDebt|medianEarnings|admissionRate|satAverage|actMidpoint|tuitionInState|tuitionOutOfState|pellGrantRate|federalLoanRate|retentionRate
176017,University of Mississippi,2012,12161.0,0.5835,18266.0,40500.0,0.6105,1099.0,24.0,6282.0,16266.0,0.3149,0.4705,0.8084,000000000000,netPrice|graduationRate|medianDebt|medianEarnings|admissionRate|satAverage|actMidpoint|tuitionInState|tuitionOutOfState|pellGrantRate|federalLoanRate|retentionRate
176017,University of Mississippi,2013,13858.0,0.5797,19045.0,41100.0,0.8054,1100.0,24.0,6760.0,17728.0,0.2975,0.4625,0.8558,000000000000,netPrice|graduationRate|medianDebt|medianEarnings|admissionRate|satAverage|actMidpoint|tuitionInState|tuitionOutOfState|pellGrantRate|federalLoanRate|retentionRate
176017,University of Mississippi,2014,14318.0,0.6136,19500.0,42700.0,0.8122,1098.0,24.0,7096.0,19144.0,0.2838,0.4545,0.8469,000000000000,netPrice|graduationRate|medianDebt|medianEarnings|admissionRate|satAverage|actMidpoint|tuitionInState|tuitionOutOfState|pellGrantRate|federalLoanRate|retentionRate
176017,University of Mississippi,2015,14284.0,0.6113,19500.0,NA,0.7873,1118.0,25.0,7444.0,20674.0,0.2661,0.4424,0.8654,000000000000,netPrice|graduationRate|medianDebt|medianEarnings|admissionRate|satAverage|actMidpoint|tuitionInState|tuitionOutOfState|pellGrantRate|federalLoanRate|retentionRate
176017,University of Mississippi,2016,14494.0,0.598,19500.0,NA,0.783,1155.0,26.0,7744.0,22012.0,0.2567,0.4307,0.853,000000000000,netPrice|graduationRate|medianDebt|medianEarnings|admissionRate|satAverage|actMidpoint|tuitionInState|tuitionOutOfState|pellGrantRate|federalLoanRate|retentionRate
176017,University of Mississippi,2017,13929.0,0.6007,19500.0,NA,0.8391,1225.0,26.0,8300.0,23564.0,0.2488,0.419,0.8518,000000000000,netPrice|graduationRate|medianDebt|medianEarnings|admissionRate|satAverage|actMidpoint|tuitionInState|tuitionOutOfState|pellGrantRate|federalLoanRate|retentionRate
176017,University of Mississippi,2018,13857.0,0.6421,19500.0,NA,0.8806,1207.0,25.0,8660.0,24614.0,0.2516,0.4041,0.8493,000000000000,netPrice|graduationRate|medianDebt|medianEarnings|admissionRate|satAverage|actMidpoint|tuitionInState|tuitionOutOfState|pellGrantRate|federalLoanRate|retentionRate
176017,University of Mississippi,2019,14016.0,0.6581,20335.0,NA,0.8814,1200.0,25.0,8828.0,25100.0,0.2322,0.3624,0.8685,000000000000,netPrice|graduationRate|medianDebt|medianEarnings|admissionRate|satAverage|actMidpoint|tuitionInState|tuitionOutOfState|pellGrantRate|federalLoanRate|retentionRate
176017,University of Mississippi,2020,12161.0,0.6668,20000.0,50994.0,0.8802,1220.0,26.0,8828.0,25100.0,0.2387,0.3628,0.8573,000000000000,netPrice|graduationRate|medianDebt|medianEarnings|admissionRate|satAverage|actMidpoint|tuitionInState|tuitionOutOfState|pellGrantRate|federalLoanRate|retentionRate
176017,University of Mississippi,2021,12454.0,0.6839,NA,NA,0.8966,1201.0,25.0,9044.0,25886.0,0.2384,0.3506,0.8828,000000000000,netPrice|graduationRate|medianDebt|medianEarnings|admissionRate|satAverage|actMidpoint|tuitionInState|tuitionOutOfState|pellGrantRate|federalLoanRate|retentionRate
176017,University of Mississippi,2022,13504.0,0.6779,NA,NA,0.9738,1199.0,NA,9220.0,26440.0,0.2409,0.3384,0.893,000000000000,netPrice|graduationRate|medianDebt|medianEarnings|admissionRate|satAverage|actMidpoint|tuitionInState|tuitionOutOfState|pellGrantRate|federalLoanRate|retentionRate
176017,University of Mississippi,2023,NA,NA,NA,NA,NA,NA,NA,NA,NA,NA,NA,NA,000000000000,netPrice|graduationRate|medianDebt|medianEarnings|admissionRate|satAverage|actMidpoint|tuitionInState|tuitionOutOfState|pellGrantRate|federalLoanRate|retentionRate
176017,University of Mississippi,2024,NA,NA,NA,NA,NA,NA,NA,NA,NA,NA,NA,NA,000000000000,netPrice|graduationRate|medianDebt|medianEarnings|admissionRate|satAverage|actMidpoint|tuitionInState|tuitionOutOfState|pellGrantRate|federalLoanRate|retentionRate
176080,Mississippi State University,2012,16090.0,0.5783,21125.0,40100.0,0.6215,1087.0,24.0,6264.0,15828.0,0.3641,0.5433,0.8072,000000000000,netPrice|graduationRate|medianDebt|medianEarnings|admissionRate|satAverage|actMidpoint|tuitionInState|tuitionOutOfState|pellGrantRate|federalLoanRate|retentionRate
176080,Mississippi State University,2013,15983.0,0.6105,22170.5,40300.0,0.6482,1106.0,24.0,6772.0,16960.0,0.3415,0.5046,0.7851,000000000000,netPrice|graduationRate|medianDebt|medianEarnings|admissionRate|satAverage|actMidpoint|tuitionInState|tuitionOutOfState|pellGrantRate|federalLoanRate|retentionRate
176080,Mississippi State University,2014,15902.0,0.6043,23209.0,40200.0,0.7102,1126.0,25.0,7140.0,18478.0,0.3318,0.4959,0.8018,000000000000,netPrice|graduationRate|medianDebt|medianEarnings|admissionRate|satAverage|actMidpoint|tuitionInState|tuitionOutOfState|pellGrantRate|federalLoanRate|retentionRate
176080,Mississippi State University,2015,16035.0,0.6003,23250.0,NA,0.6524,1140.0,25.0,7502.0,20142.0,0.3261,0.4915,0.8195,000000000000,netPrice|graduationRate|medianDebt|medianEarnings|admissionRate|satAverage|actMidpoint|tuitionInState|tuitionOutOfState|pellGrantRate|federalLoanRate|retentionRate
176080,Mississippi State University,2016,15656.0,0.5986,23000.0,NA,0.5567,1125.0,25.0,7780.0,20900.0,0.3229,0.4887,0.8024,000000000000,netPrice|graduationRate|medianDebt|medianEarnings|admissionRate|satAverage|actMidpoint|tuitionInState|tuitionOutOfState|pellGrantRate|federalLoanRate|retentionRate
176080,Mississippi State University,2017,16192.0,0.579,23000.0,NA,0.624,1195.0,25.0,8318.0,22358.0,0.3185,0.4826,0.7926,000000000000,netPrice|graduationRate|medianDebt|medianEarnings|admissionRate|satAverage|actMidpoint|tuitionInState|tuitionOutOfState|pellGrantRate|federalLoanRate|retentionRate
176080,Mississippi State University,2018,16830.0,0.5835,22865.0,NA,0.5692,1230.0,26.0,8650.0,23250.0,0.3266,0.4742,0.7981,000000000000,netPrice|graduationRate|medianDebt|medianEarnings|admissionRate|satAverage|actMidpoint|tuitionInState|tuitionOutOfState|pellGrantRate|federalLoanRate|retentionRate
176080,Mississippi State University,2019,16173.0,0.6146,22500.0,NA,0.5386,1246.0,26.0,8910.0,23950.0,0.3218,0.4642,0.8157,000000000000,netPrice|graduationRate|medianDebt|medianEarnings|admissionRate|satAverage|actMidpoint|tuitionInState|tuitionOutOfState|pellGrantRate|federalLoanRate|retentionRate
176080,Mississippi State University,2020,16122.0,0.6419,22142.0,51513.0,0.8004,1244.0,26.0,8910.0,23950.0,0.3145,0.4453,0.8508,000000000000,netPrice|graduationRate|medianDebt|medianEarnings|admissionRate|satAverage|actMidpoint|tuitionInState|tuitionOutOfState|pellGrantRate|federalLoanRate|retentionRate
176080,Mississippi State University,2021,15891.0,0.5973,NA,NA,0.7612,1228.0,26.0,9220.0,24900.0,0.3052,0.4167,0.8138,000000000000,netPrice|graduationRate|medianDebt|medianEarnings|admissionRate|satAverage|actMidpoint|tuitionInState|tuitionOutOfState|pellGrantRate|federalLoanRate|retentionRate
176080,Mississippi State University,2022,15910.0,0.631,NA,NA,0.7519,1215.0,NA,9398.0,25444.0,0.2977,0.4036,0.8055,000000000000,netPrice|graduationRate|medianDebt|medianEarnings|admissionRate|satAverage|actMidpoint|tuitionInState|tuitionOutOfState|pellGrantRate|federalLoanRate|retentionRate
176080,Mississippi State University,2023,NA,NA,NA,NA,NA,NA,NA,NA,NA,NA,NA,NA,000000000000,netPrice|graduationRate|medianDebt|medianEarnings|admissionRate|satAverage|actMidpoint|tuitionInState|tuitionOutOfState|pellGrantRate|federalLoanRate|retentionRate
176080,Mississippi State University,2024,NA,NA,NA,NA,NA,NA,NA,NA,NA,NA,NA,NA,000000000000,netPrice|graduationRate|medianDebt|medianEarnings|admissionRate|satAverage|actMidpoint|tuitionInState|tuitionOutOfState|pellGrantRate|federalLoanRate|retentionRate
176372,University of Southern Mississippi,2012,11882.0,0.4952,22521.0,35900.0,0.6453,1030.0,22.0,6336.0,14448.0,0.4786,0.6209,0.7519,000000000000,netPrice|graduationRate|medianDebt|medianEarnings|admissionRate|satAverage|actMidpoint|tuitionInState|tuitionOutOfState|pellGrantRate|federalLoanRate|retentionRate
176372,University of Southern Mississippi,2013,12423.0,0.4513,23026.0,35800.0,0.6631,1082.0,24.0,6744.0,15024.0,0.4644,0.6934,0.7162,000000000000,netPrice|graduationRate|medianDebt|medianEarnings|admissionRate|satAverage|actMidpoint|tuitionInState|tuitionOutOfState|pellGrantRate|federalLoanRate|retentionRate
176372,University of Southern Mississippi,2014,12549.0,0.4844,24250.0,36400.0,0.6674,1029.0,22.0,6980.0,15550.0,0.4865,0.66,0.7409,000000000000,netPrice|graduationRate|medianDebt|medianEarnings|admissionRate|satAverage|actMidpoint|tuitionInState|tuitionOutOfState|pellGrantRate|federalLoanRate|retentionRate
176372,University of Southern Mississippi,2015,12175.0,0.4978,25000.0,NA,0.5804,1049.0,23.0,7334.0,16204.0,0.4855,0.6269,0.726,000000000000,netPrice|graduationRate|medianDebt|medianEarnings|admissionRate|satAverage|actMidpoint|tuitionInState|tuitionOutOfState|pellGrantRate|federalLoanRate|retentionRate
176372,University of Southern Mississippi,2016,12867.0,0.4472,25000.0,NA,0.6014,1070.0,23.0,7659.0,16529.0,0.4719,0.6044,0.7431,000000000000,netPrice|graduationRate|medianDebt|medianEarnings|admissionRate|satAverage|actMidpoint|tuitionInState|tuitionOutOfState|pellGrantRate|federalLoanRate|retentionRate
176372,University of Southern Mississippi,2017,13178.0,0.4674,23750.0,NA,0.9843,1125.0,23.0,8218.0,10218.0,0.4686,0.5843,0.7083,000000000000,netPrice|graduationRate|medianDebt|medianEarnings|admissionRate|satAverage|actMidpoint|tuitionInState|tuitionOutOfState|pellGrantRate|federalLoanRate|retentionRate
176372,University of Southern Mississippi,2018,14126.0,0.487,23033.0,NA,0.9788,1120.0,22.0,8624.0,10624.0,0.4769,0.586,0.7172,000000000000,netPrice|graduationRate|medianDebt|medianEarnings|admissionRate|satAverage|actMidpoint|tuitionInState|tuitionOutOfState|pellGrantRate|federalLoanRate|retentionRate
176372,University of Southern Mississippi,2019,14923.0,0.4899,22000.0,NA,0.9694,1135.0,23.0,8896.0,10896.0,0.4802,0.5779,0.6784,000000000000,netPrice|graduationRate|medianDebt|medianEarnings|admissionRate|satAverage|actMidpoint|tuitionInState|tuitionOutOfState|pellGrantRate|federalLoanRate|retentionRate
176372,University of Southern Mississippi,2020,14032.0,0.4975,22500.0,44140.0,0.9633,1135.0,23.0,8896.0,10896.0,0.471,0.5559,0.7474,000000000000,netPrice|graduationRate|medianDebt|medianEarnings|admissionRate|satAverage|actMidpoint|tuitionInState|tuitionOutOfState|pellGrantRate|federalLoanRate|retentionRate
176372,University of Southern Mississippi,2021,13863.0,0.5179,NA,NA,0.9579,1135.0,23.0,9204.0,11204.0,0.4573,0.5428,0.6996,000000000000,netPrice|graduationRate|medianDebt|medianEarnings|admissionRate|satAverage|actMidpoint|tuitionInState|tuitionOutOfState|pellGrantRate|federalLoanRate|retentionRate
176372,University of Southern Mississippi,2022,13744.0,0.5168,NA,NA,0.9884,1150.0,NA,9450.0,11450.0,0.4662,0.5109,0.6963,000000000000,netPrice|graduationRate|medianDebt|medianEarnings|admissionRate|satAverage|actMidpoint|tuitionInState|tuitionOutOfState|pellGrantRate|federalLoanRate|retentionRate
176372,University of Southern Mississippi,2023,NA,NA,NA,NA,NA,NA,NA,NA,NA,NA,NA,NA,000000000000,netPrice|graduationRate|medianDebt|medianEarnings|admissionRate|satAverage|actMidpoint|tuitionInState|tuitionOutOfState|pellGrantRate|federalLoanRate|retentionRate
176372,University of Southern Mississippi,2024,NA,NA,NA,NA,NA,NA,NA,NA,NA,NA,NA,NA,000000000000,netPrice|graduationRate|medianDebt|medianEarnings|admissionRate|satAverage|actMidpoint|tuitionInState|tuitionOutOfState|pellGrantRate|federalLoanRate|retentionRate
178396,University of Missouri-Columbia,2012,16655.0,0.7083,21500.0,46000.0,0.8146,1165.0,26.0,9257.0,23366.0,0.2264,0.5067,0.8366,000000000000,netPrice|graduationRate|medianDebt|medianEarnings|admissionRate|satAverage|actMidpoint|tuitionInState|tuitionOutOfState|pellGrantRate|federalLoanRate|retentionRate
178396,University of Missouri-Columbia,2013,16940.0,0.7012,21500.0,46100.0,0.7861,1165.0,26.0,9415.0,23764.0,0.216,0.4864,0.8353,000000000000,netPrice|graduationRate|medianDebt|medianEarnings|admissionRate|satAverage|actMidpoint|tuitionInState|tuitionOutOfState|pellGrantRate|federalLoanRate|retentionRate
178396,University of Missouri-Columbia,2014,17238.0,0.6948,21500.0,48300.0,0.7767,1166.0,26.0,9433.0,24460.0,0.2138,0.4735,0.8619,000000000000,netPrice|graduationRate|medianDebt|medianEarnings|admissionRate|satAverage|actMidpoint|tuitionInState|tuitionOutOfState|pellGrantRate|federalLoanRate|retentionRate
178396,University of Missouri-Columbia,2015,16902.0,0.6877,21530.0,NA,0.7813,1203.0,27.0,9509.0,25166.0,0.2083,0.4566,0.8717,000000000000,netPrice|graduationRate|medianDebt|medianEarnings|admissionRate|satAverage|actMidpoint|tuitionInState|tuitionOutOfState|pellGrantRate|federalLoanRate|retentionRate
178396,University of Missouri-Columbia,2016,17157.0,0.6831,22000.0,NA,0.747,1183.0,26.0,9518.0,25892.0,0.1952,0.4351,0.8568,000000000000,netPrice|graduationRate|medianDebt|medianEarnings|admissionRate|satAverage|actMidpoint|tuitionInState|tuitionOutOfState|pellGrantRate|federalLoanRate|retentionRate
178396,University of Missouri-Columbia,2017,18602.0,0.6823,22000.0,NA,0.7809,1249.0,26.0,9787.0,26506.0,0.1891,0.4181,0.8703,000000000000,netPrice|graduationRate|medianDebt|medianEarnings|admissionRate|satAverage|actMidpoint|tuitionInState|tuitionOutOfState|pellGrantRate|federalLoanRate|retentionRate
178396,University of Missouri-Columbia,2018,18480.0,0.6902,21500.0,NA,0.7784,1244.0,26.0,9972.0,27042.0,0.1916,0.4022,0.8739,000000000000,netPrice|graduationRate|medianDebt|medianEarnings|admissionRate|satAverage|actMidpoint|tuitionInState|tuitionOutOfState|pellGrantRate|federalLoanRate|retentionRate
178396,University of Missouri-Columbia,2019,16001.0,0.7131,21000.0,NA,0.8073,1248.0,26.0,10477.0,28348.0,0.2068,0.3804,0.8789,000000000000,netPrice|graduationRate|medianDebt|medianEarnings|admissionRate|satAverage|actMidpoint|tuitionInState|tuitionOutOfState|pellGrantRate|federalLoanRate|retentionRate
178396,University of Missouri-Columbia,2020,16559.0,0.7298,20500.0,63403.0,0.8178,1261.0,27.0,10723.0,29005.0,0.2148,0.3769,0.8939,000000000000,netPrice|graduationRate|medianDebt|medianEarnings|admissionRate|satAverage|actMidpoint|tuitionInState|tuitionOutOfState|pellGrantRate|federalLoanRate|retentionRate
178396,University of Missouri-Columbia,2021,17899.0,0.7251,NA,NA,0.7655,1263.0,27.0,11475.0,30450.0,0.2072,0.3444,0.8841,000000000000,netPrice|graduationRate|medianDebt|medianEarnings|admissionRate|satAverage|actMidpoint|tuitionInState|tuitionOutOfState|pellGrantRate|federalLoanRate|retentionRate
178396,University of Missouri-Columbia,2022,19979.0,0.753,NA,NA,0.7913,1249.0,NA,11981.0,31970.0,0.2086,0.3288,0.8859,000000000000,netPrice|graduationRate|medianDebt|medianEarnings|admissionRate|satAverage|actMidpoint|tuitionInState|tuitionOutOfState|pellGrantRate|federalLoanRate|retentionRate
178396,University of Missouri-Columbia,2023,NA,NA,NA,NA,NA,NA,NA,NA,NA,NA,NA,NA,000000000000,netPrice|graduationRate|medianDebt|medianEarnings|admissionRate|satAverage|actMidpoint|tuitionInState|tuitionOutOfState|pellGrantRate|federalLoanRate|retentionRate
178396,University of Missouri-Columbia,2024,NA,NA,NA,NA,NA,NA,NA,NA,NA,NA,NA,NA,000000000000,netPrice|graduationRate|medianDebt|medianEarnings|admissionRate|satAverage|actMidpoint|tuitionInState|tuitionOutOfState|pellGrantRate|federalLoanRate|retentionRate
179566,Missouri State University-Springfield,2012,13870.0,0.5538,20834.0,36800.0,0.8326,1090.0,24.0,6792.0,13138.0,0.3208,0.5414,0.7535,000000000000,netPrice|graduationRate|medianDebt|medianEarnings|admissionRate|satAverage|actMidpoint|tuitionInState|tuitionOutOfState|pellGrantRate|federalLoanRate|retentionRate
179566,Missouri State University-Springfield,2013,14817.0,0.5337,21031.0,37400.0,0.851,1090.0,24.0,6908.0,13388.0,0.3198,0.5083,0.7525,000000000000,netPrice|graduationRate|medianDebt|medianEarnings|admissionRate|satAverage|actMidpoint|tuitionInState|tuitionOutOfState|pellGrantRate|federalLoanRate|retentionRate
179566,Missouri State University-Springfield,2014,14866.0,0.5474,21640.0,39300.0,0.8503,1090.0,24.0,7008.0,13668.0,0.329,0.4974,0.7525,000000000000,netPrice|graduationRate|medianDebt|medianEarnings|admissionRate|satAverage|actMidpoint|tuitionInState|tuitionOutOfState|pellGrantRate|federalLoanRate|retentionRate
179566,Missouri State University-Springfield,2015,15314.0,0.5234,22489.0,NA,0.8585,1090.0,24.0,7060.0,13930.0,0.3273,0.4946,0.7824,000000000000,netPrice|graduationRate|medianDebt|medianEarnings|admissionRate|satAverage|actMidpoint|tuitionInState|tuitionOutOfState|pellGrantRate|federalLoanRate|retentionRate
179566,Missouri State University-Springfield,2016,15687.0,0.5493,22424.0,NA,0.8438,1090.0,24.0,7060.0,14110.0,0.3145,0.4888,0.791,000000000000,netPrice|graduationRate|medianDebt|medianEarnings|admissionRate|satAverage|actMidpoint|tuitionInState|tuitionOutOfState|pellGrantRate|federalLoanRate|retentionRate
179566,Missouri State University-Springfield,2017,15855.0,0.5491,22688.0,NA,0.8404,1164.0,24.0,7306.0,14746.0,0.2913,0.4722,0.7726,000000000000,netPrice|graduationRate|medianDebt|medianEarnings|admissionRate|satAverage|actMidpoint|tuitionInState|tuitionOutOfState|pellGrantRate|federalLoanRate|retentionRate
179566,Missouri State University-Springfield,2018,16526.0,0.5446,22522.0,NA,0.8497,1169.0,24.0,7376.0,15326.0,0.293,0.4662,0.7766,000000000000,netPrice|graduationRate|medianDebt|medianEarnings|admissionRate|satAverage|actMidpoint|tuitionInState|tuitionOutOfState|pellGrantRate|federalLoanRate|retentionRate
179566,Missouri State University-Springfield,2019,16725.0,0.5593,22412.0,NA,0.8794,1186.0,24.0,7588.0,15898.0,0.2788,0.4381,0.7801,000000000000,netPrice|graduationRate|medianDebt|medianEarnings|admissionRate|satAverage|actMidpoint|tuitionInState|tuitionOutOfState|pellGrantRate|federalLoanRate|retentionRate
179566,Missouri State University-Springfield,2020,16718.0,0.5778,21992.0,49827.0,0.8657,1183.0,24.0,7938.0,16608.0,0.2508,0.4102,0.7921,000000000000,netPrice|graduationRate|medianDebt|medianEarnings|admissionRate|satAverage|actMidpoint|tuitionInState|tuitionOutOfState|pellGrantRate|federalLoanRate|retentionRate
179566,Missouri State University-Springfield,2021,16625.0,0.5948,NA,NA,0.9385,1146.0,23.0,8294.0,16498.0,0.2312,0.3645,0.752,000000000000,netPrice|graduationRate|medianDebt|medianEarnings|admissionRate|satAverage|actMidpoint|tuitionInState|tuitionOutOfState|pellGrantRate|federalLoanRate|retentionRate
179566,Missouri State University-Springfield,2022,17262.0,0.5822,NA,NA,0.9256,1147.0,NA,8604.0,17144.0,0.2242,0.3324,0.7589,000000000000,netPrice|graduationRate|medianDebt|medianEarnings|admissionRate|satAverage|actMidpoint|tuitionInState|tuitionOutOfState|pellGrantRate|federalLoanRate|retentionRate
179566,Missouri State University-Springfield,2023,NA,NA,NA,NA,NA,NA,NA,NA,NA,NA,NA,NA,000000000000,netPrice|graduationRate|medianDebt|medianEarnings|admissionRate|satAverage|actMidpoint|tuitionInState|tuitionOutOfState|pellGrantRate|federalLoanRate|retentionRate
179566,Missouri State University-Springfield,2024,NA,NA,NA,NA,NA,NA,NA,NA,NA,NA,NA,NA,000000000000,netPrice|graduationRate|medianDebt|medianEarnings|admissionRate|satAverage|actMidpoint|tuitionInState|tuitionOutOfState|pellGrantRate|federalLoanRate|retentionRate
179867,Washington University in St Louis,2012,30145.0,0.9402,18656.0,62800.0,0.1788,1478.0,33.0,43705.0,43705.0,0.0743,0.2348,0.9621,000000000000,netPrice|graduationRate|medianDebt|medianEarnings|admissionRate|satAverage|actMidpoint|tuitionInState|tuitionOutOfState|pellGrantRate|federalLoanRate|retentionRate
179867,Washington University in St Louis,2013,33484.0,0.9404,19500.0,66300.0,0.1555,1474.0,33.0,44841.0,44841.0,0.0616,0.2207,0.9642,000000000000,netPrice|graduationRate|medianDebt|medianEarnings|admissionRate|satAverage|actMidpoint|tuitionInState|tuitionOutOfState|pellGrantRate|federalLoanRate|retentionRate
179867,Washington University in St Louis,2014,31281.0,0.9496,20172.0,70100.0,0.1713,1478.0,33.0,46467.0,46467.0,0.0671,0.2184,0.9718,000000000000,netPrice|graduationRate|medianDebt|medianEarnings|admissionRate|satAverage|actMidpoint|tuitionInState|tuitionOutOfState|pellGrantRate|federalLoanRate|retentionRate
179867,Washington University in St Louis,2015,32873.0,0.9264,19500.0,NA,0.1674,1469.0,33.0,48093.0,48093.0,0.074,0.2047,0.96,000000000000,netPrice|graduationRate|medianDebt|medianEarnings|admissionRate|satAverage|actMidpoint|tuitionInState|tuitionOutOfState|pellGrantRate|federalLoanRate|retentionRate
179867,Washington University in St Louis,2016,29957.0,0.9401,19500.0,NA,0.1653,1472.0,33.0,49770.0,49770.0,0.0833,0.1922,0.9564,000000000000,netPrice|graduationRate|medianDebt|medianEarnings|admissionRate|satAverage|actMidpoint|tuitionInState|tuitionOutOfState|pellGrantRate|federalLoanRate|retentionRate
179867,Washington University in St Louis,2017,28540.0,0.9417,16075.0,NA,0.1596,1508.0,33.0,51533.0,51533.0,0.0997,0.1954,0.9671,000000000000,netPrice|graduationRate|medianDebt|medianEarnings|admissionRate|satAverage|actMidpoint|tuitionInState|tuitionOutOfState|pellGrantRate|federalLoanRate|retentionRate
179867,Washington University in St Louis,2018,27427.0,0.9485,16500.0,NA,0.1503,1506.0,34.0,53399.0,53399.0,0.1165,0.1811,0.9667,000000000000,netPrice|graduationRate|medianDebt|medianEarnings|admissionRate|satAverage|actMidpoint|tuitionInState|tuitionOutOfState|pellGrantRate|federalLoanRate|retentionRate
179867,Washington University in St Louis,2019,26869.0,0.9464,17000.0,NA,0.1385,1520.0,34.0,55292.0,55292.0,0.1329,0.1677,0.9686,000000000000,netPrice|graduationRate|medianDebt|medianEarnings|admissionRate|satAverage|actMidpoint|tuitionInState|tuitionOutOfState|pellGrantRate|federalLoanRate|retentionRate
179867,Washington University in St Louis,2020,26921.0,0.9436,17500.0,86182.0,0.1602,1520.0,34.0,57386.0,57386.0,0.1347,0.1608,0.9415,000000000000,netPrice|graduationRate|medianDebt|medianEarnings|admissionRate|satAverage|actMidpoint|tuitionInState|tuitionOutOfState|pellGrantRate|federalLoanRate|retentionRate
179867,Washington University in St Louis,2021,27595.0,0.9312,NA,NA,0.13,1524.0,34.0,58866.0,58866.0,0.1431,0.1439,0.9606,000000000000,netPrice|graduationRate|medianDebt|medianEarnings|admissionRate|satAverage|actMidpoint|tuitionInState|tuitionOutOfState|pellGrantRate|federalLoanRate|retentionRate
179867,Washington University in St Louis,2022,20768.0,0.9369,NA,NA,0.1176,1525.0,NA,60590.0,60590.0,0.1491,0.1258,0.9599,000000000000,netPrice|graduationRate|medianDebt|medianEarnings|admissionRate|satAverage|actMidpoint|tuitionInState|tuitionOutOfState|pellGrantRate|federalLoanRate|retentionRate
179867,Washington University in St Louis,2023,NA,NA,NA,NA,NA,NA,NA,NA,NA,NA,NA,NA,000000000000,netPrice|graduationRate|medianDebt|medianEarnings|admissionRate|satAverage|actMidpoint|tuitionInState|tuitionOutOfState|pellGrantRate|federalLoanRate|retentionRate
179867,Washington University in St Louis,2024,NA,NA,NA,NA,NA,NA,NA,NA,NA,NA,NA,NA,000000000000,netPrice|graduationRate|medianDebt|medianEarnings|admissionRate|satAverage|actMidpoint|tuitionInState|tuitionOutOfState|pellGrantRate|federalLoanRate|retentionRate
180416,Montana Technological University,2012,12725.0,0.4781,17000.0,40600.0,0.8924,1118.0,25.0,6435.0,18080.0,0.3465,0.4951,0.6645,000000000000,netPrice|graduationRate|medianDebt|medianEarnings|admissionRate|satAverage|actMidpoint|tuitionInState|tuitionOutOfState|pellGrantRate|federalLoanRate|retentionRate
180416,Montana Technological University,2013,11619.0,0.4931,17750.0,41100.0,0.8891,1115.0,24.0,6464.0,18606.0,0.3597,0.4962,0.6875,000000000000,netPrice|graduationRate|medianDebt|medianEarnings|admissionRate|satAverage|actMidpoint|tuitionInState|tuitionOutOfState|pellGrantRate|federalLoanRate|retentionRate
180416,Montana Technological University,2014,11826.0,0.4406,20000.0,41700.0,0.9075,1125.0,25.0,6494.0,19147.0,0.3487,0.4713,0.7137,000000000000,netPrice|graduationRate|medianDebt|medianEarnings|admissionRate|satAverage|actMidpoint|tuitionInState|tuitionOutOfState|pellGrantRate|federalLoanRate|retentionRate
180416,Montana Technological University,2015,12626.0,0.3834,19500.0,NA,0.8879,1145.0,25.0,6539.0,19571.0,0.3141,0.4442,0.7306,000000000000,netPrice|graduationRate|medianDebt|medianEarnings|admissionRate|satAverage|actMidpoint|tuitionInState|tuitionOutOfState|pellGrantRate|federalLoanRate|retentionRate
180416,Montana Technological University,2016,12875.0,0.461,19500.0,NA,0.8893,1109.0,24.0,6561.0,19984.0,0.2964,0.4214,0.7587,000000000000,netPrice|graduationRate|medianDebt|medianEarnings|admissionRate|satAverage|actMidpoint|tuitionInState|tuitionOutOfState|pellGrantRate|federalLoanRate|retentionRate
180416,Montana Technological University,2017,12993.0,0.4137,20000.0,NA,0.9238,1201.0,25.0,7125.0,21956.0,0.2983,0.4133,0.7366,000000000000,netPrice|graduationRate|medianDebt|medianEarnings|admissionRate|satAverage|actMidpoint|tuitionInState|tuitionOutOfState|pellGrantRate|federalLoanRate|retentionRate
180416,Montana Technological University,2018,13886.0,0.5233,20983.0,NA,0.9175,1199.0,25.0,7412.0,22575.0,0.2996,0.4008,0.7288,000000000000,netPrice|graduationRate|medianDebt|medianEarnings|admissionRate|satAverage|actMidpoint|tuitionInState|tuitionOutOfState|pellGrantRate|federalLoanRate|retentionRate
180416,Montana Technological University,2019,15023.0,0.5393,21500.0,NA,0.9096,1170.0,24.0,7440.0,22600.0,0.286,0.3997,0.7875,000000000000,netPrice|graduationRate|medianDebt|medianEarnings|admissionRate|satAverage|actMidpoint|tuitionInState|tuitionOutOfState|pellGrantRate|federalLoanRate|retentionRate
180416,Montana Technological University,2020,15814.0,0.5749,18750.0,54329.0,0.9727,1192.0,24.0,7390.0,22540.0,0.288,0.4226,0.8015,000000000000,netPrice|graduationRate|medianDebt|medianEarnings|admissionRate|satAverage|actMidpoint|tuitionInState|tuitionOutOfState|pellGrantRate|federalLoanRate|retentionRate
180416,Montana Technological University,2021,15789.0,0.5734,NA,NA,0.8984,1172.0,24.0,7400.0,22570.0,0.2586,0.3913,0.7556,000000000000,netPrice|graduationRate|medianDebt|medianEarnings|admissionRate|satAverage|actMidpoint|tuitionInState|tuitionOutOfState|pellGrantRate|federalLoanRate|retentionRate
180416,Montana Technological University,2022,16598.0,0.5659,NA,NA,0.8947,1131.0,NA,7580.0,23210.0,0.2205,0.3901,0.7196,000000000000,netPrice|graduationRate|medianDebt|medianEarnings|admissionRate|satAverage|actMidpoint|tuitionInState|tuitionOutOfState|pellGrantRate|federalLoanRate|retentionRate
180416,Montana Technological University,2023,NA,NA,NA,NA,NA,NA,NA,NA,NA,NA,NA,NA,000000000000,netPrice|graduationRate|medianDebt|medianEarnings|admissionRate|satAverage|actMidpoint|tuitionInState|tuitionOutOfState|pellGrantRate|federalLoanRate|retentionRate
180416,Montana Technological University,2024,NA,NA,NA,NA,NA,NA,NA,NA,NA,NA,NA,NA,000000000000,netPrice|graduationRate|medianDebt|medianEarnings|admissionRate|satAverage|actMidpoint|tuitionInState|tuitionOutOfState|pellGrantRate|federalLoanRate|retentionRate
180461,Montana State University,2012,15508.0,0.4866,22390.0,39600.0,0.5757,1116.0,24.0,6705.0,20062.0,0.3324,0.5117,0.743,000000000000,netPrice|graduationRate|medianDebt|medianEarnings|admissionRate|satAverage|actMidpoint|tuitionInState|tuitionOutOfState|pellGrantRate|federalLoanRate|retentionRate
180461,Montana State University,2013,16236.0,0.4941,22550.0,40400.0,0.8449,1115.0,24.0,6752.0,20717.0,0.3161,0.4913,0.7576,000000000000,netPrice|graduationRate|medianDebt|medianEarnings|admissionRate|satAverage|actMidpoint|tuitionInState|tuitionOutOfState|pellGrantRate|federalLoanRate|retentionRate
180461,Montana State University,2014,16600.0,0.4964,24000.0,43200.0,0.8385,1128.0,25.0,6800.0,21391.0,0.2938,0.4699,0.7608,000000000000,netPrice|graduationRate|medianDebt|medianEarnings|admissionRate|satAverage|actMidpoint|tuitionInState|tuitionOutOfState|pellGrantRate|federalLoanRate|retentionRate
180461,Montana State University,2015,16809.0,0.5226,23683.0,NA,0.8286,1131.0,25.0,6849.0,22081.0,0.2719,0.4507,0.7619,000000000000,netPrice|graduationRate|medianDebt|medianEarnings|admissionRate|satAverage|actMidpoint|tuitionInState|tuitionOutOfState|pellGrantRate|federalLoanRate|retentionRate
180461,Montana State University,2016,17050.0,0.5348,23505.0,NA,0.8287,1126.0,25.0,6887.0,23186.0,0.2481,0.4238,0.7595,000000000000,netPrice|graduationRate|medianDebt|medianEarnings|admissionRate|satAverage|actMidpoint|tuitionInState|tuitionOutOfState|pellGrantRate|federalLoanRate|retentionRate
180461,Montana State University,2017,17754.0,0.5449,23500.0,NA,0.8311,1195.0,25.0,7079.0,24071.0,0.2405,0.4267,0.7614,000000000000,netPrice|graduationRate|medianDebt|medianEarnings|admissionRate|satAverage|actMidpoint|tuitionInState|tuitionOutOfState|pellGrantRate|federalLoanRate|retentionRate
180461,Montana State University,2018,18036.0,0.5736,23374.0,NA,0.817,1205.0,25.0,7277.0,24993.0,0.2342,0.42,0.7715,000000000000,netPrice|graduationRate|medianDebt|medianEarnings|admissionRate|satAverage|actMidpoint|tuitionInState|tuitionOutOfState|pellGrantRate|federalLoanRate|retentionRate
180461,Montana State University,2019,19202.0,0.5677,22995.0,NA,0.8194,1194.0,24.0,7325.0,25855.0,0.2262,0.395,0.7654,000000000000,netPrice|graduationRate|medianDebt|medianEarnings|admissionRate|satAverage|actMidpoint|tuitionInState|tuitionOutOfState|pellGrantRate|federalLoanRate|retentionRate
180461,Montana State University,2020,19453.0,0.5984,22500.0,53263.0,0.8077,1205.0,25.0,7371.0,27101.0,0.2152,0.3663,0.7819,000000000000,netPrice|graduationRate|medianDebt|medianEarnings|admissionRate|satAverage|actMidpoint|tuitionInState|tuitionOutOfState|pellGrantRate|federalLoanRate|retentionRate
180461,Montana State University,2021,19407.0,0.5452,NA,NA,0.73,1176.0,24.0,7528.0,28264.0,0.2027,0.3393,0.7552,000000000000,netPrice|graduationRate|medianDebt|medianEarnings|admissionRate|satAverage|actMidpoint|tuitionInState|tuitionOutOfState|pellGrantRate|federalLoanRate|retentionRate
180461,Montana State University,2022,19600.0,0.5682,NA,NA,0.7333,1158.0,NA,7727.0,29604.0,0.1814,0.3246,0.7521,000000000000,netPrice|graduationRate|medianDebt|medianEarnings|admissionRate|satAverage|actMidpoint|tuitionInState|tuitionOutOfState|pellGrantRate|federalLoanRate|retentionRate
180461,Montana State University,2023,NA,NA,NA,NA,NA,NA,NA,NA,NA,NA,NA,NA,000000000000,netPrice|graduationRate|medianDebt|medianEarnings|admissionRate|satAverage|actMidpoint|tuitionInState|tuitionOutOfState|pellGrantRate|federalLoanRate|retentionRate
180461,Montana State University,2024,NA,NA,NA,NA,NA,NA,NA,NA,NA,NA,NA,NA,000000000000,netPrice|graduationRate|medianDebt|medianEarnings|admissionRate|satAverage|actMidpoint|tuitionInState|tuitionOutOfState|pellGrantRate|federalLoanRate|retentionRate
180489,The University of Montana,2012,13705.0,0.4699,21436.0,34300.0,0.9397,1084.0,24.0,5985.0,21077.0,0.3933,0.5696,0.745,000000000000,netPrice|graduationRate|medianDebt|medianEarnings|admissionRate|satAverage|actMidpoint|tuitionInState|tuitionOutOfState|pellGrantRate|federalLoanRate|retentionRate
180489,The University of Montana,2013,12776.0,0.4708,22500.0,34700.0,0.9423,1090.0,24.0,6045.0,21719.0,0.3912,0.5602,0.7344,000000000000,netPrice|graduationRate|medianDebt|medianEarnings|admissionRate|satAverage|actMidpoint|tuitionInState|tuitionOutOfState|pellGrantRate|federalLoanRate|retentionRate
180489,The University of Montana,2014,12863.0,0.4823,23000.0,35500.0,0.9272,1075.0,23.0,6099.0,22372.0,0.3803,0.5327,0.7259,000000000000,netPrice|graduationRate|medianDebt|medianEarnings|admissionRate|satAverage|actMidpoint|tuitionInState|tuitionOutOfState|pellGrantRate|federalLoanRate|retentionRate
180489,The University of Montana,2015,12679.0,0.4406,23000.0,NA,0.9102,1090.0,24.0,6158.0,23048.0,0.3619,0.5136,0.7269,000000000000,netPrice|graduationRate|medianDebt|medianEarnings|admissionRate|satAverage|actMidpoint|tuitionInState|tuitionOutOfState|pellGrantRate|federalLoanRate|retentionRate
180489,The University of Montana,2016,13978.0,0.4497,22977.0,NA,0.9243,1072.0,23.0,6238.0,23764.0,0.3624,0.5098,0.6921,000000000000,netPrice|graduationRate|medianDebt|medianEarnings|admissionRate|satAverage|actMidpoint|tuitionInState|tuitionOutOfState|pellGrantRate|federalLoanRate|retentionRate
180489,The University of Montana,2017,15006.0,0.458,23250.0,NA,0.9264,1165.0,24.0,7063.0,24943.0,0.3375,0.49,0.6921,000000000000,netPrice|graduationRate|medianDebt|medianEarnings|admissionRate|satAverage|actMidpoint|tuitionInState|tuitionOutOfState|pellGrantRate|federalLoanRate|retentionRate
180489,The University of Montana,2018,15353.0,0.4555,22500.0,NA,0.882,1150.0,23.0,7244.0,24959.0,0.3581,0.5033,0.6842,000000000000,netPrice|graduationRate|medianDebt|medianEarnings|admissionRate|satAverage|actMidpoint|tuitionInState|tuitionOutOfState|pellGrantRate|federalLoanRate|retentionRate
180489,The University of Montana,2019,15246.0,0.4454,21500.0,NA,0.9397,1150.0,23.0,7354.0,26218.0,0.3578,0.4953,0.7139,000000000000,netPrice|graduationRate|medianDebt|medianEarnings|admissionRate|satAverage|actMidpoint|tuitionInState|tuitionOutOfState|pellGrantRate|federalLoanRate|retentionRate
180489,The University of Montana,2020,14755.0,0.4421,22400.0,44511.0,0.9578,1162.0,24.0,7430.0,27256.0,0.3417,0.4815,0.7432,000000000000,netPrice|graduationRate|medianDebt|medianEarnings|admissionRate|satAverage|actMidpoint|tuitionInState|tuitionOutOfState|pellGrantRate|federalLoanRate|retentionRate
180489,The University of Montana,2021,13799.0,0.4772,NA,NA,0.8214,1126.0,22.0,7432.0,28416.0,0.3123,0.4407,0.7543,000000000000,netPrice|graduationRate|medianDebt|medianEarnings|admissionRate|satAverage|actMidpoint|tuitionInState|tuitionOutOfState|pellGrantRate|federalLoanRate|retentionRate
180489,The University of Montana,2022,14856.0,0.4644,NA,NA,0.9538,1141.294037017619,NA,7719.0,29634.0,0.3084,0.4274,0.74,000001000000,netPrice|graduationRate|medianDebt|medianEarnings|admissionRate|satAverage|actMidpoint|tuitionInState|tuitionOutOfState|pellGrantRate|federalLoanRate|retentionRate
180489,The University of Montana,2023,NA,NA,NA,NA,NA,NA,NA,NA,NA,NA,NA,NA,000000000000,netPrice|graduationRate|medianDebt|medianEarnings|admissionRate|satAverage|actMidpoint|tuitionInState|tuitionOutOfState|pellGrantRate|federalLoanRate|retentionRate
180489,The University of Montana,2024,NA,NA,NA,NA,NA,NA,NA,NA,NA,NA,NA,NA,000000000000,netPrice|graduationRate|medianDebt|medianEarnings|admissionRate|satAverage|actMidpoint|tuitionInState|tuitionOutOfState|pellGrantRate|federalLoanRate|retentionRate
181002,Creighton University,2012,25178.0,0.7451,23900.0,57100.0,0.782,1198.0,27.0,33330.0,33330.0,0.1794,0.5266,0.9004,000000000000,netPrice|graduationRate|medianDebt|medianEarnings|admissionRate|satAverage|actMidpoint|tuitionInState|tuitionOutOfState|pellGrantRate|federalLoanRate|retentionRate
181002,Creighton University,2013,26521.0,0.7592,24495.0,56100.0,0.7665,1214.0,27.0,34330.0,34330.0,0.191,0.7041,0.9088,000000000000,netPrice|graduationRate|medianDebt|medianEarnings|admissionRate|satAverage|actMidpoint|tuitionInState|tuitionOutOfState|pellGrantRate|federalLoanRate|retentionRate
181002,Creighton University,2014,27854.0,0.7785,25000.0,59700.0,0.7267,1200.0,27.0,35360.0,35360.0,0.1757,0.683,0.9137,000000000000,netPrice|graduationRate|medianDebt|medianEarnings|admissionRate|satAverage|actMidpoint|tuitionInState|tuitionOutOfState|pellGrantRate|federalLoanRate|retentionRate
181002,Creighton University,2015,27464.0,0.7871,25100.0,NA,0.7048,1196.0,27.0,36422.0,36422.0,0.1633,0.5146,0.9015,000000000000,netPrice|graduationRate|medianDebt|medianEarnings|admissionRate|satAverage|actMidpoint|tuitionInState|tuitionOutOfState|pellGrantRate|federalLoanRate|retentionRate
181002,Creighton University,2016,28254.0,0.7901,25300.0,NA,0.7066,1213.0,27.0,37606.0,37606.0,0.1485,0.4953,0.8892,000000000000,netPrice|graduationRate|medianDebt|medianEarnings|admissionRate|satAverage|actMidpoint|tuitionInState|tuitionOutOfState|pellGrantRate|federalLoanRate|retentionRate
181002,Creighton University,2017,30427.0,0.806,24250.0,NA,0.7201,1283.0,28.0,38750.0,38750.0,0.1418,0.4835,0.8915,000000000000,netPrice|graduationRate|medianDebt|medianEarnings|admissionRate|satAverage|actMidpoint|tuitionInState|tuitionOutOfState|pellGrantRate|federalLoanRate|retentionRate
181002,Creighton University,2018,29994.0,0.8062,25000.0,NA,0.7144,1276.0,27.0,39916.0,39916.0,0.1427,0.4917,0.8944,000000000000,netPrice|graduationRate|medianDebt|medianEarnings|admissionRate|satAverage|actMidpoint|tuitionInState|tuitionOutOfState|pellGrantRate|federalLoanRate|retentionRate
181002,Creighton University,2019,31400.0,0.8117,24369.0,NA,0.7371,1253.0,26.0,41400.0,41400.0,0.1354,0.4771,0.8961,000000000000,netPrice|graduationRate|medianDebt|medianEarnings|admissionRate|satAverage|actMidpoint|tuitionInState|tuitionOutOfState|pellGrantRate|federalLoanRate|retentionRate
181002,Creighton University,2020,31218.0,0.8156,25000.0,73911.0,0.6402,1275.0741137083714,27.95040363687167,43018.0,43018.0,0.1161,0.4694,0.9247,000001100000,netPrice|graduationRate|medianDebt|medianEarnings|admissionRate|satAverage|actMidpoint|tuitionInState|tuitionOutOfState|pellGrantRate|federalLoanRate|retentionRate
181002,Creighton University,2021,30807.0,0.7885,NA,NA,0.7775,1300.0,28.0,44524.0,44524.0,0.0742,0.4755,0.9073,000000000000,netPrice|graduationRate|medianDebt|medianEarnings|admissionRate|satAverage|actMidpoint|tuitionInState|tuitionOutOfState|pellGrantRate|federalLoanRate|retentionRate
181002,Creighton University,2022,32834.0,0.7847,NA,NA,0.7569,1344.0,NA,45590.0,45590.0,0.0685,0.4695,0.9183,000000000000,netPrice|graduationRate|medianDebt|medianEarnings|admissionRate|satAverage|actMidpoint|tuitionInState|tuitionOutOfState|pellGrantRate|federalLoanRate|retentionRate
181002,Creighton University,2023,NA,NA,NA,NA,NA,NA,NA,NA,NA,NA,NA,NA,000000000000,netPrice|graduationRate|medianDebt|medianEarnings|admissionRate|satAverage|actMidpoint|tuitionInState|tuitionOutOfState|pellGrantRate|federalLoanRate|retentionRate
181002,Creighton University,2024,NA,NA,NA,NA,NA,NA,NA,NA,NA,NA,NA,NA,000000000000,netPrice|graduationRate|medianDebt|medianEarnings|admissionRate|satAverage|actMidpoint|tuitionInState|tuitionOutOfState|pellGrantRate|federalLoanRate|retentionRate
181394,University of Nebraska at Omaha,2012,12060.0,0.4606,18000.0,41700.0,0.8003,1050.0,23.0,6510.0,16520.0,0.3159,0.4504,0.7181,000000000000,netPrice|graduationRate|medianDebt|medianEarnings|admissionRate|satAverage|actMidpoint|tuitionInState|tuitionOutOfState|pellGrantRate|federalLoanRate|retentionRate
181394,University of Nebraska at Omaha,2013,12532.0,0.4211,18787.0,42300.0,0.7078,1070.0,23.0,6550.0,16890.0,0.3252,0.4683,0.7476,000000000000,netPrice|graduationRate|medianDebt|medianEarnings|admissionRate|satAverage|actMidpoint|tuitionInState|tuitionOutOfState|pellGrantRate|federalLoanRate|retentionRate
181394,University of Nebraska at Omaha,2014,12380.0,0.4462,19309.0,44200.0,0.785,1050.0,23.0,6750.0,18070.0,0.326,0.45,0.7742,000000000000,netPrice|graduationRate|medianDebt|medianEarnings|admissionRate|satAverage|actMidpoint|tuitionInState|tuitionOutOfState|pellGrantRate|federalLoanRate|retentionRate
181394,University of Nebraska at Omaha,2015,12505.0,0.4654,19032.0,NA,0.7594,1050.0,23.0,6898.0,18610.0,0.3269,0.432,0.7711,000000000000,netPrice|graduationRate|medianDebt|medianEarnings|admissionRate|satAverage|actMidpoint|tuitionInState|tuitionOutOfState|pellGrantRate|federalLoanRate|retentionRate
181394,University of Nebraska at Omaha,2016,12899.0,0.4492,19500.0,NA,0.8648,1050.0,23.0,7204.0,19124.0,0.3116,0.4076,0.774,000000000000,netPrice|graduationRate|medianDebt|medianEarnings|admissionRate|satAverage|actMidpoint|tuitionInState|tuitionOutOfState|pellGrantRate|federalLoanRate|retentionRate
181394,University of Nebraska at Omaha,2017,13173.0,0.4708,20250.0,NA,0.8653,1125.0,23.0,7630.0,20320.0,0.32,0.4238,0.7624,000000000000,netPrice|graduationRate|medianDebt|medianEarnings|admissionRate|satAverage|actMidpoint|tuitionInState|tuitionOutOfState|pellGrantRate|federalLoanRate|retentionRate
181394,University of Nebraska at Omaha,2018,13511.0,0.4845,19724.0,NA,0.8168,1135.0,23.0,7790.0,20764.0,0.3466,0.3981,0.7465,000000000000,netPrice|graduationRate|medianDebt|medianEarnings|admissionRate|satAverage|actMidpoint|tuitionInState|tuitionOutOfState|pellGrantRate|federalLoanRate|retentionRate
181394,University of Nebraska at Omaha,2019,14040.0,0.4952,19500.0,NA,0.8346,1135.0,23.0,7980.0,21244.0,0.3459,0.3776,0.7445,000000000000,netPrice|graduationRate|medianDebt|medianEarnings|admissionRate|satAverage|actMidpoint|tuitionInState|tuitionOutOfState|pellGrantRate|federalLoanRate|retentionRate
181394,University of Nebraska at Omaha,2020,13914.0,0.4891,19000.0,53909.0,0.8229,1115.0,22.0,8136.0,21718.0,0.3425,0.356,0.7689,000000000000,netPrice|graduationRate|medianDebt|medianEarnings|admissionRate|satAverage|actMidpoint|tuitionInState|tuitionOutOfState|pellGrantRate|federalLoanRate|retentionRate
181394,University of Nebraska at Omaha,2021,13452.0,0.5044,NA,NA,0.8725,1100.0,22.0,8136.0,21718.0,0.3411,0.3168,0.6916,000000000000,netPrice|graduationRate|medianDebt|medianEarnings|admissionRate|satAverage|actMidpoint|tuitionInState|tuitionOutOfState|pellGrantRate|federalLoanRate|retentionRate
181394,University of Nebraska at Omaha,2022,12670.0,0.4919,NA,NA,0.8586,1120.0,NA,8136.0,21718.0,0.3111,0.2659,0.7373,000000000000,netPrice|graduationRate|medianDebt|medianEarnings|admissionRate|satAverage|actMidpoint|tuitionInState|tuitionOutOfState|pellGrantRate|federalLoanRate|retentionRate
181394,University of Nebraska at Omaha,2023,NA,NA,NA,NA,NA,NA,NA,NA,NA,NA,NA,NA,000000000000,netPrice|graduationRate|medianDebt|medianEarnings|admissionRate|satAverage|actMidpoint|tuitionInState|tuitionOutOfState|pellGrantRate|federalLoanRate|retentionRate
181394,University of Nebraska at Omaha,2024,NA,NA,NA,NA,NA,NA,NA,NA,NA,NA,NA,NA,000000000000,netPrice|graduationRate|medianDebt|medianEarnings|admissionRate|satAverage|actMidpoint|tuitionInState|tuitionOutOfState|pellGrantRate|federalLoanRate|retentionRate
181464,University of Nebraska-Lincoln,2012,15153.0,0.6463,21001.0,43500.0,0.6437,1167.0,26.0,7984.0,20734.0,0.2274,0.4554,0.8395,000000000000,netPrice|graduationRate|medianDebt|medianEarnings|admissionRate|satAverage|actMidpoint|tuitionInState|tuitionOutOfState|pellGrantRate|federalLoanRate|retentionRate
181464,University of Nebraska-Lincoln,2013,16294.0,0.6678,21500.0,43700.0,0.6404,1147.0,25.0,8060.0,21388.0,0.1979,0.4022,0.8364,000000000000,netPrice|graduationRate|medianDebt|medianEarnings|admissionRate|satAverage|actMidpoint|tuitionInState|tuitionOutOfState|pellGrantRate|federalLoanRate|retentionRate
181464,University of Nebraska-Lincoln,2014,16177.0,0.6679,21500.0,46400.0,0.6989,1146.0,25.0,8170.0,22090.0,0.1989,0.3856,0.8401,000000000000,netPrice|graduationRate|medianDebt|medianEarnings|admissionRate|satAverage|actMidpoint|tuitionInState|tuitionOutOfState|pellGrantRate|federalLoanRate|retentionRate
181464,University of Nebraska-Lincoln,2015,16705.0,0.6704,21533.0,NA,0.7636,1145.0,25.0,8367.0,22534.0,0.2092,0.3988,0.8254,000000000000,netPrice|graduationRate|medianDebt|medianEarnings|admissionRate|satAverage|actMidpoint|tuitionInState|tuitionOutOfState|pellGrantRate|federalLoanRate|retentionRate
181464,University of Nebraska-Lincoln,2016,17311.0,0.6665,21787.5,NA,0.7527,1144.0,25.0,8537.0,23058.0,0.2051,0.3934,0.8221,000000000000,netPrice|graduationRate|medianDebt|medianEarnings|admissionRate|satAverage|actMidpoint|tuitionInState|tuitionOutOfState|pellGrantRate|federalLoanRate|retentionRate
181464,University of Nebraska-Lincoln,2017,17784.0,0.6795,21000.0,NA,0.6438,1235.0,26.0,8978.0,24098.0,0.2153,0.4055,0.8285,000000000000,netPrice|graduationRate|medianDebt|medianEarnings|admissionRate|satAverage|actMidpoint|tuitionInState|tuitionOutOfState|pellGrantRate|federalLoanRate|retentionRate
181464,University of Nebraska-Lincoln,2018,18086.0,0.6873,21250.0,NA,0.7961,1236.0,26.0,9242.0,25038.0,0.227,0.4053,0.8317,000000000000,netPrice|graduationRate|medianDebt|medianEarnings|admissionRate|satAverage|actMidpoint|tuitionInState|tuitionOutOfState|pellGrantRate|federalLoanRate|retentionRate
181464,University of Nebraska-Lincoln,2019,17208.0,0.6551,21362.0,NA,0.7823,1222.0,25.0,9522.0,25828.0,0.2258,0.3867,0.8123,000000000000,netPrice|graduationRate|medianDebt|medianEarnings|admissionRate|satAverage|actMidpoint|tuitionInState|tuitionOutOfState|pellGrantRate|federalLoanRate|retentionRate
181464,University of Nebraska-Lincoln,2020,17013.0,0.6597,21000.0,56887.0,0.7774,1220.0,25.0,9690.0,26820.0,0.2152,0.3702,0.8502,000000000000,netPrice|graduationRate|medianDebt|medianEarnings|admissionRate|satAverage|actMidpoint|tuitionInState|tuitionOutOfState|pellGrantRate|federalLoanRate|retentionRate
181464,University of Nebraska-Lincoln,2021,16764.0,0.6641,NA,NA,0.8107,1219.0,25.0,9872.0,27002.0,0.2209,0.3475,0.797,000000000000,netPrice|graduationRate|medianDebt|medianEarnings|admissionRate|satAverage|actMidpoint|tuitionInState|tuitionOutOfState|pellGrantRate|federalLoanRate|retentionRate
181464,University of Nebraska-Lincoln,2022,16131.0,0.6494,NA,NA,0.7864,1192.0,NA,9872.0,26984.0,0.2229,0.3302,0.815,000000000000,netPrice|graduationRate|medianDebt|medianEarnings|admissionRate|satAverage|actMidpoint|tuitionInState|tuitionOutOfState|pellGrantRate|federalLoanRate|retentionRate
181464,University of Nebraska-Lincoln,2023,NA,NA,NA,NA,NA,NA,NA,NA,NA,NA,NA,NA,000000000000,netPrice|graduationRate|medianDebt|medianEarnings|admissionRate|satAverage|actMidpoint|tuitionInState|tuitionOutOfState|pellGrantRate|federalLoanRate|retentionRate
181464,University of Nebraska-Lincoln,2024,NA,NA,NA,NA,NA,NA,NA,NA,NA,NA,NA,NA,000000000000,netPrice|graduationRate|medianDebt|medianEarnings|admissionRate|satAverage|actMidpoint|tuitionInState|tuitionOutOfState|pellGrantRate|federalLoanRate|retentionRate
182281,University of Nevada-Las Vegas,2012,9774.0,0.4147,16000.0,42800.0,0.8063,993.0,21.0,6705.0,20615.0,0.3378,0.5859,0.7631,000000000000,netPrice|graduationRate|medianDebt|medianEarnings|admissionRate|satAverage|actMidpoint|tuitionInState|tuitionOutOfState|pellGrantRate|federalLoanRate|retentionRate
182281,University of Nevada-Las Vegas,2013,11159.0,0.4288,17750.0,43200.0,0.8512,1003.0,22.0,6690.0,20600.0,0.3351,0.3687,0.7733,000000000000,netPrice|graduationRate|medianDebt|medianEarnings|admissionRate|satAverage|actMidpoint|tuitionInState|tuitionOutOfState|pellGrantRate|federalLoanRate|retentionRate
182281,University of Nevada-Las Vegas,2014,11970.0,0.3914,18250.0,45000.0,0.8689,1000.0,22.0,6710.0,20620.0,0.3511,0.3686,0.7674,000000000000,netPrice|graduationRate|medianDebt|medianEarnings|admissionRate|satAverage|actMidpoint|tuitionInState|tuitionOutOfState|pellGrantRate|federalLoanRate|retentionRate
182281,University of Nevada-Las Vegas,2015,10915.0,0.4048,18750.0,NA,0.8841,1007.0,22.0,6943.0,20853.0,0.3614,0.359,0.7411,000000000000,netPrice|graduationRate|medianDebt|medianEarnings|admissionRate|satAverage|actMidpoint|tuitionInState|tuitionOutOfState|pellGrantRate|federalLoanRate|retentionRate
182281,University of Nevada-Las Vegas,2016,10726.0,0.4064,18500.0,NA,0.8278,1012.0,22.0,7183.0,21093.0,0.364,0.353,0.7712,000000000000,netPrice|graduationRate|medianDebt|medianEarnings|admissionRate|satAverage|actMidpoint|tuitionInState|tuitionOutOfState|pellGrantRate|federalLoanRate|retentionRate
182281,University of Nevada-Las Vegas,2017,10555.0,0.4157,18750.0,NA,0.8107,1100.0,22.0,7665.0,21853.0,0.3576,0.3493,0.7444,000000000000,netPrice|graduationRate|medianDebt|medianEarnings|admissionRate|satAverage|actMidpoint|tuitionInState|tuitionOutOfState|pellGrantRate|federalLoanRate|retentionRate
182281,University of Nevada-Las Vegas,2018,10551.0,0.4285,18750.0,NA,0.8204,1113.0,22.0,7985.0,23132.0,0.3747,0.3347,0.7593,000000000000,netPrice|graduationRate|medianDebt|medianEarnings|admissionRate|satAverage|actMidpoint|tuitionInState|tuitionOutOfState|pellGrantRate|federalLoanRate|retentionRate
182281,University of Nevada-Las Vegas,2019,11424.0,0.4466,19018.0,NA,0.8069,1126.0,22.0,8291.0,23342.0,0.3719,0.3315,0.7939,000000000000,netPrice|graduationRate|medianDebt|medianEarnings|admissionRate|satAverage|actMidpoint|tuitionInState|tuitionOutOfState|pellGrantRate|federalLoanRate|retentionRate
182281,University of Nevada-Las Vegas,2020,10993.0,0.4435,19450.0,55037.0,0.8102,1124.0,22.0,8685.0,24338.0,0.3745,0.3091,0.798,000000000000,netPrice|graduationRate|medianDebt|medianEarnings|admissionRate|satAverage|actMidpoint|tuitionInState|tuitionOutOfState|pellGrantRate|federalLoanRate|retentionRate
182281,University of Nevada-Las Vegas,2021,12906.0,0.4715,NA,NA,0.8348,1100.831502657349,21.852617503282758,8737.0,24828.0,0.3695,0.2714,0.774,000001100000,netPrice|graduationRate|medianDebt|medianEarnings|admissionRate|satAverage|actMidpoint|tuitionInState|tuitionOutOfState|pellGrantRate|federalLoanRate|retentionRate
182281,University of Nevada-Las Vegas,2022,11779.0,0.4716,NA,NA,0.8531,1092.0,NA,8947.0,25489.0,0.4017,0.2718,0.7693,000000000000,netPrice|graduationRate|medianDebt|medianEarnings|admissionRate|satAverage|actMidpoint|tuitionInState|tuitionOutOfState|pellGrantRate|federalLoanRate|retentionRate
182281,University of Nevada-Las Vegas,2023,NA,NA,NA,NA,NA,NA,NA,NA,NA,NA,NA,NA,000000000000,netPrice|graduationRate|medianDebt|medianEarnings|admissionRate|satAverage|actMidpoint|tuitionInState|tuitionOutOfState|pellGrantRate|federalLoanRate|retentionRate
182281,University of Nevada-Las Vegas,2024,NA,NA,NA,NA,NA,NA,NA,NA,NA,NA,NA,NA,000000000000,netPrice|graduationRate|medianDebt|medianEarnings|admissionRate|satAverage|actMidpoint|tuitionInState|tuitionOutOfState|pellGrantRate|federalLoanRate|retentionRate
182290,University of Nevada-Reno,2012,14099.0,0.5365,15000.0,45000.0,0.8207,1075.0,24.0,6602.0,20512.0,0.2785,0.3707,0.789,000000000000,netPrice|graduationRate|medianDebt|medianEarnings|admissionRate|satAverage|actMidpoint|tuitionInState|tuitionOutOfState|pellGrantRate|federalLoanRate|retentionRate
182290,University of Nevada-Reno,2013,15207.0,0.5139,16344.0,45000.0,0.8396,1081.0,24.0,6610.0,20520.0,0.2884,0.3853,0.7989,000000000000,netPrice|graduationRate|medianDebt|medianEarnings|admissionRate|satAverage|actMidpoint|tuitionInState|tuitionOutOfState|pellGrantRate|federalLoanRate|retentionRate
182290,University of Nevada-Reno,2014,14579.0,0.5478,17500.0,47000.0,0.8388,1081.0,24.0,6610.0,20520.0,0.2983,0.4033,0.8201,000000000000,netPrice|graduationRate|medianDebt|medianEarnings|admissionRate|satAverage|actMidpoint|tuitionInState|tuitionOutOfState|pellGrantRate|federalLoanRate|retentionRate
182290,University of Nevada-Reno,2015,14568.0,0.5862,18500.0,NA,0.7852,1084.0,24.0,6902.0,20812.0,0.2801,0.3784,0.8094,000000000000,netPrice|graduationRate|medianDebt|medianEarnings|admissionRate|satAverage|actMidpoint|tuitionInState|tuitionOutOfState|pellGrantRate|federalLoanRate|retentionRate
182290,University of Nevada-Reno,2016,14164.0,0.5436,18280.0,NA,0.8281,1088.0,24.0,7142.0,21052.0,0.2893,0.3821,0.8096,000000000000,netPrice|graduationRate|medianDebt|medianEarnings|admissionRate|satAverage|actMidpoint|tuitionInState|tuitionOutOfState|pellGrantRate|federalLoanRate|retentionRate
182290,University of Nevada-Reno,2017,14505.0,0.5499,19500.0,NA,0.8803,1165.0,24.0,7599.0,21788.0,0.2645,0.3664,0.8135,000000000000,netPrice|graduationRate|medianDebt|medianEarnings|admissionRate|satAverage|actMidpoint|tuitionInState|tuitionOutOfState|pellGrantRate|federalLoanRate|retentionRate
182290,University of Nevada-Reno,2018,14122.0,0.5755,19500.0,NA,0.8815,1172.0,24.0,7599.0,22236.0,0.2742,0.3525,0.8073,000000000000,netPrice|graduationRate|medianDebt|medianEarnings|admissionRate|satAverage|actMidpoint|tuitionInState|tuitionOutOfState|pellGrantRate|federalLoanRate|retentionRate
182290,University of Nevada-Reno,2019,15081.0,0.6111,19500.0,NA,0.8822,1174.0,24.0,8034.0,23086.0,0.2602,0.3566,0.8124,000000000000,netPrice|graduationRate|medianDebt|medianEarnings|admissionRate|satAverage|actMidpoint|tuitionInState|tuitionOutOfState|pellGrantRate|federalLoanRate|retentionRate
182290,University of Nevada-Reno,2020,14930.0,0.604,18922.0,60614.0,0.873,1154.0,23.0,8366.0,24020.0,0.2624,0.3254,0.8045,000000000000,netPrice|graduationRate|medianDebt|medianEarnings|admissionRate|satAverage|actMidpoint|tuitionInState|tuitionOutOfState|pellGrantRate|federalLoanRate|retentionRate
182290,University of Nevada-Reno,2021,14953.0,0.6268,NA,NA,0.8816,1153.0,23.0,8588.0,24680.0,0.2598,0.2884,0.7848,000000000000,netPrice|graduationRate|medianDebt|medianEarnings|admissionRate|satAverage|actMidpoint|tuitionInState|tuitionOutOfState|pellGrantRate|federalLoanRate|retentionRate
182290,University of Nevada-Reno,2022,15198.0,0.6182,NA,NA,0.8562,1166.5628705951667,NA,8947.0,25501.0,0.2594,0.2647,0.8015,000001000000,netPrice|graduationRate|medianDebt|medianEarnings|admissionRate|satAverage|actMidpoint|tuitionInState|tuitionOutOfState|pellGrantRate|federalLoanRate|retentionRate
182290,University of Nevada-Reno,2023,NA,NA,NA,NA,NA,NA,NA,NA,NA,NA,NA,NA,000000000000,netPrice|graduationRate|medianDebt|medianEarnings|admissionRate|satAverage|actMidpoint|tuitionInState|tuitionOutOfState|pellGrantRate|federalLoanRate|retentionRate
182290,University of Nevada-Reno,2024,NA,NA,NA,NA,NA,NA,NA,NA,NA,NA,NA,NA,000000000000,netPrice|graduationRate|medianDebt|medianEarnings|admissionRate|satAverage|actMidpoint|tuitionInState|tuitionOutOfState|pellGrantRate|federalLoanRate|retentionRate
182670,Dartmouth College,2012,24572.0,0.9583,12000.0,67800.0,0.1014,1446.0,32.0,45042.0,45042.0,0.1509,0.2446,0.9793,000000000000,netPrice|graduationRate|medianDebt|medianEarnings|admissionRate|satAverage|actMidpoint|tuitionInState|tuitionOutOfState|pellGrantRate|federalLoanRate|retentionRate
182670,Dartmouth College,2013,29597.0,0.947,11957.0,70000.0,0.0978,1446.0,32.0,46752.0,46752.0,0.1364,0.2454,0.9726,000000000000,netPrice|graduationRate|medianDebt|medianEarnings|admissionRate|satAverage|actMidpoint|tuitionInState|tuitionOutOfState|pellGrantRate|federalLoanRate|retentionRate
182670,Dartmouth College,2014,27143.0,0.9516,12547.5,75500.0,0.115,1444.0,32.0,48108.0,48108.0,0.1382,0.2437,0.9766,000000000000,netPrice|graduationRate|medianDebt|medianEarnings|admissionRate|satAverage|actMidpoint|tuitionInState|tuitionOutOfState|pellGrantRate|federalLoanRate|retentionRate
182670,Dartmouth College,2015,29986.0,0.9414,13327.0,NA,0.1097,1437.0,32.0,49506.0,49506.0,0.139,0.2658,0.9644,000000000000,netPrice|graduationRate|medianDebt|medianEarnings|admissionRate|satAverage|actMidpoint|tuitionInState|tuitionOutOfState|pellGrantRate|federalLoanRate|retentionRate
182670,Dartmouth College,2016,27080.0,0.9657,14819.0,NA,0.1059,1441.0,32.0,51438.0,51438.0,0.1423,0.2429,0.964,000000000000,netPrice|graduationRate|medianDebt|medianEarnings|admissionRate|satAverage|actMidpoint|tuitionInState|tuitionOutOfState|pellGrantRate|federalLoanRate|retentionRate
182670,Dartmouth College,2017,30421.0,0.9595,12500.0,NA,0.1045,1483.0,32.0,53368.0,53368.0,0.149,0.2522,0.9597,000000000000,netPrice|graduationRate|medianDebt|medianEarnings|admissionRate|satAverage|actMidpoint|tuitionInState|tuitionOutOfState|pellGrantRate|federalLoanRate|retentionRate
182670,Dartmouth College,2018,31449.0,0.9516,15000.0,NA,0.0874,1488.0,33.0,55453.0,55453.0,0.1628,0.2571,0.9663,000000000000,netPrice|graduationRate|medianDebt|medianEarnings|admissionRate|satAverage|actMidpoint|tuitionInState|tuitionOutOfState|pellGrantRate|federalLoanRate|retentionRate
182670,Dartmouth College,2019,33586.0,0.9522,17000.0,NA,0.0793,1500.0,34.0,57638.0,57638.0,0.165,0.2391,0.9794,000000000000,netPrice|graduationRate|medianDebt|medianEarnings|admissionRate|satAverage|actMidpoint|tuitionInState|tuitionOutOfState|pellGrantRate|federalLoanRate|retentionRate
182670,Dartmouth College,2020,32410.0,0.9486,17500.0,97434.0,0.0922,1500.0,34.0,60117.0,60117.0,0.1646,0.2182,0.9613,000000000000,netPrice|graduationRate|medianDebt|medianEarnings|admissionRate|satAverage|actMidpoint|tuitionInState|tuitionOutOfState|pellGrantRate|federalLoanRate|retentionRate
182670,Dartmouth College,2021,33023.0,0.9424,NA,NA,0.0617,1508.0,34.0,60870.0,60870.0,0.1734,0.2005,0.9791,000000000000,netPrice|graduationRate|medianDebt|medianEarnings|admissionRate|satAverage|actMidpoint|tuitionInState|tuitionOutOfState|pellGrantRate|federalLoanRate|retentionRate
182670,Dartmouth College,2022,31120.0,0.9471,NA,NA,0.0638,1539.0,NA,62658.0,62658.0,0.1596,0.1732,0.9803,000000000000,netPrice|graduationRate|medianDebt|medianEarnings|admissionRate|satAverage|actMidpoint|tuitionInState|tuitionOutOfState|pellGrantRate|federalLoanRate|retentionRate
182670,Dartmouth College,2023,NA,NA,NA,NA,NA,NA,NA,NA,NA,NA,NA,NA,000000000000,netPrice|graduationRate|medianDebt|medianEarnings|admissionRate|satAverage|actMidpoint|tuitionInState|tuitionOutOfState|pellGrantRate|federalLoanRate|retentionRate
182670,Dartmouth College,2024,NA,NA,NA,NA,NA,NA,NA,NA,NA,NA,NA,NA,000000000000,netPrice|graduationRate|medianDebt|medianEarnings|admissionRate|satAverage|actMidpoint|tuitionInState|tuitionOutOfState|pellGrantRate|federalLoanRate|retentionRate
183026,Southern New Hampshire University,2012,26303.0,0.5814,20608.0,41900.0,0.8315,995.0,21.233414379763236,28050.0,28050.0,0.2999,0.6338,0.727,000000100000,netPrice|graduationRate|medianDebt|medianEarnings|admissionRate|satAverage|actMidpoint|tuitionInState|tuitionOutOfState|pellGrantRate|federalLoanRate|retentionRate
183026,Southern New Hampshire University,2013,28889.0,0.542,19748.0,41700.0,0.7866,965.0,20.5338078558706,28884.0,28884.0,0.4058,0.6931,0.6918,000000100000,netPrice|graduationRate|medianDebt|medianEarnings|admissionRate|satAverage|actMidpoint|tuitionInState|tuitionOutOfState|pellGrantRate|federalLoanRate|retentionRate
183026,Southern New Hampshire University,2014,29806.0,0.4991,19000.0,45400.0,0.8421,965.175487355034,20.458064448697787,29604.0,29604.0,0.4219,0.6687,0.6774,000001100000,netPrice|graduationRate|medianDebt|medianEarnings|admissionRate|satAverage|actMidpoint|tuitionInState|tuitionOutOfState|pellGrantRate|federalLoanRate|retentionRate
183026,Southern New Hampshire University,2015,35118.0,0.5762,18387.0,NA,0.9171,965.1207915330865,20.61342201377167,30386.0,30386.0,0.44,0.6721,0.6077,000001100000,netPrice|graduationRate|medianDebt|medianEarnings|admissionRate|satAverage|actMidpoint|tuitionInState|tuitionOutOfState|pellGrantRate|federalLoanRate|retentionRate
183026,Southern New Hampshire University,2016,35845.0,0.5762,18347.5,NA,0.9287,978.9059269485816,20.77865840328036,31136.0,31136.0,0.4831,0.7308,0.5336,000001100000,netPrice|graduationRate|medianDebt|medianEarnings|admissionRate|satAverage|actMidpoint|tuitionInState|tuitionOutOfState|pellGrantRate|federalLoanRate|retentionRate
183026,Southern New Hampshire University,2017,40617.0,0.488,18752.0,NA,0.7805,1052.2394127272667,20.802773051737297,31136.0,31136.0,0.4495,0.6915,0.579,000001100000,netPrice|graduationRate|medianDebt|medianEarnings|admissionRate|satAverage|actMidpoint|tuitionInState|tuitionOutOfState|pellGrantRate|federalLoanRate|retentionRate
183026,Southern New Hampshire University,2018,40334.0,0.5401,19920.0,NA,0.7282,1032.9109143178578,19.963555693452086,31136.0,31136.0,0.4663,0.6831,0.6842,000001100000,netPrice|graduationRate|medianDebt|medianEarnings|admissionRate|satAverage|actMidpoint|tuitionInState|tuitionOutOfState|pellGrantRate|federalLoanRate|retentionRate
183026,Southern New Hampshire University,2019,41095.0,0.4428,20867.0,NA,0.8816,1039.6699044126146,20.40020291229029,31136.0,31136.0,0.479,0.6789,0.6534,000001100000,netPrice|graduationRate|medianDebt|medianEarnings|admissionRate|satAverage|actMidpoint|tuitionInState|tuitionOutOfState|pellGrantRate|federalLoanRate|retentionRate
183026,Southern New Hampshire University,2020,42645.0,0.3746,21082.0,50318.0,0.9219,1057.4716881992283,21.037630854960344,9650.0,9650.0,0.4635,0.6535,0.671,000001100000,netPrice|graduationRate|medianDebt|medianEarnings|admissionRate|satAverage|actMidpoint|tuitionInState|tuitionOutOfState|pellGrantRate|federalLoanRate|retentionRate
183026,Southern New Hampshire University,2021,22873.0,0.3913,NA,NA,0.9207,1128.3821253441533,23.689652370386803,15380.0,15380.0,0.448,0.6196,0.6182,000001100000,netPrice|graduationRate|medianDebt|medianEarnings|admissionRate|satAverage|actMidpoint|tuitionInState|tuitionOutOfState|pellGrantRate|federalLoanRate|retentionRate
183026,Southern New Hampshire University,2022,32678.0,0.4138,NA,NA,0.9637,1101.5705969771088,NA,15380.0,15380.0,0.4552,0.6059,0.6225,000001000000,netPrice|graduationRate|medianDebt|medianEarnings|admissionRate|satAverage|actMidpoint|tuitionInState|tuitionOutOfState|pellGrantRate|federalLoanRate|retentionRate
183026,Southern New Hampshire University,2023,NA,NA,NA,NA,NA,NA,NA,NA,NA,NA,NA,NA,000000000000,netPrice|graduationRate|medianDebt|medianEarnings|admissionRate|satAverage|actMidpoint|tuitionInState|tuitionOutOfState|pellGrantRate|federalLoanRate|retentionRate
183026,Southern New Hampshire University,2024,NA,NA,NA,NA,NA,NA,NA,NA,NA,NA,NA,NA,000000000000,netPrice|graduationRate|medianDebt|medianEarnings|admissionRate|satAverage|actMidpoint|tuitionInState|tuitionOutOfState|pellGrantRate|federalLoanRate|retentionRate
183044,University of New Hampshire-Main Campus,2012,23674.0,0.7695,25550.0,47600.0,0.7794,1095.0,24.570278971090577,16422.0,28882.0,0.2235,0.6815,0.8599,000000100000,netPrice|graduationRate|medianDebt|medianEarnings|admissionRate|satAverage|actMidpoint|tuitionInState|tuitionOutOfState|pellGrantRate|federalLoanRate|retentionRate
183044,University of New Hampshire-Main Campus,2013,23861.0,0.7919,26925.0,47700.0,0.7784,1100.0,24.492876223724345,16496.0,29216.0,0.2238,0.676,0.8641,000000100000,netPrice|graduationRate|medianDebt|medianEarnings|admissionRate|satAverage|actMidpoint|tuitionInState|tuitionOutOfState|pellGrantRate|federalLoanRate|retentionRate
183044,University of New Hampshire-Main Campus,2014,23516.0,0.7613,27000.0,51400.0,0.8002,1104.0,25.0,16552.0,29532.0,0.225,0.6752,0.8599,000000000000,netPrice|graduationRate|medianDebt|medianEarnings|admissionRate|satAverage|actMidpoint|tuitionInState|tuitionOutOfState|pellGrantRate|federalLoanRate|retentionRate
183044,University of New Hampshire-Main Campus,2015,24013.0,0.7905,27000.0,NA,0.7861,1109.0,25.0,16986.0,30256.0,0.2164,0.6711,0.8523,000000000000,netPrice|graduationRate|medianDebt|medianEarnings|admissionRate|satAverage|actMidpoint|tuitionInState|tuitionOutOfState|pellGrantRate|federalLoanRate|retentionRate
183044,University of New Hampshire-Main Campus,2016,24879.0,0.7776,27000.0,NA,0.7586,1101.0,25.0,17624.0,31424.0,0.2128,0.665,0.862,000000000000,netPrice|graduationRate|medianDebt|medianEarnings|admissionRate|satAverage|actMidpoint|tuitionInState|tuitionOutOfState|pellGrantRate|federalLoanRate|retentionRate
183044,University of New Hampshire-Main Campus,2017,24529.0,0.7777,27000.0,NA,0.7651,1177.0,26.0,18067.0,32637.0,0.2026,0.6521,0.8628,000000000000,netPrice|graduationRate|medianDebt|medianEarnings|admissionRate|satAverage|actMidpoint|tuitionInState|tuitionOutOfState|pellGrantRate|federalLoanRate|retentionRate
183044,University of New Hampshire-Main Campus,2018,22909.0,0.7707,27000.0,NA,0.8352,1186.0,25.0,18499.0,33879.0,0.2171,0.6458,0.858,000000000000,netPrice|graduationRate|medianDebt|medianEarnings|admissionRate|satAverage|actMidpoint|tuitionInState|tuitionOutOfState|pellGrantRate|federalLoanRate|retentionRate
183044,University of New Hampshire-Main Campus,2019,24067.0,0.7646,26999.0,NA,0.8403,1176.0,25.0,18879.0,35409.0,0.2125,0.6293,0.857,000000000000,netPrice|graduationRate|medianDebt|medianEarnings|admissionRate|satAverage|actMidpoint|tuitionInState|tuitionOutOfState|pellGrantRate|federalLoanRate|retentionRate
183044,University of New Hampshire-Main Campus,2020,24160.0,0.7646,26814.0,66479.0,0.8481,1197.0,27.0,18938.0,36278.0,0.2088,0.6384,0.8639,000000000000,netPrice|graduationRate|medianDebt|medianEarnings|admissionRate|satAverage|actMidpoint|tuitionInState|tuitionOutOfState|pellGrantRate|federalLoanRate|retentionRate
183044,University of New Hampshire-Main Campus,2021,21699.0,0.7784,NA,NA,0.8672,1215.0,28.0,18962.0,37202.0,0.1978,0.6077,0.8694,000000000000,netPrice|graduationRate|medianDebt|medianEarnings|admissionRate|satAverage|actMidpoint|tuitionInState|tuitionOutOfState|pellGrantRate|federalLoanRate|retentionRate
183044,University of New Hampshire-Main Campus,2022,23572.0,0.7788,NA,NA,0.8699,1217.0,NA,19024.0,37934.0,0.1862,0.5932,0.8575,000000000000,netPrice|graduationRate|medianDebt|medianEarnings|admissionRate|satAverage|actMidpoint|tuitionInState|tuitionOutOfState|pellGrantRate|federalLoanRate|retentionRate
183044,University of New Hampshire-Main Campus,2023,NA,NA,NA,NA,NA,NA,NA,NA,NA,NA,NA,NA,000000000000,netPrice|graduationRate|medianDebt|medianEarnings|admissionRate|satAverage|actMidpoint|tuitionInState|tuitionOutOfState|pellGrantRate|federalLoanRate|retentionRate
183044,University of New Hampshire-Main Campus,2024,NA,NA,NA,NA,NA,NA,NA,NA,NA,NA,NA,NA,000000000000,netPrice|graduationRate|medianDebt|medianEarnings|admissionRate|satAverage|actMidpoint|tuitionInState|tuitionOutOfState|pellGrantRate|federalLoanRate|retentionRate
184782,Rowan University,2012,21149.0,0.7188,19500.0,49100.0,0.5616,1105.0,23.997240892543307,12380.0,12380.0,0.2987,0.5918,0.8518,000000100000,netPrice|graduationRate|medianDebt|medianEarnings|admissionRate|satAverage|actMidpoint|tuitionInState|tuitionOutOfState|pellGrantRate|federalLoanRate|retentionRate
184782,Rowan University,2013,21541.0,0.6982,20000.0,49400.0,0.5923,1120.0,23.698434887971313,12380.0,20186.0,0.3007,0.5836,0.841,000000100000,netPrice|graduationRate|medianDebt|medianEarnings|admissionRate|satAverage|actMidpoint|tuitionInState|tuitionOutOfState|pellGrantRate|federalLoanRate|retentionRate
184782,Rowan University,2014,19747.0,0.667,20500.0,50000.0,0.7862,1074.0,23.99989875384748,12616.0,20570.0,0.2974,0.5673,0.837,000000100000,netPrice|graduationRate|medianDebt|medianEarnings|admissionRate|satAverage|actMidpoint|tuitionInState|tuitionOutOfState|pellGrantRate|federalLoanRate|retentionRate
184782,Rowan University,2015,22383.0,0.6652,20000.0,NA,0.7109,1065.0,24.08718601010085,12864.0,20978.0,0.3006,0.5902,0.8626,000000100000,netPrice|graduationRate|medianDebt|medianEarnings|admissionRate|satAverage|actMidpoint|tuitionInState|tuitionOutOfState|pellGrantRate|federalLoanRate|retentionRate
184782,Rowan University,2016,22224.0,0.7098,19672.0,NA,0.7101,1125.0,25.0,13108.0,21378.0,0.3103,0.5946,0.8456,000000000000,netPrice|graduationRate|medianDebt|medianEarnings|admissionRate|satAverage|actMidpoint|tuitionInState|tuitionOutOfState|pellGrantRate|federalLoanRate|retentionRate
184782,Rowan University,2017,23692.0,0.6894,21125.0,NA,0.6942,1164.0,25.0,13422.0,21890.0,0.3162,0.5898,0.8468,000000000000,netPrice|graduationRate|medianDebt|medianEarnings|admissionRate|satAverage|actMidpoint|tuitionInState|tuitionOutOfState|pellGrantRate|federalLoanRate|retentionRate
184782,Rowan University,2018,24515.0,0.7175,21336.0,NA,0.7272,1122.0,24.0,13697.0,22339.0,0.3317,0.575,0.8434,000000000000,netPrice|graduationRate|medianDebt|medianEarnings|admissionRate|satAverage|actMidpoint|tuitionInState|tuitionOutOfState|pellGrantRate|federalLoanRate|retentionRate
184782,Rowan University,2019,25454.0,0.725,20500.0,NA,0.7434,1161.0,25.0,14000.0,22832.0,0.3292,0.5591,0.8304,000000000000,netPrice|graduationRate|medianDebt|medianEarnings|admissionRate|satAverage|actMidpoint|tuitionInState|tuitionOutOfState|pellGrantRate|federalLoanRate|retentionRate
184782,Rowan University,2020,27158.0,0.6807,20500.0,59988.0,0.7801,1150.0,24.0,12939.0,21971.0,0.3227,0.5601,0.8407,000000000000,netPrice|graduationRate|medianDebt|medianEarnings|admissionRate|satAverage|actMidpoint|tuitionInState|tuitionOutOfState|pellGrantRate|federalLoanRate|retentionRate
184782,Rowan University,2021,23770.0,0.6859,NA,NA,0.8377,1181.0,27.0,14376.0,23408.0,0.316,0.4778,0.8251,000000000000,netPrice|graduationRate|medianDebt|medianEarnings|admissionRate|satAverage|actMidpoint|tuitionInState|tuitionOutOfState|pellGrantRate|federalLoanRate|retentionRate
184782,Rowan University,2022,21398.0,0.6815,NA,NA,0.7694,1197.0,NA,14952.0,24345.0,0.3134,0.4517,0.8459,000000000000,netPrice|graduationRate|medianDebt|medianEarnings|admissionRate|satAverage|actMidpoint|tuitionInState|tuitionOutOfState|pellGrantRate|federalLoanRate|retentionRate
184782,Rowan University,2023,NA,NA,NA,NA,NA,NA,NA,NA,NA,NA,NA,NA,000000000000,netPrice|graduationRate|medianDebt|medianEarnings|admissionRate|satAverage|actMidpoint|tuitionInState|tuitionOutOfState|pellGrantRate|federalLoanRate|retentionRate
184782,Rowan University,2024,NA,NA,NA,NA,NA,NA,NA,NA,NA,NA,NA,NA,000000000000,netPrice|graduationRate|medianDebt|medianEarnings|admissionRate|satAverage|actMidpoint|tuitionInState|tuitionOutOfState|pellGrantRate|federalLoanRate|retentionRate
185590,Montclair State University,2012,19284.0,0.6318,22470.0,48300.0,0.5452,985.0,21.285138721572814,11058.0,20136.0,0.366,0.6016,0.8109,000000100000,netPrice|graduationRate|medianDebt|medianEarnings|admissionRate|satAverage|actMidpoint|tuitionInState|tuitionOutOfState|pellGrantRate|federalLoanRate|retentionRate
185590,Montclair State University,2013,19960.0,0.6339,22500.0,48900.0,0.6532,970.0,20.911826566766564,11318.0,20196.0,0.3726,0.6066,0.856,000000100000,netPrice|graduationRate|medianDebt|medianEarnings|admissionRate|satAverage|actMidpoint|tuitionInState|tuitionOutOfState|pellGrantRate|federalLoanRate|retentionRate
185590,Montclair State University,2014,21685.0,0.638,22500.0,49600.0,0.6683,975.0,21.391925112962397,11540.0,20254.0,0.382,0.6043,0.8144,000000100000,netPrice|graduationRate|medianDebt|medianEarnings|admissionRate|satAverage|actMidpoint|tuitionInState|tuitionOutOfState|pellGrantRate|federalLoanRate|retentionRate
185590,Montclair State University,2015,22377.0,0.6557,22883.0,NA,0.7007,985.00484280882,21.17732055985293,11773.0,20320.0,0.3944,0.6105,0.8314,000001100000,netPrice|graduationRate|medianDebt|medianEarnings|admissionRate|satAverage|actMidpoint|tuitionInState|tuitionOutOfState|pellGrantRate|federalLoanRate|retentionRate
185590,Montclair State University,2016,21727.0,0.6524,23000.0,NA,0.6613,996.9179664960247,21.528520834017204,12116.0,20007.0,0.4066,0.6004,0.8309,000001100000,netPrice|graduationRate|medianDebt|medianEarnings|admissionRate|satAverage|actMidpoint|tuitionInState|tuitionOutOfState|pellGrantRate|federalLoanRate|retentionRate
185590,Montclair State University,2017,18500.0,0.6533,23250.0,NA,0.7066,1070.0,21.47514886479042,12455.0,20567.0,0.4174,0.588,0.8045,000000100000,netPrice|graduationRate|medianDebt|medianEarnings|admissionRate|satAverage|actMidpoint|tuitionInState|tuitionOutOfState|pellGrantRate|federalLoanRate|retentionRate
185590,Montclair State University,2018,19949.0,0.7138,23250.0,NA,0.7091,1080.0,21.178149340343886,12790.0,20578.0,0.4464,0.5659,0.7946,000000100000,netPrice|graduationRate|medianDebt|medianEarnings|admissionRate|satAverage|actMidpoint|tuitionInState|tuitionOutOfState|pellGrantRate|federalLoanRate|retentionRate
185590,Montclair State University,2019,18034.0,0.6703,22507.0,NA,0.7631,1085.0,21.14762296283529,13073.0,21033.0,0.4431,0.5433,0.8015,000000100000,netPrice|graduationRate|medianDebt|medianEarnings|admissionRate|satAverage|actMidpoint|tuitionInState|tuitionOutOfState|pellGrantRate|federalLoanRate|retentionRate
185590,Montclair State University,2020,17381.0,0.6795,22000.0,61415.0,0.8266,1062.8882782096637,21.84243811036363,13073.0,21033.0,0.4381,0.515,0.828,000001100000,netPrice|graduationRate|medianDebt|medianEarnings|admissionRate|satAverage|actMidpoint|tuitionInState|tuitionOutOfState|pellGrantRate|federalLoanRate|retentionRate
185590,Montclair State University,2021,13705.0,0.6732,NA,NA,0.9061,1110.0,23.161038628242878,13298.0,21418.0,0.4391,0.459,0.7887,000000100000,netPrice|graduationRate|medianDebt|medianEarnings|admissionRate|satAverage|actMidpoint|tuitionInState|tuitionOutOfState|pellGrantRate|federalLoanRate|retentionRate
185590,Montclair State University,2022,15677.0,0.6536,NA,NA,0.9131,1080.0,NA,13762.0,22472.0,0.4475,0.4409,0.8057,000000000000,netPrice|graduationRate|medianDebt|medianEarnings|admissionRate|satAverage|actMidpoint|tuitionInState|tuitionOutOfState|pellGrantRate|federalLoanRate|retentionRate
185590,Montclair State University,2023,NA,NA,NA,NA,NA,NA,NA,NA,NA,NA,NA,NA,000000000000,netPrice|graduationRate|medianDebt|medianEarnings|admissionRate|satAverage|actMidpoint|tuitionInState|tuitionOutOfState|pellGrantRate|federalLoanRate|retentionRate
185590,Montclair State University,2024,NA,NA,NA,NA,NA,NA,NA,NA,NA,NA,NA,NA,000000000000,netPrice|graduationRate|medianDebt|medianEarnings|admissionRate|satAverage|actMidpoint|tuitionInState|tuitionOutOfState|pellGrantRate|federalLoanRate|retentionRate
186380,Rutgers University-New Brunswick,2012,19688.0,0.7931,20500.0,54500.0,0.6089,1195.0,27.08123023006779,13073.0,26393.0,0.3069,0.5642,0.9051,000000100000,netPrice|graduationRate|medianDebt|medianEarnings|admissionRate|satAverage|actMidpoint|tuitionInState|tuitionOutOfState|pellGrantRate|federalLoanRate|retentionRate
186380,Rutgers University-New Brunswick,2013,19770.0,0.7969,21069.0,56400.0,0.5951,1210.0,27.190565050903377,13499.0,27523.0,0.3105,0.5591,0.9093,000000100000,netPrice|graduationRate|medianDebt|medianEarnings|admissionRate|satAverage|actMidpoint|tuitionInState|tuitionOutOfState|pellGrantRate|federalLoanRate|retentionRate
186380,Rutgers University-New Brunswick,2014,20079.0,0.8068,21500.0,57900.0,0.605,1215.0,27.330252518667827,13813.0,28591.0,0.2996,0.5236,0.9212,000000100000,netPrice|graduationRate|medianDebt|medianEarnings|admissionRate|satAverage|actMidpoint|tuitionInState|tuitionOutOfState|pellGrantRate|federalLoanRate|retentionRate
186380,Rutgers University-New Brunswick,2015,19924.0,0.8045,22000.0,NA,0.5845,1225.0,27.668572642959553,14131.0,29521.0,0.3095,0.5227,0.9334,000000100000,netPrice|graduationRate|medianDebt|medianEarnings|admissionRate|satAverage|actMidpoint|tuitionInState|tuitionOutOfState|pellGrantRate|federalLoanRate|retentionRate
186380,Rutgers University-New Brunswick,2016,20166.0,0.8006,22250.0,NA,0.5694,1230.0,27.973980077539096,14372.0,30023.0,0.3149,0.5325,0.926,000000100000,netPrice|graduationRate|medianDebt|medianEarnings|admissionRate|satAverage|actMidpoint|tuitionInState|tuitionOutOfState|pellGrantRate|federalLoanRate|retentionRate
186380,Rutgers University-New Brunswick,2017,20379.0,0.8007,22032.0,NA,0.578,1304.0,28.0,14638.0,30579.0,0.2935,0.4973,0.9355,000000000000,netPrice|graduationRate|medianDebt|medianEarnings|admissionRate|satAverage|actMidpoint|tuitionInState|tuitionOutOfState|pellGrantRate|federalLoanRate|retentionRate
186380,Rutgers University-New Brunswick,2018,20623.0,0.8024,21769.0,NA,0.6011,1303.0,28.0,14974.0,31282.0,0.3068,0.5033,0.9308,000000000000,netPrice|graduationRate|medianDebt|medianEarnings|admissionRate|satAverage|actMidpoint|tuitionInState|tuitionOutOfState|pellGrantRate|federalLoanRate|retentionRate
186380,Rutgers University-New Brunswick,2019,21654.0,0.8384,21980.0,NA,0.6122,1322.0,29.0,15407.0,32189.0,0.291,0.4717,0.9275,000000000000,netPrice|graduationRate|medianDebt|medianEarnings|admissionRate|satAverage|actMidpoint|tuitionInState|tuitionOutOfState|pellGrantRate|federalLoanRate|retentionRate
186380,Rutgers University-New Brunswick,2020,23035.0,0.8447,21500.0,74479.0,0.6693,1301.0,29.0,15003.0,31785.0,0.2742,0.4498,0.9323,000000000000,netPrice|graduationRate|medianDebt|medianEarnings|admissionRate|satAverage|actMidpoint|tuitionInState|tuitionOutOfState|pellGrantRate|federalLoanRate|retentionRate
186380,Rutgers University-New Brunswick,2021,15365.0,0.8373,NA,NA,0.6816,1359.0,30.0,15804.0,33005.0,0.2853,0.3981,0.9363,000000000000,netPrice|graduationRate|medianDebt|medianEarnings|admissionRate|satAverage|actMidpoint|tuitionInState|tuitionOutOfState|pellGrantRate|federalLoanRate|retentionRate
186380,Rutgers University-New Brunswick,2022,22675.0,0.8446,NA,NA,0.6629,1374.0,NA,16263.0,33963.0,0.2809,0.4033,0.9157,000000000000,netPrice|graduationRate|medianDebt|medianEarnings|admissionRate|satAverage|actMidpoint|tuitionInState|tuitionOutOfState|pellGrantRate|federalLoanRate|retentionRate
186380,Rutgers University-New Brunswick,2023,NA,NA,NA,NA,NA,NA,NA,NA,NA,NA,NA,NA,000000000000,netPrice|graduationRate|medianDebt|medianEarnings|admissionRate|satAverage|actMidpoint|tuitionInState|tuitionOutOfState|pellGrantRate|federalLoanRate|retentionRate
186380,Rutgers University-New Brunswick,2024,NA,NA,NA,NA,NA,NA,NA,NA,NA,NA,NA,NA,000000000000,netPrice|graduationRate|medianDebt|medianEarnings|admissionRate|satAverage|actMidpoint|tuitionInState|tuitionOutOfState|pellGrantRate|federalLoanRate|retentionRate
187648,Eastern New Mexico University-Main Campus,2012,8989.0,0.2934,12500.0,29300.0,0.6613,947.0,20.0,4350.0,9861.0,0.438,0.3977,0.625,000000000000,netPrice|graduationRate|medianDebt|medianEarnings|admissionRate|satAverage|actMidpoint|tuitionInState|tuitionOutOfState|pellGrantRate|federalLoanRate|retentionRate
187648,Eastern New Mexico University-Main Campus,2013,9410.0,0.2875,13940.0,29300.0,0.6321,932.0,20.0,4558.0,10069.0,0.4102,0.3851,0.5812,000000000000,netPrice|graduationRate|medianDebt|medianEarnings|admissionRate|satAverage|actMidpoint|tuitionInState|tuitionOutOfState|pellGrantRate|federalLoanRate|retentionRate
187648,Eastern New Mexico University-Main Campus,2014,10090.0,0.2797,14750.0,29500.0,0.6306,935.0,20.0,4858.0,10633.0,0.3648,0.3337,0.5933,000000000000,netPrice|graduationRate|medianDebt|medianEarnings|admissionRate|satAverage|actMidpoint|tuitionInState|tuitionOutOfState|pellGrantRate|federalLoanRate|retentionRate
187648,Eastern New Mexico University-Main Campus,2015,9938.0,0.3339,14127.0,NA,0.4983,947.0,20.0,4858.0,10633.0,0.3574,0.329,0.5669,000000000000,netPrice|graduationRate|medianDebt|medianEarnings|admissionRate|satAverage|actMidpoint|tuitionInState|tuitionOutOfState|pellGrantRate|federalLoanRate|retentionRate
187648,Eastern New Mexico University-Main Campus,2016,9503.0,0.3456,14611.0,NA,0.5731,944.0,20.0,5618.0,11393.0,0.3376,0.3142,0.5874,000000000000,netPrice|graduationRate|medianDebt|medianEarnings|admissionRate|satAverage|actMidpoint|tuitionInState|tuitionOutOfState|pellGrantRate|federalLoanRate|retentionRate
187648,Eastern New Mexico University-Main Campus,2017,8801.0,0.3343,15850.0,NA,0.6045,984.0,19.0,6013.0,11788.0,0.3322,0.2973,0.6318,000000000000,netPrice|graduationRate|medianDebt|medianEarnings|admissionRate|satAverage|actMidpoint|tuitionInState|tuitionOutOfState|pellGrantRate|federalLoanRate|retentionRate
187648,Eastern New Mexico University-Main Campus,2018,10325.0,0.3462,16082.0,NA,0.6038,1020.0,20.0,6326.0,8247.0,0.3452,0.3028,0.6244,000000000000,netPrice|graduationRate|medianDebt|medianEarnings|admissionRate|satAverage|actMidpoint|tuitionInState|tuitionOutOfState|pellGrantRate|federalLoanRate|retentionRate
187648,Eastern New Mexico University-Main Campus,2019,9516.0,0.3639,16000.0,NA,0.5825,1028.0,20.0,6450.0,8448.0,0.3136,0.2647,0.6309,000000000000,netPrice|graduationRate|medianDebt|medianEarnings|admissionRate|satAverage|actMidpoint|tuitionInState|tuitionOutOfState|pellGrantRate|federalLoanRate|retentionRate
187648,Eastern New Mexico University-Main Campus,2020,8961.0,0.3615,16500.0,38550.0,0.506,1051.0,20.0,6648.0,8688.0,0.3301,0.2667,0.6109,000000000000,netPrice|graduationRate|medianDebt|medianEarnings|admissionRate|satAverage|actMidpoint|tuitionInState|tuitionOutOfState|pellGrantRate|federalLoanRate|retentionRate
187648,Eastern New Mexico University-Main Campus,2021,4994.0,0.3993,NA,NA,0.325,1002.0,19.0,6648.0,8688.0,0.3122,0.2271,0.5939,000000000000,netPrice|graduationRate|medianDebt|medianEarnings|admissionRate|satAverage|actMidpoint|tuitionInState|tuitionOutOfState|pellGrantRate|federalLoanRate|retentionRate
187648,Eastern New Mexico University-Main Campus,2022,7669.0,0.4132,NA,NA,0.2755,961.0,NA,6863.0,8843.0,0.3104,0.2212,0.6235,000000000000,netPrice|graduationRate|medianDebt|medianEarnings|admissionRate|satAverage|actMidpoint|tuitionInState|tuitionOutOfState|pellGrantRate|federalLoanRate|retentionRate
187648,Eastern New Mexico University-Main Campus,2023,NA,NA,NA,NA,NA,NA,NA,NA,NA,NA,NA,NA,000000000000,netPrice|graduationRate|medianDebt|medianEarnings|admissionRate|satAverage|actMidpoint|tuitionInState|tuitionOutOfState|pellGrantRate|federalLoanRate|retentionRate
187648,Eastern New Mexico University-Main Campus,2024,NA,NA,NA,NA,NA,NA,NA,NA,NA,NA,NA,NA,000000000000,netPrice|graduationRate|medianDebt|medianEarnings|admissionRate|satAverage|actMidpoint|tuitionInState|tuitionOutOfState|pellGrantRate|federalLoanRate|retentionRate
187985,University of New Mexico-Main Campus,2012,8031.0,0.4582,16562.0,34900.0,0.6387,1036.0,22.0,6050.0,20688.0,0.3949,0.4914,0.7665,000000000000,netPrice|graduationRate|medianDebt|medianEarnings|admissionRate|satAverage|actMidpoint|tuitionInState|tuitionOutOfState|pellGrantRate|federalLoanRate|retentionRate
187985,University of New Mexico-Main Campus,2013,8126.0,0.4828,17750.0,34900.0,0.6458,1038.0,22.0,6846.0,20688.0,0.3846,0.3877,0.7769,000000000000,netPrice|graduationRate|medianDebt|medianEarnings|admissionRate|satAverage|actMidpoint|tuitionInState|tuitionOutOfState|pellGrantRate|federalLoanRate|retentionRate
187985,University of New Mexico-Main Campus,2014,10079.0,0.4778,18725.0,36400.0,0.4538,1060.0,23.0,6846.0,20664.0,0.3871,0.4201,0.7904,000000000000,netPrice|graduationRate|medianDebt|medianEarnings|admissionRate|satAverage|actMidpoint|tuitionInState|tuitionOutOfState|pellGrantRate|federalLoanRate|retentionRate
187985,University of New Mexico-Main Campus,2015,9027.0,0.4803,19117.0,NA,0.5788,1040.0,22.0,7071.0,21302.0,0.3996,0.5211,0.7954,000000000000,netPrice|graduationRate|medianDebt|medianEarnings|admissionRate|satAverage|actMidpoint|tuitionInState|tuitionOutOfState|pellGrantRate|federalLoanRate|retentionRate
187985,University of New Mexico-Main Campus,2016,12827.0,0.445,19203.0,NA,0.5778,1038.0,22.0,7340.0,21929.0,0.3935,0.3867,0.8013,000000000000,netPrice|graduationRate|medianDebt|medianEarnings|admissionRate|satAverage|actMidpoint|tuitionInState|tuitionOutOfState|pellGrantRate|federalLoanRate|retentionRate
187985,University of New Mexico-Main Campus,2017,14315.0,0.4868,18750.0,NA,0.6704,1103.0,22.0,7448.0,22038.0,0.3796,0.349,0.7829,000000000000,netPrice|graduationRate|medianDebt|medianEarnings|admissionRate|satAverage|actMidpoint|tuitionInState|tuitionOutOfState|pellGrantRate|federalLoanRate|retentionRate
187985,University of New Mexico-Main Campus,2018,14329.0,0.4981,18750.0,NA,0.6961,1120.0,22.0,7633.0,22586.0,0.354,0.4816,0.737,000000000000,netPrice|graduationRate|medianDebt|medianEarnings|admissionRate|satAverage|actMidpoint|tuitionInState|tuitionOutOfState|pellGrantRate|federalLoanRate|retentionRate
187985,University of New Mexico-Main Campus,2019,14446.0,0.5373,18500.0,NA,0.9428,1120.0,22.0,7875.0,23292.0,0.3578,0.3105,0.7733,000000000000,netPrice|graduationRate|medianDebt|medianEarnings|admissionRate|satAverage|actMidpoint|tuitionInState|tuitionOutOfState|pellGrantRate|federalLoanRate|retentionRate
187985,University of New Mexico-Main Campus,2020,14424.0,0.539,18450.0,44792.0,0.9634,1101.0,21.0,8161.0,24499.0,0.358,0.4413,0.7697,000000000000,netPrice|graduationRate|medianDebt|medianEarnings|admissionRate|satAverage|actMidpoint|tuitionInState|tuitionOutOfState|pellGrantRate|federalLoanRate|retentionRate
187985,University of New Mexico-Main Campus,2021,15070.0,0.5358,NA,NA,0.9727,1135.0,23.0,7905.0,25243.0,0.3792,0.4659,0.6774,000000000000,netPrice|graduationRate|medianDebt|medianEarnings|admissionRate|satAverage|actMidpoint|tuitionInState|tuitionOutOfState|pellGrantRate|federalLoanRate|retentionRate
187985,University of New Mexico-Main Campus,2022,13873.0,0.517,NA,NA,0.9607,1090.0,NA,8076.0,26411.0,0.3638,0.4714,0.7219,000000000000,netPrice|graduationRate|medianDebt|medianEarnings|admissionRate|satAverage|actMidpoint|tuitionInState|tuitionOutOfState|pellGrantRate|federalLoanRate|retentionRate
187985,University of New Mexico-Main Campus,2023,NA,NA,NA,NA,NA,NA,NA,NA,NA,NA,NA,NA,000000000000,netPrice|graduationRate|medianDebt|medianEarnings|admissionRate|satAverage|actMidpoint|tuitionInState|tuitionOutOfState|pellGrantRate|federalLoanRate|retentionRate
187985,University of New Mexico-Main Campus,2024,NA,NA,NA,NA,NA,NA,NA,NA,NA,NA,NA,NA,000000000000,netPrice|graduationRate|medianDebt|medianEarnings|admissionRate|satAverage|actMidpoint|tuitionInState|tuitionOutOfState|pellGrantRate|federalLoanRate|retentionRate
188030,New Mexico State University-Main Campus,2012,10032.0,0.4414,15753.0,32800.0,0.8002,989.0,21.0,6513.0,19068.0,0.448,0.4372,0.7204,000000000000,netPrice|graduationRate|medianDebt|medianEarnings|admissionRate|satAverage|actMidpoint|tuitionInState|tuitionOutOfState|pellGrantRate|federalLoanRate|retentionRate
188030,New Mexico State University-Main Campus,2013,10158.0,0.4328,16811.0,33400.0,0.852,982.0,21.0,6220.0,19644.0,0.4342,0.4438,0.7399,000000000000,netPrice|graduationRate|medianDebt|medianEarnings|admissionRate|satAverage|actMidpoint|tuitionInState|tuitionOutOfState|pellGrantRate|federalLoanRate|retentionRate
188030,New Mexico State University-Main Campus,2014,9531.0,0.4569,17250.0,34600.0,0.696,984.0,21.0,5950.0,19112.0,0.4191,0.4002,0.7371,000000000000,netPrice|graduationRate|medianDebt|medianEarnings|admissionRate|satAverage|actMidpoint|tuitionInState|tuitionOutOfState|pellGrantRate|federalLoanRate|retentionRate
188030,New Mexico State University-Main Campus,2015,9663.0,0.4252,16750.0,NA,0.6576,983.0,21.0,6094.0,19652.0,0.427,0.4046,0.7352,000000000000,netPrice|graduationRate|medianDebt|medianEarnings|admissionRate|satAverage|actMidpoint|tuitionInState|tuitionOutOfState|pellGrantRate|federalLoanRate|retentionRate
188030,New Mexico State University-Main Campus,2016,9571.0,0.4461,17000.0,NA,0.5961,982.0,21.0,6094.0,19652.0,0.4128,0.3808,0.7157,000000000000,netPrice|graduationRate|medianDebt|medianEarnings|admissionRate|satAverage|actMidpoint|tuitionInState|tuitionOutOfState|pellGrantRate|federalLoanRate|retentionRate
188030,New Mexico State University-Main Campus,2017,8625.0,0.4586,18370.0,NA,0.6384,1043.0,21.0,6461.0,21022.0,0.4136,0.3774,0.7386,000000000000,netPrice|graduationRate|medianDebt|medianEarnings|admissionRate|satAverage|actMidpoint|tuitionInState|tuitionOutOfState|pellGrantRate|federalLoanRate|retentionRate
188030,New Mexico State University-Main Campus,2018,7867.0,0.4671,19123.0,NA,0.6566,1050.0,20.0,6686.0,21770.0,0.4278,0.3319,0.7377,000000000000,netPrice|graduationRate|medianDebt|medianEarnings|admissionRate|satAverage|actMidpoint|tuitionInState|tuitionOutOfState|pellGrantRate|federalLoanRate|retentionRate
188030,New Mexico State University-Main Campus,2019,8659.0,0.4818,18464.0,NA,0.5458,1061.0,21.0,7087.0,23076.0,0.4558,0.3714,0.7478,000000000000,netPrice|graduationRate|medianDebt|medianEarnings|admissionRate|satAverage|actMidpoint|tuitionInState|tuitionOutOfState|pellGrantRate|federalLoanRate|retentionRate
188030,New Mexico State University-Main Campus,2020,10428.0,0.5108,17095.0,39067.0,0.6267,1050.0,20.0,7301.0,23767.0,0.4567,0.3654,0.7549,000000000000,netPrice|graduationRate|medianDebt|medianEarnings|admissionRate|satAverage|actMidpoint|tuitionInState|tuitionOutOfState|pellGrantRate|federalLoanRate|retentionRate
188030,New Mexico State University-Main Campus,2021,9979.0,0.5041,NA,NA,0.5726,1040.0,20.0,7301.0,23767.0,0.4422,0.3076,0.7164,000000000000,netPrice|graduationRate|medianDebt|medianEarnings|admissionRate|satAverage|actMidpoint|tuitionInState|tuitionOutOfState|pellGrantRate|federalLoanRate|retentionRate
188030,New Mexico State University-Main Campus,2022,8495.0,0.509,NA,NA,0.7805,1031.0,NA,7627.0,24751.0,0.4146,0.2643,0.7247,000000000000,netPrice|graduationRate|medianDebt|medianEarnings|admissionRate|satAverage|actMidpoint|tuitionInState|tuitionOutOfState|pellGrantRate|federalLoanRate|retentionRate
188030,New Mexico State University-Main Campus,2023,NA,NA,NA,NA,NA,NA,NA,NA,NA,NA,NA,NA,000000000000,netPrice|graduationRate|medianDebt|medianEarnings|admissionRate|satAverage|actMidpoint|tuitionInState|tuitionOutOfState|pellGrantRate|federalLoanRate|retentionRate
188030,New Mexico State University-Main Campus,2024,NA,NA,NA,NA,NA,NA,NA,NA,NA,NA,NA,NA,000000000000,netPrice|graduationRate|medianDebt|medianEarnings|admissionRate|satAverage|actMidpoint|tuitionInState|tuitionOutOfState|pellGrantRate|federalLoanRate|retentionRate
193900,New York University,2012,38578.0,0.8493,22870.0,58800.0,0.3504,1342.0,30.0,43204.0,43204.0,0.2105,0.4315,0.9155,000000000000,netPrice|graduationRate|medianDebt|medianEarnings|admissionRate|satAverage|actMidpoint|tuitionInState|tuitionOutOfState|pellGrantRate|federalLoanRate|retentionRate
193900,New York University,2013,37971.0,0.8331,23000.0,59600.0,0.3239,1352.0,30.0,44848.0,44848.0,0.1987,0.4131,0.925,000000000000,netPrice|graduationRate|medianDebt|medianEarnings|admissionRate|satAverage|actMidpoint|tuitionInState|tuitionOutOfState|pellGrantRate|federalLoanRate|retentionRate
193900,New York University,2014,36991.0,0.8301,23250.0,61900.0,0.3545,1344.0,30.0,46170.0,46170.0,0.2145,0.4051,0.9199,000000000000,netPrice|graduationRate|medianDebt|medianEarnings|admissionRate|satAverage|actMidpoint|tuitionInState|tuitionOutOfState|pellGrantRate|federalLoanRate|retentionRate
193900,New York University,2015,36419.0,0.8386,23100.0,NA,0.3207,1360.0,31.0,47750.0,47750.0,0.2179,0.3781,0.932,000000000000,netPrice|graduationRate|medianDebt|medianEarnings|admissionRate|satAverage|actMidpoint|tuitionInState|tuitionOutOfState|pellGrantRate|federalLoanRate|retentionRate
193900,New York University,2016,37362.0,0.8465,22900.0,NA,0.3187,1371.0,31.0,49062.0,49062.0,0.2106,0.3516,0.9331,000000000000,netPrice|graduationRate|medianDebt|medianEarnings|admissionRate|satAverage|actMidpoint|tuitionInState|tuitionOutOfState|pellGrantRate|federalLoanRate|retentionRate
193900,New York University,2017,40336.0,0.8354,21250.0,NA,0.2766,1408.0,31.0,50464.0,50464.0,0.2029,0.3312,0.9348,000000000000,netPrice|graduationRate|medianDebt|medianEarnings|admissionRate|satAverage|actMidpoint|tuitionInState|tuitionOutOfState|pellGrantRate|federalLoanRate|retentionRate
193900,New York University,2018,42397.0,0.8519,20500.0,NA,0.1999,1419.0,32.0,51828.0,51828.0,0.197,0.3113,0.9403,000000000000,netPrice|graduationRate|medianDebt|medianEarnings|admissionRate|satAverage|actMidpoint|tuitionInState|tuitionOutOfState|pellGrantRate|federalLoanRate|retentionRate
193900,New York University,2019,39772.0,0.8493,20500.0,NA,0.162,1443.0,32.0,53308.0,53308.0,0.1914,0.2923,0.9442,000000000000,netPrice|graduationRate|medianDebt|medianEarnings|admissionRate|satAverage|actMidpoint|tuitionInState|tuitionOutOfState|pellGrantRate|federalLoanRate|retentionRate
193900,New York University,2020,38569.0,0.8778,20500.0,82509.0,0.2109,1458.0,33.0,54880.0,54880.0,0.1831,0.2737,0.9012,000000000000,netPrice|graduationRate|medianDebt|medianEarnings|admissionRate|satAverage|actMidpoint|tuitionInState|tuitionOutOfState|pellGrantRate|federalLoanRate|retentionRate
193900,New York University,2021,39565.0,0.8687,NA,NA,0.1296,1507.0,34.0,56500.0,56500.0,0.1838,0.2553,0.937,000000000000,netPrice|graduationRate|medianDebt|medianEarnings|admissionRate|satAverage|actMidpoint|tuitionInState|tuitionOutOfState|pellGrantRate|federalLoanRate|retentionRate
193900,New York University,2022,32462.0,0.8712,NA,NA,0.1246,1527.0,NA,58168.0,58168.0,0.1901,0.2408,0.9467,000000000000,netPrice|graduationRate|medianDebt|medianEarnings|admissionRate|satAverage|actMidpoint|tuitionInState|tuitionOutOfState|pellGrantRate|federalLoanRate|retentionRate
193900,New York University,2023,NA,NA,NA,NA,NA,NA,NA,NA,NA,NA,NA,NA,000000000000,netPrice|graduationRate|medianDebt|medianEarnings|admissionRate|satAverage|actMidpoint|tuitionInState|tuitionOutOfState|pellGrantRate|federalLoanRate|retentionRate
193900,New York University,2024,NA,NA,NA,NA,NA,NA,NA,NA,NA,NA,NA,NA,000000000000,netPrice|graduationRate|medianDebt|medianEarnings|admissionRate|satAverage|actMidpoint|tuitionInState|tuitionOutOfState|pellGrantRate|federalLoanRate|retentionRate
196088,University at Buffalo,2012,14189.0,0.7027,18297.0,48400.0,0.5686,1162.0,26.0,7989.0,18609.0,0.2997,0.4773,0.8731,000000000000,netPrice|graduationRate|medianDebt|medianEarnings|admissionRate|satAverage|actMidpoint|tuitionInState|tuitionOutOfState|pellGrantRate|federalLoanRate|retentionRate
196088,University at Buffalo,2013,15088.0,0.72,19020.5,49900.0,0.5652,1158.0,26.0,8211.0,20151.0,0.2835,0.4677,0.8759,000000000000,netPrice|graduationRate|medianDebt|medianEarnings|admissionRate|satAverage|actMidpoint|tuitionInState|tuitionOutOfState|pellGrantRate|federalLoanRate|retentionRate
196088,University at Buffalo,2014,16293.0,0.7189,19500.0,52600.0,0.5781,1165.0,27.0,8870.0,22290.0,0.2965,0.4693,0.8809,000000000000,netPrice|graduationRate|medianDebt|medianEarnings|admissionRate|satAverage|actMidpoint|tuitionInState|tuitionOutOfState|pellGrantRate|federalLoanRate|retentionRate
196088,University at Buffalo,2015,16695.0,0.7368,19500.0,NA,0.5999,1173.0,27.0,9381.0,24461.0,0.3086,0.4716,0.8805,000000000000,netPrice|graduationRate|medianDebt|medianEarnings|admissionRate|satAverage|actMidpoint|tuitionInState|tuitionOutOfState|pellGrantRate|federalLoanRate|retentionRate
196088,University at Buffalo,2016,17163.0,0.7436,19500.0,NA,0.5938,1181.0,27.0,9574.0,26814.0,0.319,0.4762,0.8608,000000000000,netPrice|graduationRate|medianDebt|medianEarnings|admissionRate|satAverage|actMidpoint|tuitionInState|tuitionOutOfState|pellGrantRate|federalLoanRate|retentionRate
196088,University at Buffalo,2017,17469.0,0.7528,19500.0,NA,0.5734,1197.0,26.0,9828.0,27068.0,0.313,0.4724,0.8711,000000000000,netPrice|graduationRate|medianDebt|medianEarnings|admissionRate|satAverage|actMidpoint|tuitionInState|tuitionOutOfState|pellGrantRate|federalLoanRate|retentionRate
196088,University at Buffalo,2018,17090.0,0.7552,19150.0,NA,0.5585,1250.0,27.0,10099.0,27769.0,0.325,0.4657,0.8681,000000000000,netPrice|graduationRate|medianDebt|medianEarnings|admissionRate|satAverage|actMidpoint|tuitionInState|tuitionOutOfState|pellGrantRate|federalLoanRate|retentionRate
196088,University at Buffalo,2019,18194.0,0.7519,19250.0,NA,0.6108,1254.0,27.0,10524.0,28194.0,0.3322,0.4684,0.8631,000000000000,netPrice|graduationRate|medianDebt|medianEarnings|admissionRate|satAverage|actMidpoint|tuitionInState|tuitionOutOfState|pellGrantRate|federalLoanRate|retentionRate
196088,University at Buffalo,2020,19262.0,0.7511,19000.0,70814.0,0.6695,1230.0,26.0,10526.0,28196.0,0.3271,0.438,0.8694,000000000000,netPrice|graduationRate|medianDebt|medianEarnings|admissionRate|satAverage|actMidpoint|tuitionInState|tuitionOutOfState|pellGrantRate|federalLoanRate|retentionRate
196088,University at Buffalo,2021,19344.0,0.7378,NA,NA,0.7009,1276.0,28.0,10782.0,28702.0,0.3172,0.392,0.8332,000000000000,netPrice|graduationRate|medianDebt|medianEarnings|admissionRate|satAverage|actMidpoint|tuitionInState|tuitionOutOfState|pellGrantRate|federalLoanRate|retentionRate
196088,University at Buffalo,2022,19592.0,0.7351,NA,NA,0.6771,1288.0,NA,10782.0,28702.0,0.3208,0.3967,0.8352,000000000000,netPrice|graduationRate|medianDebt|medianEarnings|admissionRate|satAverage|actMidpoint|tuitionInState|tuitionOutOfState|pellGrantRate|federalLoanRate|retentionRate
196088,University at Buffalo,2023,NA,NA,NA,NA,NA,NA,NA,NA,NA,NA,NA,NA,000000000000,netPrice|graduationRate|medianDebt|medianEarnings|admissionRate|satAverage|actMidpoint|tuitionInState|tuitionOutOfState|pellGrantRate|federalLoanRate|retentionRate
196088,University at Buffalo,2024,NA,NA,NA,NA,NA,NA,NA,NA,NA,NA,NA,NA,000000000000,netPrice|graduationRate|medianDebt|medianEarnings|admissionRate|satAverage|actMidpoint|tuitionInState|tuitionOutOfState|pellGrantRate|federalLoanRate|retentionRate
196097,Stony Brook University,2012,12669.0,0.6968,18643.0,55000.0,0.4006,1233.0,27.0,7560.0,18180.0,0.3652,0.467,0.899,000000000000,netPrice|graduationRate|medianDebt|medianEarnings|admissionRate|satAverage|actMidpoint|tuitionInState|tuitionOutOfState|pellGrantRate|federalLoanRate|retentionRate
196097,Stony Brook University,2013,13492.0,0.6593,19000.0,55100.0,0.3948,1253.0,28.0,7995.0,19935.0,0.3513,0.4633,0.9009,000000000000,netPrice|graduationRate|medianDebt|medianEarnings|admissionRate|satAverage|actMidpoint|tuitionInState|tuitionOutOfState|pellGrantRate|federalLoanRate|retentionRate
196097,Stony Brook University,2014,13519.0,0.6857,19000.0,57600.0,0.4134,1254.0,28.0,8430.0,21850.0,0.3351,0.4496,0.8933,000000000000,netPrice|graduationRate|medianDebt|medianEarnings|admissionRate|satAverage|actMidpoint|tuitionInState|tuitionOutOfState|pellGrantRate|federalLoanRate|retentionRate
196097,Stony Brook University,2015,13717.0,0.6834,19000.0,NA,0.4099,1271.0,29.0,8855.0,23935.0,0.3341,0.4411,0.9043,000000000000,netPrice|graduationRate|medianDebt|medianEarnings|admissionRate|satAverage|actMidpoint|tuitionInState|tuitionOutOfState|pellGrantRate|federalLoanRate|retentionRate
196097,Stony Brook University,2016,13467.0,0.7237,18960.0,NA,0.4067,1268.0,29.0,8999.0,26239.0,0.3252,0.4149,0.8917,000000000000,netPrice|graduationRate|medianDebt|medianEarnings|admissionRate|satAverage|actMidpoint|tuitionInState|tuitionOutOfState|pellGrantRate|federalLoanRate|retentionRate
196097,Stony Brook University,2017,13770.0,0.7181,19000.0,NA,0.4219,1322.0,29.0,9257.0,26767.0,0.3203,0.3966,0.898,000000000000,netPrice|graduationRate|medianDebt|medianEarnings|admissionRate|satAverage|actMidpoint|tuitionInState|tuitionOutOfState|pellGrantRate|federalLoanRate|retentionRate
196097,Stony Brook University,2018,14893.0,0.7378,19000.0,NA,0.4198,1326.0,29.0,9625.0,27295.0,0.3447,0.3802,0.8972,000000000000,netPrice|graduationRate|medianDebt|medianEarnings|admissionRate|satAverage|actMidpoint|tuitionInState|tuitionOutOfState|pellGrantRate|federalLoanRate|retentionRate
196097,Stony Brook University,2019,15160.0,0.7636,18750.0,NA,0.4415,1337.0,29.0,10175.0,27845.0,0.3545,0.365,0.8889,000000000000,netPrice|graduationRate|medianDebt|medianEarnings|admissionRate|satAverage|actMidpoint|tuitionInState|tuitionOutOfState|pellGrantRate|federalLoanRate|retentionRate
196097,Stony Brook University,2020,16119.0,0.7628,18228.0,74502.0,0.4891,1337.0,29.0,10091.0,27761.0,0.3498,0.3554,0.9018,000000000000,netPrice|graduationRate|medianDebt|medianEarnings|admissionRate|satAverage|actMidpoint|tuitionInState|tuitionOutOfState|pellGrantRate|federalLoanRate|retentionRate
196097,Stony Brook University,2021,16357.0,0.7766,NA,NA,0.4806,1393.0,31.0,10455.0,28375.0,0.3596,0.3108,0.891,000000000000,netPrice|graduationRate|medianDebt|medianEarnings|admissionRate|satAverage|actMidpoint|tuitionInState|tuitionOutOfState|pellGrantRate|federalLoanRate|retentionRate
196097,Stony Brook University,2022,17232.0,0.7782,NA,NA,0.4914,1410.0,NA,10560.0,28480.0,0.3712,0.338,0.8783,000000000000,netPrice|graduationRate|medianDebt|medianEarnings|admissionRate|satAverage|actMidpoint|tuitionInState|tuitionOutOfState|pellGrantRate|federalLoanRate|retentionRate
196097,Stony Brook University,2023,NA,NA,NA,NA,NA,NA,NA,NA,NA,NA,NA,NA,000000000000,netPrice|graduationRate|medianDebt|medianEarnings|admissionRate|satAverage|actMidpoint|tuitionInState|tuitionOutOfState|pellGrantRate|federalLoanRate|retentionRate
196097,Stony Brook University,2024,NA,NA,NA,NA,NA,NA,NA,NA,NA,NA,NA,NA,000000000000,netPrice|graduationRate|medianDebt|medianEarnings|admissionRate|satAverage|actMidpoint|tuitionInState|tuitionOutOfState|pellGrantRate|federalLoanRate|retentionRate
199120,University of North Carolina at Chapel Hill,2012,12634.0,0.8936,14500.0,51000.0,0.3297,1305.0,30.0,7693.0,28445.0,0.2058,0.3066,0.9719,000000000000,netPrice|graduationRate|medianDebt|medianEarnings|admissionRate|satAverage|actMidpoint|tuitionInState|tuitionOutOfState|pellGrantRate|federalLoanRate|retentionRate
199120,University of North Carolina at Chapel Hill,2013,13322.0,0.9002,15000.0,54100.0,0.2759,1313.0,30.0,8340.0,30122.0,0.2053,0.3192,0.9609,000000000000,netPrice|graduationRate|medianDebt|medianEarnings|admissionRate|satAverage|actMidpoint|tuitionInState|tuitionOutOfState|pellGrantRate|federalLoanRate|retentionRate
199120,University of North Carolina at Chapel Hill,2014,13243.0,0.9026,15332.0,55600.0,0.285,1328.0,30.0,8336.0,33418.0,0.2128,0.3198,0.9706,000000000000,netPrice|graduationRate|medianDebt|medianEarnings|admissionRate|satAverage|actMidpoint|tuitionInState|tuitionOutOfState|pellGrantRate|federalLoanRate|retentionRate
199120,University of North Carolina at Chapel Hill,2015,13744.0,0.9019,16250.0,NA,0.3054,1343.0,31.0,8591.0,33673.0,0.2186,0.3203,0.9711,000000000000,netPrice|graduationRate|medianDebt|medianEarnings|admissionRate|satAverage|actMidpoint|tuitionInState|tuitionOutOfState|pellGrantRate|federalLoanRate|retentionRate
199120,University of North Carolina at Chapel Hill,2016,13210.0,0.911,16661.0,NA,0.2694,1338.0,31.0,8834.0,33916.0,0.2193,0.312,0.9634,000000000000,netPrice|graduationRate|medianDebt|medianEarnings|admissionRate|satAverage|actMidpoint|tuitionInState|tuitionOutOfState|pellGrantRate|federalLoanRate|retentionRate
199120,University of North Carolina at Chapel Hill,2017,14163.0,0.9087,16118.0,NA,0.244,1393.0,31.0,9005.0,34588.0,0.2163,0.3049,0.9647,000000000000,netPrice|graduationRate|medianDebt|medianEarnings|admissionRate|satAverage|actMidpoint|tuitionInState|tuitionOutOfState|pellGrantRate|federalLoanRate|retentionRate
199120,University of North Carolina at Chapel Hill,2018,13918.0,0.8934,15400.0,NA,0.2271,1398.0,31.0,8987.0,35170.0,0.2256,0.2653,0.9722,000000000000,netPrice|graduationRate|medianDebt|medianEarnings|admissionRate|satAverage|actMidpoint|tuitionInState|tuitionOutOfState|pellGrantRate|federalLoanRate|retentionRate
199120,University of North Carolina at Chapel Hill,2019,12352.0,0.9056,14500.0,NA,0.2263,1402.0,31.0,8980.0,36159.0,0.2319,0.2541,0.9636,000000000000,netPrice|graduationRate|medianDebt|medianEarnings|admissionRate|satAverage|actMidpoint|tuitionInState|tuitionOutOfState|pellGrantRate|federalLoanRate|retentionRate
199120,University of North Carolina at Chapel Hill,2020,12469.0,0.9074,14000.0,72200.0,0.25,1393.0,31.0,8980.0,36159.0,0.2286,0.2356,0.9513,000000000000,netPrice|graduationRate|medianDebt|medianEarnings|admissionRate|satAverage|actMidpoint|tuitionInState|tuitionOutOfState|pellGrantRate|federalLoanRate|retentionRate
199120,University of North Carolina at Chapel Hill,2021,13263.0,0.919,NA,NA,0.204,1214.0,25.0,9028.0,36891.0,0.2259,0.1946,0.9652,000000000000,netPrice|graduationRate|medianDebt|medianEarnings|admissionRate|satAverage|actMidpoint|tuitionInState|tuitionOutOfState|pellGrantRate|federalLoanRate|retentionRate
199120,University of North Carolina at Chapel Hill,2022,12414.0,0.9132,NA,NA,0.1711,1449.0,NA,8989.0,37550.0,0.2121,0.1822,0.9598,000000000000,netPrice|graduationRate|medianDebt|medianEarnings|admissionRate|satAverage|actMidpoint|tuitionInState|tuitionOutOfState|pellGrantRate|federalLoanRate|retentionRate
199120,University of North Carolina at Chapel Hill,2023,NA,NA,NA,NA,NA,NA,NA,NA,NA,NA,NA,NA,000000000000,netPrice|graduationRate|medianDebt|medianEarnings|admissionRate|satAverage|actMidpoint|tuitionInState|tuitionOutOfState|pellGrantRate|federalLoanRate|retentionRate
199120,University of North Carolina at Chapel Hill,2024,NA,NA,NA,NA,NA,NA,NA,NA,NA,NA,NA,NA,000000000000,netPrice|graduationRate|medianDebt|medianEarnings|admissionRate|satAverage|actMidpoint|tuitionInState|tuitionOutOfState|pellGrantRate|federalLoanRate|retentionRate
199139,University of North Carolina at Charlotte,2012,12124.0,0.5336,21281.5,41500.0,0.6964,1059.0,22.0,5873.0,18402.0,0.407,0.5798,0.7708,000000000000,netPrice|graduationRate|medianDebt|medianEarnings|admissionRate|satAverage|actMidpoint|tuitionInState|tuitionOutOfState|pellGrantRate|federalLoanRate|retentionRate
199139,University of North Carolina at Charlotte,2013,12268.0,0.539,21990.0,42700.0,0.6852,1066.0,23.0,6107.0,18636.0,0.4046,0.5879,0.8038,000000000000,netPrice|graduationRate|medianDebt|medianEarnings|admissionRate|satAverage|actMidpoint|tuitionInState|tuitionOutOfState|pellGrantRate|federalLoanRate|retentionRate
199139,University of North Carolina at Charlotte,2014,12479.0,0.5453,22803.0,44000.0,0.6409,1079.0,23.0,6277.0,19448.0,0.4045,0.5881,0.8243,000000000000,netPrice|graduationRate|medianDebt|medianEarnings|admissionRate|satAverage|actMidpoint|tuitionInState|tuitionOutOfState|pellGrantRate|federalLoanRate|retentionRate
199139,University of North Carolina at Charlotte,2015,11571.0,0.5336,22750.0,NA,0.6331,1093.0,24.0,6532.0,19703.0,0.4052,0.5774,0.8348,000000000000,netPrice|graduationRate|medianDebt|medianEarnings|admissionRate|satAverage|actMidpoint|tuitionInState|tuitionOutOfState|pellGrantRate|federalLoanRate|retentionRate
199139,University of North Carolina at Charlotte,2016,14665.0,0.5701,22500.0,NA,0.6203,1112.0,24.0,6763.0,19934.0,0.393,0.5603,0.8246,000000000000,netPrice|graduationRate|medianDebt|medianEarnings|admissionRate|satAverage|actMidpoint|tuitionInState|tuitionOutOfState|pellGrantRate|federalLoanRate|retentionRate
199139,University of North Carolina at Charlotte,2017,16286.0,0.5398,23000.0,NA,0.6584,1187.0,24.0,6832.0,20266.0,0.3731,0.5473,0.8328,000000000000,netPrice|graduationRate|medianDebt|medianEarnings|admissionRate|satAverage|actMidpoint|tuitionInState|tuitionOutOfState|pellGrantRate|federalLoanRate|retentionRate
199139,University of North Carolina at Charlotte,2018,16943.0,0.5896,22623.0,NA,0.6683,1190.0,24.0,6853.0,20287.0,0.3668,0.5303,0.8188,000000000000,netPrice|graduationRate|medianDebt|medianEarnings|admissionRate|satAverage|actMidpoint|tuitionInState|tuitionOutOfState|pellGrantRate|federalLoanRate|retentionRate
199139,University of North Carolina at Charlotte,2019,16529.0,0.6423,21668.0,NA,0.6505,1196.0,24.0,6905.0,20339.0,0.369,0.5036,0.8257,000000000000,netPrice|graduationRate|medianDebt|medianEarnings|admissionRate|satAverage|actMidpoint|tuitionInState|tuitionOutOfState|pellGrantRate|federalLoanRate|retentionRate
199139,University of North Carolina at Charlotte,2020,17634.0,0.6518,21500.0,57289.0,0.7953,1200.0,25.0,7096.0,20530.0,0.3592,0.4883,0.8472,000000000000,netPrice|graduationRate|medianDebt|medianEarnings|admissionRate|satAverage|actMidpoint|tuitionInState|tuitionOutOfState|pellGrantRate|federalLoanRate|retentionRate
199139,University of North Carolina at Charlotte,2021,16873.0,0.6565,NA,NA,0.7945,1184.0,24.0,7188.0,20622.0,0.3489,0.4522,0.8462,000000000000,netPrice|graduationRate|medianDebt|medianEarnings|admissionRate|satAverage|actMidpoint|tuitionInState|tuitionOutOfState|pellGrantRate|federalLoanRate|retentionRate
199139,University of North Carolina at Charlotte,2022,15018.0,0.6996,NA,NA,0.7964,1162.0,NA,7214.0,21338.0,0.3513,0.4279,0.8363,000000000000,netPrice|graduationRate|medianDebt|medianEarnings|admissionRate|satAverage|actMidpoint|tuitionInState|tuitionOutOfState|pellGrantRate|federalLoanRate|retentionRate
199139,University of North Carolina at Charlotte,2023,NA,NA,NA,NA,NA,NA,NA,NA,NA,NA,NA,NA,000000000000,netPrice|graduationRate|medianDebt|medianEarnings|admissionRate|satAverage|actMidpoint|tuitionInState|tuitionOutOfState|pellGrantRate|federalLoanRate|retentionRate
199139,University of North Carolina at Charlotte,2024,NA,NA,NA,NA,NA,NA,NA,NA,NA,NA,NA,NA,000000000000,netPrice|graduationRate|medianDebt|medianEarnings|admissionRate|satAverage|actMidpoint|tuitionInState|tuitionOutOfState|pellGrantRate|federalLoanRate|retentionRate
199193,North Carolina State University at Raleigh,2012,12304.0,0.7062,18725.5,47600.0,0.5261,1181.0,26.0,7788.0,20953.0,0.2279,0.4269,0.9202,000000000000,netPrice|graduationRate|medianDebt|medianEarnings|admissionRate|satAverage|actMidpoint|tuitionInState|tuitionOutOfState|pellGrantRate|federalLoanRate|retentionRate
199193,North Carolina State University at Raleigh,2013,13164.0,0.7359,19500.0,49300.0,0.5001,1229.0,28.0,8206.0,21661.0,0.2247,0.424,0.9258,000000000000,netPrice|graduationRate|medianDebt|medianEarnings|admissionRate|satAverage|actMidpoint|tuitionInState|tuitionOutOfState|pellGrantRate|federalLoanRate|retentionRate
199193,North Carolina State University at Raleigh,2014,14811.0,0.7498,20239.5,52500.0,0.516,1253.0,28.0,8296.0,23551.0,0.2221,0.4176,0.9298,000000000000,netPrice|graduationRate|medianDebt|medianEarnings|admissionRate|satAverage|actMidpoint|tuitionInState|tuitionOutOfState|pellGrantRate|federalLoanRate|retentionRate
199193,North Carolina State University at Raleigh,2015,14988.0,0.7517,20522.0,NA,0.5043,1264.0,29.0,8581.0,24932.0,0.2181,0.4104,0.9327,000000000000,netPrice|graduationRate|medianDebt|medianEarnings|admissionRate|satAverage|actMidpoint|tuitionInState|tuitionOutOfState|pellGrantRate|federalLoanRate|retentionRate
199193,North Carolina State University at Raleigh,2016,14682.0,0.7705,20714.0,NA,0.4751,1273.0,29.0,8880.0,26399.0,0.2083,0.4004,0.9316,000000000000,netPrice|graduationRate|medianDebt|medianEarnings|admissionRate|satAverage|actMidpoint|tuitionInState|tuitionOutOfState|pellGrantRate|federalLoanRate|retentionRate
199193,North Carolina State University at Raleigh,2017,15024.0,0.7864,20500.0,NA,0.5136,1331.0,29.0,9058.0,27406.0,0.2073,0.3952,0.9367,000000000000,netPrice|graduationRate|medianDebt|medianEarnings|admissionRate|satAverage|actMidpoint|tuitionInState|tuitionOutOfState|pellGrantRate|federalLoanRate|retentionRate
199193,North Carolina State University at Raleigh,2018,16404.0,0.8062,20500.0,NA,0.4685,1336.0,29.0,9101.0,28444.0,0.2115,0.4057,0.9387,000000000000,netPrice|graduationRate|medianDebt|medianEarnings|admissionRate|satAverage|actMidpoint|tuitionInState|tuitionOutOfState|pellGrantRate|federalLoanRate|retentionRate
199193,North Carolina State University at Raleigh,2019,16458.0,0.8189,20311.0,NA,0.4513,1349.0,30.0,9101.0,29220.0,0.2028,0.3888,0.9441,000000000000,netPrice|graduationRate|medianDebt|medianEarnings|admissionRate|satAverage|actMidpoint|tuitionInState|tuitionOutOfState|pellGrantRate|federalLoanRate|retentionRate
199193,North Carolina State University at Raleigh,2020,16411.0,0.839,20121.0,68758.0,0.4622,1343.0,30.0,9101.0,29220.0,0.195,0.3698,0.9357,000000000000,netPrice|graduationRate|medianDebt|medianEarnings|admissionRate|satAverage|actMidpoint|tuitionInState|tuitionOutOfState|pellGrantRate|federalLoanRate|retentionRate
199193,North Carolina State University at Raleigh,2021,16239.0,0.8436,NA,NA,0.4748,1361.0,30.0,9131.0,29916.0,0.1919,0.35,0.9425,000000000000,netPrice|graduationRate|medianDebt|medianEarnings|admissionRate|satAverage|actMidpoint|tuitionInState|tuitionOutOfState|pellGrantRate|federalLoanRate|retentionRate
199193,North Carolina State University at Raleigh,2022,16563.0,0.8463,NA,NA,0.4717,1370.0,NA,9128.0,30869.0,0.1888,0.3404,0.9377,000000000000,netPrice|graduationRate|medianDebt|medianEarnings|admissionRate|satAverage|actMidpoint|tuitionInState|tuitionOutOfState|pellGrantRate|federalLoanRate|retentionRate
199193,North Carolina State University at Raleigh,2023,NA,NA,NA,NA,NA,NA,NA,NA,NA,NA,NA,NA,000000000000,netPrice|graduationRate|medianDebt|medianEarnings|admissionRate|satAverage|actMidpoint|tuitionInState|tuitionOutOfState|pellGrantRate|federalLoanRate|retentionRate
199193,North Carolina State University at Raleigh,2024,NA,NA,NA,NA,NA,NA,NA,NA,NA,NA,NA,NA,000000000000,netPrice|graduationRate|medianDebt|medianEarnings|admissionRate|satAverage|actMidpoint|tuitionInState|tuitionOutOfState|pellGrantRate|federalLoanRate|retentionRate
200217,University of Mary,2012,13290.0,0.4956,20906.0,45100.0,0.7468,1070.0,23.0,13876.0,13876.0,0.2884,0.6571,0.7147,000000000000,netPrice|graduationRate|medianDebt|medianEarnings|admissionRate|satAverage|actMidpoint|tuitionInState|tuitionOutOfState|pellGrantRate|federalLoanRate|retentionRate
200217,University of Mary,2013,15029.0,0.4858,22000.0,46200.0,0.8307,1046.0,23.0,14730.0,14730.0,0.2362,0.5882,0.7057,000000000000,netPrice|graduationRate|medianDebt|medianEarnings|admissionRate|satAverage|actMidpoint|tuitionInState|tuitionOutOfState|pellGrantRate|federalLoanRate|retentionRate
200217,University of Mary,2014,15176.0,0.4611,22500.0,48000.0,0.7865,1050.0,23.0,15665.0,15665.0,0.2402,0.6492,0.7612,000000000000,netPrice|graduationRate|medianDebt|medianEarnings|admissionRate|satAverage|actMidpoint|tuitionInState|tuitionOutOfState|pellGrantRate|federalLoanRate|retentionRate
200217,University of Mary,2015,15770.0,0.5981,22400.0,NA,0.9567,1066.0,23.0,16685.0,16685.0,0.2161,0.6125,0.7476,000000000000,netPrice|graduationRate|medianDebt|medianEarnings|admissionRate|satAverage|actMidpoint|tuitionInState|tuitionOutOfState|pellGrantRate|federalLoanRate|retentionRate
200217,University of Mary,2016,16636.0,0.5359,21000.0,NA,0.7701,1067.0,23.0,17445.0,17445.0,0.1884,0.5905,0.7975,000000000000,netPrice|graduationRate|medianDebt|medianEarnings|admissionRate|satAverage|actMidpoint|tuitionInState|tuitionOutOfState|pellGrantRate|federalLoanRate|retentionRate
200217,University of Mary,2017,17342.0,0.5374,21500.0,NA,0.7635,1160.0,24.0,18224.0,18224.0,0.188,0.5622,0.7537,000000000000,netPrice|graduationRate|medianDebt|medianEarnings|admissionRate|satAverage|actMidpoint|tuitionInState|tuitionOutOfState|pellGrantRate|federalLoanRate|retentionRate
200217,University of Mary,2018,16774.0,0.5486,22500.0,NA,0.779,1138.0,23.0,18444.0,18444.0,0.2088,0.5905,0.8169,000000000000,netPrice|graduationRate|medianDebt|medianEarnings|admissionRate|satAverage|actMidpoint|tuitionInState|tuitionOutOfState|pellGrantRate|federalLoanRate|retentionRate
200217,University of Mary,2019,17410.0,0.6009,23250.0,NA,0.7355,1169.0,24.0,19074.0,19074.0,0.1934,0.5481,0.7842,000000000000,netPrice|graduationRate|medianDebt|medianEarnings|admissionRate|satAverage|actMidpoint|tuitionInState|tuitionOutOfState|pellGrantRate|federalLoanRate|retentionRate
200217,University of Mary,2020,18572.0,0.5867,24000.0,60909.0,0.7168,1143.0,23.0,19830.0,19830.0,0.188,0.5417,0.7842,000000000000,netPrice|graduationRate|medianDebt|medianEarnings|admissionRate|satAverage|actMidpoint|tuitionInState|tuitionOutOfState|pellGrantRate|federalLoanRate|retentionRate
200217,University of Mary,2021,18859.0,0.6427,NA,NA,0.7879,1150.9204207685411,23.948679360774488,20290.0,20290.0,0.1803,0.514,0.7714,000001100000,netPrice|graduationRate|medianDebt|medianEarnings|admissionRate|satAverage|actMidpoint|tuitionInState|tuitionOutOfState|pellGrantRate|federalLoanRate|retentionRate
200217,University of Mary,2022,18191.0,0.637,NA,NA,0.8139,1195.0,NA,21062.0,21062.0,0.1784,0.4808,0.8039,000000000000,netPrice|graduationRate|medianDebt|medianEarnings|admissionRate|satAverage|actMidpoint|tuitionInState|tuitionOutOfState|pellGrantRate|federalLoanRate|retentionRate
200217,University of Mary,2023,NA,NA,NA,NA,NA,NA,NA,NA,NA,NA,NA,NA,000000000000,netPrice|graduationRate|medianDebt|medianEarnings|admissionRate|satAverage|actMidpoint|tuitionInState|tuitionOutOfState|pellGrantRate|federalLoanRate|retentionRate
200217,University of Mary,2024,NA,NA,NA,NA,NA,NA,NA,NA,NA,NA,NA,NA,000000000000,netPrice|graduationRate|medianDebt|medianEarnings|admissionRate|satAverage|actMidpoint|tuitionInState|tuitionOutOfState|pellGrantRate|federalLoanRate|retentionRate
200280,University of North Dakota,2012,16758.0,0.5428,22746.0,46400.0,0.7081,1090.0,24.0,7254.0,17170.0,0.2176,0.5568,0.7359,000000000000,netPrice|graduationRate|medianDebt|medianEarnings|admissionRate|satAverage|actMidpoint|tuitionInState|tuitionOutOfState|pellGrantRate|federalLoanRate|retentionRate
200280,University of North Dakota,2013,16520.0,0.5529,23125.0,46800.0,0.737,1090.0,24.0,7508.0,17794.0,0.2087,0.5382,0.7502,000000000000,netPrice|graduationRate|medianDebt|medianEarnings|admissionRate|satAverage|actMidpoint|tuitionInState|tuitionOutOfState|pellGrantRate|federalLoanRate|retentionRate
200280,University of North Dakota,2014,16289.0,0.5549,23250.0,48700.0,0.86,1090.0,24.0,7741.0,18409.0,0.2045,0.5067,0.797,000000000000,netPrice|graduationRate|medianDebt|medianEarnings|admissionRate|satAverage|actMidpoint|tuitionInState|tuitionOutOfState|pellGrantRate|federalLoanRate|retentionRate
200280,University of North Dakota,2015,16400.0,0.5416,24250.0,NA,0.8189,1088.0,24.0,7965.0,18899.0,0.201,0.5001,0.8112,000000000000,netPrice|graduationRate|medianDebt|medianEarnings|admissionRate|satAverage|actMidpoint|tuitionInState|tuitionOutOfState|pellGrantRate|federalLoanRate|retentionRate
200280,University of North Dakota,2016,15045.0,0.5538,24489.0,NA,0.8369,1090.0,24.0,8136.0,19290.0,0.1856,0.493,0.7969,000000000000,netPrice|graduationRate|medianDebt|medianEarnings|admissionRate|satAverage|actMidpoint|tuitionInState|tuitionOutOfState|pellGrantRate|federalLoanRate|retentionRate
200280,University of North Dakota,2017,15056.0,0.5362,23959.0,NA,0.8348,1165.0,24.0,8447.0,20047.0,0.1812,0.4858,0.8077,000000000000,netPrice|graduationRate|medianDebt|medianEarnings|admissionRate|satAverage|actMidpoint|tuitionInState|tuitionOutOfState|pellGrantRate|federalLoanRate|retentionRate
200280,University of North Dakota,2018,15970.0,0.5456,23265.0,NA,0.8221,1181.0,24.0,8695.0,20759.0,0.1869,0.4807,0.8005,000000000000,netPrice|graduationRate|medianDebt|medianEarnings|admissionRate|satAverage|actMidpoint|tuitionInState|tuitionOutOfState|pellGrantRate|federalLoanRate|retentionRate
200280,University of North Dakota,2019,15738.0,0.6102,22500.0,NA,0.8112,1147.0,23.0,9736.0,15895.0,0.1839,0.4524,0.7839,000000000000,netPrice|graduationRate|medianDebt|medianEarnings|admissionRate|satAverage|actMidpoint|tuitionInState|tuitionOutOfState|pellGrantRate|federalLoanRate|retentionRate
200280,University of North Dakota,2020,16966.0,0.6111,22057.0,63552.0,0.8675,1163.0,24.0,10276.0,14546.0,0.179,0.4574,0.8139,000000000000,netPrice|graduationRate|medianDebt|medianEarnings|admissionRate|satAverage|actMidpoint|tuitionInState|tuitionOutOfState|pellGrantRate|federalLoanRate|retentionRate
200280,University of North Dakota,2021,17424.0,0.6178,NA,NA,0.8903,1154.0,23.0,10596.0,15037.0,0.1731,0.4511,0.7661,000000000000,netPrice|graduationRate|medianDebt|medianEarnings|admissionRate|satAverage|actMidpoint|tuitionInState|tuitionOutOfState|pellGrantRate|federalLoanRate|retentionRate
200280,University of North Dakota,2022,17681.0,0.6306,NA,NA,0.8328,1158.639823220913,NA,10951.0,15570.0,0.1694,0.4286,0.7887,000001000000,netPrice|graduationRate|medianDebt|medianEarnings|admissionRate|satAverage|actMidpoint|tuitionInState|tuitionOutOfState|pellGrantRate|federalLoanRate|retentionRate
200280,University of North Dakota,2023,NA,NA,NA,NA,NA,NA,NA,NA,NA,NA,NA,NA,000000000000,netPrice|graduationRate|medianDebt|medianEarnings|admissionRate|satAverage|actMidpoint|tuitionInState|tuitionOutOfState|pellGrantRate|federalLoanRate|retentionRate
200280,University of North Dakota,2024,NA,NA,NA,NA,NA,NA,NA,NA,NA,NA,NA,NA,000000000000,netPrice|graduationRate|medianDebt|medianEarnings|admissionRate|satAverage|actMidpoint|tuitionInState|tuitionOutOfState|pellGrantRate|federalLoanRate|retentionRate
200332,North Dakota State University-Main Campus,2012,15113.0,0.5275,23821.0,46700.0,0.8355,1071.0,23.0,7353.0,17599.0,0.232,0.5864,0.7964,000000000000,netPrice|graduationRate|medianDebt|medianEarnings|admissionRate|satAverage|actMidpoint|tuitionInState|tuitionOutOfState|pellGrantRate|federalLoanRate|retentionRate
200332,North Dakota State University-Main Campus,2013,14404.0,0.5308,24087.0,46600.0,0.841,1091.0,24.0,7660.0,18242.0,0.2251,0.5629,0.7805,000000000000,netPrice|graduationRate|medianDebt|medianEarnings|admissionRate|satAverage|actMidpoint|tuitionInState|tuitionOutOfState|pellGrantRate|federalLoanRate|retentionRate
200332,North Dakota State University-Main Campus,2014,15069.0,0.5608,23500.0,48200.0,0.8274,1092.0,24.0,7940.0,18969.0,0.2143,0.5492,0.8012,000000000000,netPrice|graduationRate|medianDebt|medianEarnings|admissionRate|satAverage|actMidpoint|tuitionInState|tuitionOutOfState|pellGrantRate|federalLoanRate|retentionRate
200332,North Dakota State University-Main Campus,2015,15139.0,0.5388,23250.0,NA,0.9364,1091.0,24.0,8098.0,19392.0,0.2039,0.5316,0.7797,000000000000,netPrice|graduationRate|medianDebt|medianEarnings|admissionRate|satAverage|actMidpoint|tuitionInState|tuitionOutOfState|pellGrantRate|federalLoanRate|retentionRate
200332,North Dakota State University-Main Campus,2016,15394.0,0.555,22567.0,NA,0.928,1091.0,24.0,8327.0,19891.0,0.1961,0.5313,0.7964,000000000000,netPrice|graduationRate|medianDebt|medianEarnings|admissionRate|satAverage|actMidpoint|tuitionInState|tuitionOutOfState|pellGrantRate|federalLoanRate|retentionRate
200332,North Dakota State University-Main Campus,2017,15265.0,0.5798,22652.0,NA,0.9159,1166.0,24.0,8666.0,20692.0,0.1978,0.5376,0.7913,000000000000,netPrice|graduationRate|medianDebt|medianEarnings|admissionRate|satAverage|actMidpoint|tuitionInState|tuitionOutOfState|pellGrantRate|federalLoanRate|retentionRate
200332,North Dakota State University-Main Campus,2018,16062.0,0.5759,23250.0,NA,0.9253,1170.0,24.0,9414.0,13393.0,0.2126,0.5627,0.7892,000000000000,netPrice|graduationRate|medianDebt|medianEarnings|admissionRate|satAverage|actMidpoint|tuitionInState|tuitionOutOfState|pellGrantRate|federalLoanRate|retentionRate
200332,North Dakota State University-Main Campus,2019,16584.0,0.6032,23000.0,NA,0.9356,1169.0,24.0,9754.0,13892.0,0.2095,0.539,0.7892,000000000000,netPrice|graduationRate|medianDebt|medianEarnings|admissionRate|satAverage|actMidpoint|tuitionInState|tuitionOutOfState|pellGrantRate|federalLoanRate|retentionRate
200332,North Dakota State University-Main Campus,2020,16998.0,0.6233,23199.0,62203.0,0.941,1150.0,23.0,10168.0,14471.0,0.2049,0.5433,0.8199,000000000000,netPrice|graduationRate|medianDebt|medianEarnings|admissionRate|satAverage|actMidpoint|tuitionInState|tuitionOutOfState|pellGrantRate|federalLoanRate|retentionRate
200332,North Dakota State University-Main Campus,2021,17692.0,0.6487,NA,NA,0.9546,1151.0,23.0,10601.0,15076.0,0.1883,0.5172,0.7612,000000000000,netPrice|graduationRate|medianDebt|medianEarnings|admissionRate|satAverage|actMidpoint|tuitionInState|tuitionOutOfState|pellGrantRate|federalLoanRate|retentionRate
200332,North Dakota State University-Main Campus,2022,16875.0,0.6317,NA,NA,0.9568,1120.0,NA,10992.0,15646.0,0.1905,0.5163,0.7522,000000000000,netPrice|graduationRate|medianDebt|medianEarnings|admissionRate|satAverage|actMidpoint|tuitionInState|tuitionOutOfState|pellGrantRate|federalLoanRate|retentionRate
200332,North Dakota State University-Main Campus,2023,NA,NA,NA,NA,NA,NA,NA,NA,NA,NA,NA,NA,000000000000,netPrice|graduationRate|medianDebt|medianEarnings|admissionRate|satAverage|actMidpoint|tuitionInState|tuitionOutOfState|pellGrantRate|federalLoanRate|retentionRate
200332,North Dakota State University-Main Campus,2024,NA,NA,NA,NA,NA,NA,NA,NA,NA,NA,NA,NA,000000000000,netPrice|graduationRate|medianDebt|medianEarnings|admissionRate|satAverage|actMidpoint|tuitionInState|tuitionOutOfState|pellGrantRate|federalLoanRate|retentionRate
201885,University of Cincinnati-Main Campus,2012,21594.0,0.5496,21500.0,38900.0,0.6804,1130.0,25.0,10784.0,25816.0,0.2732,0.5617,0.8557,000000000000,netPrice|graduationRate|medianDebt|medianEarnings|admissionRate|satAverage|actMidpoint|tuitionInState|tuitionOutOfState|pellGrantRate|federalLoanRate|retentionRate
201885,University of Cincinnati-Main Campus,2013,21681.0,0.579,22250.0,39500.0,0.7325,1141.0,25.0,10784.0,25816.0,0.2658,0.5545,0.8462,000000000000,netPrice|graduationRate|medianDebt|medianEarnings|admissionRate|satAverage|actMidpoint|tuitionInState|tuitionOutOfState|pellGrantRate|federalLoanRate|retentionRate
201885,University of Cincinnati-Main Campus,2014,22054.0,0.5956,22736.0,42300.0,0.7578,1165.0,26.0,11000.0,26334.0,0.2566,0.5409,0.8628,000000000000,netPrice|graduationRate|medianDebt|medianEarnings|admissionRate|satAverage|actMidpoint|tuitionInState|tuitionOutOfState|pellGrantRate|federalLoanRate|retentionRate
201885,University of Cincinnati-Main Campus,2015,22180.0,0.6192,22941.5,NA,0.7588,1165.0,26.0,11000.0,26334.0,0.2499,0.5133,0.8829,000000000000,netPrice|graduationRate|medianDebt|medianEarnings|admissionRate|satAverage|actMidpoint|tuitionInState|tuitionOutOfState|pellGrantRate|federalLoanRate|retentionRate
201885,University of Cincinnati-Main Campus,2016,22002.0,0.6802,22500.0,NA,0.7642,1164.0,26.0,11000.0,26334.0,0.2344,0.486,0.8789,000000000000,netPrice|graduationRate|medianDebt|medianEarnings|admissionRate|satAverage|actMidpoint|tuitionInState|tuitionOutOfState|pellGrantRate|federalLoanRate|retentionRate
201885,University of Cincinnati-Main Campus,2017,23498.0,0.6886,21750.0,NA,0.7649,1230.0,26.0,11000.0,27334.0,0.2159,0.4724,0.8607,000000000000,netPrice|graduationRate|medianDebt|medianEarnings|admissionRate|satAverage|actMidpoint|tuitionInState|tuitionOutOfState|pellGrantRate|federalLoanRate|retentionRate
201885,University of Cincinnati-Main Campus,2018,22682.0,0.6802,22000.0,NA,0.7312,1269.0,27.0,11000.0,27334.0,0.2168,0.459,0.8602,000000000000,netPrice|graduationRate|medianDebt|medianEarnings|admissionRate|satAverage|actMidpoint|tuitionInState|tuitionOutOfState|pellGrantRate|federalLoanRate|retentionRate
201885,University of Cincinnati-Main Campus,2019,21843.0,0.7129,21537.0,NA,0.7667,1247.0,26.0,11660.0,26994.0,0.2165,0.4509,0.8824,000000000000,netPrice|graduationRate|medianDebt|medianEarnings|admissionRate|satAverage|actMidpoint|tuitionInState|tuitionOutOfState|pellGrantRate|federalLoanRate|retentionRate
201885,University of Cincinnati-Main Campus,2020,22415.0,0.7281,21250.0,54810.0,0.764,1245.0,26.0,12138.0,27472.0,0.2013,0.4378,0.882,000000000000,netPrice|graduationRate|medianDebt|medianEarnings|admissionRate|satAverage|actMidpoint|tuitionInState|tuitionOutOfState|pellGrantRate|federalLoanRate|retentionRate
201885,University of Cincinnati-Main Campus,2021,22114.0,0.7298,NA,NA,0.8483,1267.0,27.0,12598.0,27932.0,0.1732,0.3796,0.8654,000000000000,netPrice|graduationRate|medianDebt|medianEarnings|admissionRate|satAverage|actMidpoint|tuitionInState|tuitionOutOfState|pellGrantRate|federalLoanRate|retentionRate
201885,University of Cincinnati-Main Campus,2022,21804.0,0.7205,NA,NA,0.8622,1252.0,NA,13176.0,28540.0,0.1786,0.3771,0.8621,000000000000,netPrice|graduationRate|medianDebt|medianEarnings|admissionRate|satAverage|actMidpoint|tuitionInState|tuitionOutOfState|pellGrantRate|federalLoanRate|retentionRate
201885,University of Cincinnati-Main Campus,2023,NA,NA,NA,NA,NA,NA,NA,NA,NA,NA,NA,NA,000000000000,netPrice|graduationRate|medianDebt|medianEarnings|admissionRate|satAverage|actMidpoint|tuitionInState|tuitionOutOfState|pellGrantRate|federalLoanRate|retentionRate
201885,University of Cincinnati-Main Campus,2024,NA,NA,NA,NA,NA,NA,NA,NA,NA,NA,NA,NA,000000000000,netPrice|graduationRate|medianDebt|medianEarnings|admissionRate|satAverage|actMidpoint|tuitionInState|tuitionOutOfState|pellGrantRate|federalLoanRate|retentionRate
204796,Ohio State University-Main Campus,2012,20333.0,0.8243,20500.0,42900.0,0.64,1262.0,28.0,10037.0,25445.0,0.2372,0.4766,0.9162,000000000000,netPrice|graduationRate|medianDebt|medianEarnings|admissionRate|satAverage|actMidpoint|tuitionInState|tuitionOutOfState|pellGrantRate|federalLoanRate|retentionRate
204796,Ohio State University-Main Campus,2013,17866.0,0.8323,21500.0,43700.0,0.5553,1289.0,29.0,10037.0,25757.0,0.2224,0.4587,0.9245,000000000000,netPrice|graduationRate|medianDebt|medianEarnings|admissionRate|satAverage|actMidpoint|tuitionInState|tuitionOutOfState|pellGrantRate|federalLoanRate|retentionRate
204796,Ohio State University-Main Campus,2014,18068.0,0.835,21641.0,46100.0,0.5296,1292.0,29.0,10037.0,26537.0,0.2243,0.4401,0.9367,000000000000,netPrice|graduationRate|medianDebt|medianEarnings|admissionRate|satAverage|actMidpoint|tuitionInState|tuitionOutOfState|pellGrantRate|federalLoanRate|retentionRate
204796,Ohio State University-Main Campus,2015,18099.0,0.8316,21500.0,NA,0.4938,1295.0,29.0,10037.0,27365.0,0.2141,0.428,0.938,000000000000,netPrice|graduationRate|medianDebt|medianEarnings|admissionRate|satAverage|actMidpoint|tuitionInState|tuitionOutOfState|pellGrantRate|federalLoanRate|retentionRate
204796,Ohio State University-Main Campus,2016,17231.0,0.8367,21500.0,NA,0.5411,1296.0,29.0,10037.0,28229.0,0.2042,0.4141,0.9423,000000000000,netPrice|graduationRate|medianDebt|medianEarnings|admissionRate|satAverage|actMidpoint|tuitionInState|tuitionOutOfState|pellGrantRate|federalLoanRate|retentionRate
204796,Ohio State University-Main Campus,2017,17699.0,0.8264,20500.0,NA,0.4806,1359.0,29.0,10592.0,29696.0,0.199,0.3989,0.9422,000000000000,netPrice|graduationRate|medianDebt|medianEarnings|admissionRate|satAverage|actMidpoint|tuitionInState|tuitionOutOfState|pellGrantRate|federalLoanRate|retentionRate
204796,Ohio State University-Main Campus,2018,17704.0,0.8351,21000.0,NA,0.5197,1359.0,30.0,10726.0,30742.0,0.2033,0.3786,0.9451,000000000000,netPrice|graduationRate|medianDebt|medianEarnings|admissionRate|satAverage|actMidpoint|tuitionInState|tuitionOutOfState|pellGrantRate|federalLoanRate|retentionRate
204796,Ohio State University-Main Campus,2019,17616.0,0.8577,20500.0,NA,0.5374,1372.0,30.0,11084.0,32061.0,0.2052,0.3578,0.9408,000000000000,netPrice|graduationRate|medianDebt|medianEarnings|admissionRate|satAverage|actMidpoint|tuitionInState|tuitionOutOfState|pellGrantRate|federalLoanRate|retentionRate
204796,Ohio State University-Main Campus,2020,16845.0,0.8703,19976.0,60409.0,0.6849,1337.0,29.0,11518.0,33502.0,0.2043,0.3389,0.9381,000000000000,netPrice|graduationRate|medianDebt|medianEarnings|admissionRate|satAverage|actMidpoint|tuitionInState|tuitionOutOfState|pellGrantRate|federalLoanRate|retentionRate
204796,Ohio State University-Main Campus,2021,18623.0,0.8799,NA,NA,0.5718,1345.0,29.0,11936.0,35019.0,0.1999,0.3137,0.9396,000000000000,netPrice|graduationRate|medianDebt|medianEarnings|admissionRate|satAverage|actMidpoint|tuitionInState|tuitionOutOfState|pellGrantRate|federalLoanRate|retentionRate
204796,Ohio State University-Main Campus,2022,17953.0,0.8801,NA,NA,0.5272,1386.0,NA,12485.0,36722.0,0.2002,0.3118,0.9339,000000000000,netPrice|graduationRate|medianDebt|medianEarnings|admissionRate|satAverage|actMidpoint|tuitionInState|tuitionOutOfState|pellGrantRate|federalLoanRate|retentionRate
204796,Ohio State University-Main Campus,2023,NA,NA,NA,NA,NA,NA,NA,NA,NA,NA,NA,NA,000000000000,netPrice|graduationRate|medianDebt|medianEarnings|admissionRate|satAverage|actMidpoint|tuitionInState|tuitionOutOfState|pellGrantRate|federalLoanRate|retentionRate
204796,Ohio State University-Main Campus,2024,NA,NA,NA,NA,NA,NA,NA,NA,NA,NA,NA,NA,000000000000,netPrice|graduationRate|medianDebt|medianEarnings|admissionRate|satAverage|actMidpoint|tuitionInState|tuitionOutOfState|pellGrantRate|federalLoanRate|retentionRate
204857,Ohio University-Main Campus,2012,20003.0,0.6363,21500.0,39600.0,0.777,1089.0,24.0,10282.0,19246.0,0.2373,0.5147,0.7898,000000000000,netPrice|graduationRate|medianDebt|medianEarnings|admissionRate|satAverage|actMidpoint|tuitionInState|tuitionOutOfState|pellGrantRate|federalLoanRate|retentionRate
204857,Ohio University-Main Campus,2013,19416.0,0.6657,20833.0,39900.0,0.7295,1104.0,24.0,10446.0,19410.0,0.2339,0.518,0.7862,000000000000,netPrice|graduationRate|medianDebt|medianEarnings|admissionRate|satAverage|actMidpoint|tuitionInState|tuitionOutOfState|pellGrantRate|federalLoanRate|retentionRate
204857,Ohio University-Main Campus,2014,20351.0,0.672,20750.0,40500.0,0.7427,1106.0,24.0,10602.0,19566.0,0.2634,0.5722,0.8011,000000000000,netPrice|graduationRate|medianDebt|medianEarnings|admissionRate|satAverage|actMidpoint|tuitionInState|tuitionOutOfState|pellGrantRate|federalLoanRate|retentionRate
204857,Ohio University-Main Campus,2015,20826.0,0.6668,20500.0,NA,0.7442,1108.0,24.0,11548.0,20512.0,0.2637,0.5729,0.7916,000000000000,netPrice|graduationRate|medianDebt|medianEarnings|admissionRate|satAverage|actMidpoint|tuitionInState|tuitionOutOfState|pellGrantRate|federalLoanRate|retentionRate
204857,Ohio University-Main Campus,2016,22058.0,0.6386,20072.0,NA,0.7485,1091.0,24.0,11744.0,21208.0,0.2662,0.5697,0.815,000000000000,netPrice|graduationRate|medianDebt|medianEarnings|admissionRate|satAverage|actMidpoint|tuitionInState|tuitionOutOfState|pellGrantRate|federalLoanRate|retentionRate
204857,Ohio University-Main Campus,2017,21892.0,0.6408,20909.0,NA,0.7393,1183.0,24.0,11896.0,21360.0,0.2663,0.5762,0.8002,000000000000,netPrice|graduationRate|medianDebt|medianEarnings|admissionRate|satAverage|actMidpoint|tuitionInState|tuitionOutOfState|pellGrantRate|federalLoanRate|retentionRate
204857,Ohio University-Main Campus,2018,22453.0,0.6435,20834.0,NA,0.783,1170.0,24.0,12192.0,21656.0,0.2721,0.5789,0.8149,000000000000,netPrice|graduationRate|medianDebt|medianEarnings|admissionRate|satAverage|actMidpoint|tuitionInState|tuitionOutOfState|pellGrantRate|federalLoanRate|retentionRate
204857,Ohio University-Main Campus,2019,22906.0,0.6513,20629.0,NA,0.8207,1167.0,24.0,12612.0,22406.0,0.2416,0.5096,0.8153,000000000000,netPrice|graduationRate|medianDebt|medianEarnings|admissionRate|satAverage|actMidpoint|tuitionInState|tuitionOutOfState|pellGrantRate|federalLoanRate|retentionRate
204857,Ohio University-Main Campus,2020,23831.0,0.6612,21056.0,52581.0,0.8749,1166.0,24.0,12612.0,22406.0,0.2287,0.4977,0.8133,000000000000,netPrice|graduationRate|medianDebt|medianEarnings|admissionRate|satAverage|actMidpoint|tuitionInState|tuitionOutOfState|pellGrantRate|federalLoanRate|retentionRate
204857,Ohio University-Main Campus,2021,19695.0,0.6689,NA,NA,0.8855,1200.0,25.0,12840.0,22810.0,0.2166,0.4437,0.8131,000000000000,netPrice|graduationRate|medianDebt|medianEarnings|admissionRate|satAverage|actMidpoint|tuitionInState|tuitionOutOfState|pellGrantRate|federalLoanRate|retentionRate
204857,Ohio University-Main Campus,2022,20070.0,0.6506,NA,NA,0.8652,1188.0,NA,13352.0,23720.0,0.2135,0.4519,0.7893,000000000000,netPrice|graduationRate|medianDebt|medianEarnings|admissionRate|satAverage|actMidpoint|tuitionInState|tuitionOutOfState|pellGrantRate|federalLoanRate|retentionRate
204857,Ohio University-Main Campus,2023,NA,NA,NA,NA,NA,NA,NA,NA,NA,NA,NA,NA,000000000000,netPrice|graduationRate|medianDebt|medianEarnings|admissionRate|satAverage|actMidpoint|tuitionInState|tuitionOutOfState|pellGrantRate|federalLoanRate|retentionRate
204857,Ohio University-Main Campus,2024,NA,NA,NA,NA,NA,NA,NA,NA,NA,NA,NA,NA,000000000000,netPrice|graduationRate|medianDebt|medianEarnings|admissionRate|satAverage|actMidpoint|tuitionInState|tuitionOutOfState|pellGrantRate|federalLoanRate|retentionRate
206941,University of Central Oklahoma,2012,11773.0,0.3239,18000.0,38300.0,0.7889,1010.0,22.0,5092.0,12767.0,0.3547,0.4327,0.6456,000000000000,netPrice|graduationRate|medianDebt|medianEarnings|admissionRate|satAverage|actMidpoint|tuitionInState|tuitionOutOfState|pellGrantRate|federalLoanRate|retentionRate
206941,University of Central Oklahoma,2013,11232.0,0.3562,20000.0,38400.0,0.8398,1030.0,22.0,5437.0,13551.0,0.3496,0.4162,0.6511,000000000000,netPrice|graduationRate|medianDebt|medianEarnings|admissionRate|satAverage|actMidpoint|tuitionInState|tuitionOutOfState|pellGrantRate|federalLoanRate|retentionRate
206941,University of Central Oklahoma,2014,11216.0,0.373,20268.0,38800.0,0.9032,990.0,21.0,5806.0,14286.0,0.3498,0.4066,0.6565,000000000000,netPrice|graduationRate|medianDebt|medianEarnings|admissionRate|satAverage|actMidpoint|tuitionInState|tuitionOutOfState|pellGrantRate|federalLoanRate|retentionRate
206941,University of Central Oklahoma,2015,12141.0,0.39,20000.0,NA,0.6991,1010.0,22.0,6096.0,14972.0,0.3369,0.4031,0.6238,000000000000,netPrice|graduationRate|medianDebt|medianEarnings|admissionRate|satAverage|actMidpoint|tuitionInState|tuitionOutOfState|pellGrantRate|federalLoanRate|retentionRate
206941,University of Central Oklahoma,2016,12794.0,0.3786,20000.0,NA,0.7503,1010.0,22.0,6699.0,16460.0,0.3356,0.3896,0.611,000000000000,netPrice|graduationRate|medianDebt|medianEarnings|admissionRate|satAverage|actMidpoint|tuitionInState|tuitionOutOfState|pellGrantRate|federalLoanRate|retentionRate
206941,University of Central Oklahoma,2017,14594.0,0.3771,21000.0,NA,0.7552,1085.0,22.0,7100.0,17447.0,0.3381,0.4057,0.6388,000000000000,netPrice|graduationRate|medianDebt|medianEarnings|admissionRate|satAverage|actMidpoint|tuitionInState|tuitionOutOfState|pellGrantRate|federalLoanRate|retentionRate
206941,University of Central Oklahoma,2018,16572.0,0.3569,20500.0,NA,0.7822,1105.0,22.0,7489.0,18376.0,0.3683,0.421,0.645,000000000000,netPrice|graduationRate|medianDebt|medianEarnings|admissionRate|satAverage|actMidpoint|tuitionInState|tuitionOutOfState|pellGrantRate|federalLoanRate|retentionRate
206941,University of Central Oklahoma,2019,16562.0,0.3574,20759.0,NA,0.841,1105.0,22.0,7753.0,18640.0,0.3766,0.5109,0.6511,000000000000,netPrice|graduationRate|medianDebt|medianEarnings|admissionRate|satAverage|actMidpoint|tuitionInState|tuitionOutOfState|pellGrantRate|federalLoanRate|retentionRate
206941,University of Central Oklahoma,2020,17339.0,0.3527,21000.0,48351.0,0.8049,1085.0,21.0,7817.0,18704.0,0.3528,0.3766,0.7176,000000000000,netPrice|graduationRate|medianDebt|medianEarnings|admissionRate|satAverage|actMidpoint|tuitionInState|tuitionOutOfState|pellGrantRate|federalLoanRate|retentionRate
206941,University of Central Oklahoma,2021,17116.0,0.3698,NA,NA,0.813,1085.0,21.0,8030.0,18917.0,0.3296,0.3387,0.6681,000000000000,netPrice|graduationRate|medianDebt|medianEarnings|admissionRate|satAverage|actMidpoint|tuitionInState|tuitionOutOfState|pellGrantRate|federalLoanRate|retentionRate
206941,University of Central Oklahoma,2022,17868.0,0.3528,NA,NA,0.6994,1090.0,NA,8234.0,19121.0,0.3541,0.3366,0.6429,000000000000,netPrice|graduationRate|medianDebt|medianEarnings|admissionRate|satAverage|actMidpoint|tuitionInState|tuitionOutOfState|pellGrantRate|federalLoanRate|retentionRate
206941,University of Central Oklahoma,2023,NA,NA,NA,NA,NA,NA,NA,NA,NA,NA,NA,NA,000000000000,netPrice|graduationRate|medianDebt|medianEarnings|admissionRate|satAverage|actMidpoint|tuitionInState|tuitionOutOfState|pellGrantRate|federalLoanRate|retentionRate
206941,University of Central Oklahoma,2024,NA,NA,NA,NA,NA,NA,NA,NA,NA,NA,NA,NA,000000000000,netPrice|graduationRate|medianDebt|medianEarnings|admissionRate|satAverage|actMidpoint|tuitionInState|tuitionOutOfState|pellGrantRate|federalLoanRate|retentionRate
207388,Oklahoma State University-Main Campus,2012,14041.0,0.622,18963.0,43800.0,0.7756,1135.0,25.0,7442.0,19457.0,0.3062,0.4483,0.7898,000000000000,netPrice|graduationRate|medianDebt|medianEarnings|admissionRate|satAverage|actMidpoint|tuitionInState|tuitionOutOfState|pellGrantRate|federalLoanRate|retentionRate
207388,Oklahoma State University-Main Campus,2013,14053.0,0.5956,19500.0,44300.0,0.7602,1135.0,25.0,7442.0,20027.0,0.2914,0.4371,0.7861,000000000000,netPrice|graduationRate|medianDebt|medianEarnings|admissionRate|satAverage|actMidpoint|tuitionInState|tuitionOutOfState|pellGrantRate|federalLoanRate|retentionRate
207388,Oklahoma State University-Main Campus,2014,14408.0,0.6103,19982.5,46500.0,0.7495,1137.0,25.0,7442.0,20027.0,0.2847,0.4242,0.8087,000000000000,netPrice|graduationRate|medianDebt|medianEarnings|admissionRate|satAverage|actMidpoint|tuitionInState|tuitionOutOfState|pellGrantRate|federalLoanRate|retentionRate
207388,Oklahoma State University-Main Campus,2015,13894.0,0.6145,20500.0,NA,0.7513,1118.0,25.0,7778.0,20978.0,0.2829,0.4243,0.8055,000000000000,netPrice|graduationRate|medianDebt|medianEarnings|admissionRate|satAverage|actMidpoint|tuitionInState|tuitionOutOfState|pellGrantRate|federalLoanRate|retentionRate
207388,Oklahoma State University-Main Campus,2016,13538.0,0.6268,20750.0,NA,0.7452,1101.0,24.0,8321.0,22443.0,0.2739,0.411,0.8082,000000000000,netPrice|graduationRate|medianDebt|medianEarnings|admissionRate|satAverage|actMidpoint|tuitionInState|tuitionOutOfState|pellGrantRate|federalLoanRate|retentionRate
207388,Oklahoma State University-Main Campus,2017,14824.0,0.6199,21000.0,NA,0.7428,1206.0,25.0,8738.0,23776.0,0.2778,0.4263,0.8089,000000000000,netPrice|graduationRate|medianDebt|medianEarnings|admissionRate|satAverage|actMidpoint|tuitionInState|tuitionOutOfState|pellGrantRate|federalLoanRate|retentionRate
207388,Oklahoma State University-Main Campus,2018,14878.0,0.6129,20500.0,NA,0.7379,1209.0,25.0,9019.0,24539.0,0.2813,0.4298,0.8171,000000000000,netPrice|graduationRate|medianDebt|medianEarnings|admissionRate|satAverage|actMidpoint|tuitionInState|tuitionOutOfState|pellGrantRate|federalLoanRate|retentionRate
207388,Oklahoma State University-Main Campus,2019,14648.0,0.6462,20500.0,NA,0.6998,1209.0,25.0,9019.0,24539.0,0.2864,0.415,0.829,000000000000,netPrice|graduationRate|medianDebt|medianEarnings|admissionRate|satAverage|actMidpoint|tuitionInState|tuitionOutOfState|pellGrantRate|federalLoanRate|retentionRate
207388,Oklahoma State University-Main Campus,2020,14237.0,0.6375,20500.0,57413.0,0.6709,1186.0,25.0,9019.0,24539.0,0.2762,0.4205,0.8482,000000000000,netPrice|graduationRate|medianDebt|medianEarnings|admissionRate|satAverage|actMidpoint|tuitionInState|tuitionOutOfState|pellGrantRate|federalLoanRate|retentionRate
207388,Oklahoma State University-Main Campus,2021,13188.0,0.6551,NA,NA,0.6837,1166.0,24.0,9244.0,24764.0,0.2703,0.3852,0.8319,000000000000,netPrice|graduationRate|medianDebt|medianEarnings|admissionRate|satAverage|actMidpoint|tuitionInState|tuitionOutOfState|pellGrantRate|federalLoanRate|retentionRate
207388,Oklahoma State University-Main Campus,2022,14505.0,0.649,NA,NA,0.7063,1145.0,NA,10234.0,25754.0,0.2651,0.3805,0.833,000000000000,netPrice|graduationRate|medianDebt|medianEarnings|admissionRate|satAverage|actMidpoint|tuitionInState|tuitionOutOfState|pellGrantRate|federalLoanRate|retentionRate
207388,Oklahoma State University-Main Campus,2023,NA,NA,NA,NA,NA,NA,NA,NA,NA,NA,NA,NA,000000000000,netPrice|graduationRate|medianDebt|medianEarnings|admissionRate|satAverage|actMidpoint|tuitionInState|tuitionOutOfState|pellGrantRate|federalLoanRate|retentionRate
207388,Oklahoma State University-Main Campus,2024,NA,NA,NA,NA,NA,NA,NA,NA,NA,NA,NA,NA,000000000000,netPrice|graduationRate|medianDebt|medianEarnings|admissionRate|satAverage|actMidpoint|tuitionInState|tuitionOutOfState|pellGrantRate|federalLoanRate|retentionRate
207500,University of Oklahoma-Norman Campus,2012,15806.0,0.6642,18750.0,46700.0,0.7914,1182.0,26.0,8706.0,20343.0,0.2579,0.3972,0.8416,000000000000,netPrice|graduationRate|medianDebt|medianEarnings|admissionRate|satAverage|actMidpoint|tuitionInState|tuitionOutOfState|pellGrantRate|federalLoanRate|retentionRate
207500,University of Oklahoma-Norman Campus,2013,16526.0,0.6629,18807.0,48700.0,0.8044,1176.0,26.0,8916.0,21105.0,0.2491,0.3806,0.8395,000000000000,netPrice|graduationRate|medianDebt|medianEarnings|admissionRate|satAverage|actMidpoint|tuitionInState|tuitionOutOfState|pellGrantRate|federalLoanRate|retentionRate
207500,University of Oklahoma-Norman Campus,2014,16533.0,0.6744,19375.0,51100.0,0.8133,1189.0,26.0,9495.0,22269.0,0.2423,0.3656,0.8521,000000000000,netPrice|graduationRate|medianDebt|medianEarnings|admissionRate|satAverage|actMidpoint|tuitionInState|tuitionOutOfState|pellGrantRate|federalLoanRate|retentionRate
207500,University of Oklahoma-Norman Campus,2015,16418.0,0.6616,19708.0,NA,0.7764,1204.0,27.0,10090.0,23476.0,0.2302,0.3452,0.8615,000000000000,netPrice|graduationRate|medianDebt|medianEarnings|admissionRate|satAverage|actMidpoint|tuitionInState|tuitionOutOfState|pellGrantRate|federalLoanRate|retentionRate
207500,University of Oklahoma-Norman Campus,2016,17288.0,0.6751,20000.0,NA,0.7084,1189.0,26.0,10881.0,25203.0,0.2158,0.3473,0.9039,000000000000,netPrice|graduationRate|medianDebt|medianEarnings|admissionRate|satAverage|actMidpoint|tuitionInState|tuitionOutOfState|pellGrantRate|federalLoanRate|retentionRate
207500,University of Oklahoma-Norman Campus,2017,19254.0,0.6727,20880.0,NA,0.74,1254.0,26.0,11538.0,26919.0,0.2172,0.3471,0.9211,000000000000,netPrice|graduationRate|medianDebt|medianEarnings|admissionRate|satAverage|actMidpoint|tuitionInState|tuitionOutOfState|pellGrantRate|federalLoanRate|retentionRate
207500,University of Oklahoma-Norman Campus,2018,20780.0,0.672,21000.0,NA,0.7769,1249.0,26.0,11538.0,26919.0,0.2306,0.3632,0.9018,000000000000,netPrice|graduationRate|medianDebt|medianEarnings|admissionRate|satAverage|actMidpoint|tuitionInState|tuitionOutOfState|pellGrantRate|federalLoanRate|retentionRate
207500,University of Oklahoma-Norman Campus,2019,21145.0,0.7023,20718.0,NA,0.8041,1236.0,26.0,11763.0,27144.0,0.2321,0.3588,0.8822,000000000000,netPrice|graduationRate|medianDebt|medianEarnings|admissionRate|satAverage|actMidpoint|tuitionInState|tuitionOutOfState|pellGrantRate|federalLoanRate|retentionRate
207500,University of Oklahoma-Norman Campus,2020,21122.0,0.7209,20654.0,63126.0,0.8338,1233.0,26.0,11688.0,27069.0,0.2337,0.3462,0.8714,000000000000,netPrice|graduationRate|medianDebt|medianEarnings|admissionRate|satAverage|actMidpoint|tuitionInState|tuitionOutOfState|pellGrantRate|federalLoanRate|retentionRate
207500,University of Oklahoma-Norman Campus,2021,19867.0,0.7575,NA,NA,0.8523,1249.0,26.0,12012.0,27816.0,0.2286,0.3283,0.885,000000000000,netPrice|graduationRate|medianDebt|medianEarnings|admissionRate|satAverage|actMidpoint|tuitionInState|tuitionOutOfState|pellGrantRate|federalLoanRate|retentionRate
207500,University of Oklahoma-Norman Campus,2022,20261.0,0.7606,NA,NA,0.7292,1240.0,NA,9312.0,25880.0,0.2363,0.3208,0.8795,000000000000,netPrice|graduationRate|medianDebt|medianEarnings|admissionRate|satAverage|actMidpoint|tuitionInState|tuitionOutOfState|pellGrantRate|federalLoanRate|retentionRate
207500,University of Oklahoma-Norman Campus,2023,NA,NA,NA,NA,NA,NA,NA,NA,NA,NA,NA,NA,000000000000,netPrice|graduationRate|medianDebt|medianEarnings|admissionRate|satAverage|actMidpoint|tuitionInState|tuitionOutOfState|pellGrantRate|federalLoanRate|retentionRate
207500,University of Oklahoma-Norman Campus,2024,NA,NA,NA,NA,NA,NA,NA,NA,NA,NA,NA,NA,000000000000,netPrice|graduationRate|medianDebt|medianEarnings|admissionRate|satAverage|actMidpoint|tuitionInState|tuitionOutOfState|pellGrantRate|federalLoanRate|retentionRate
209542,Oregon State University,2012,16677.0,0.609,21366.0,46000.0,0.7765,1095.0,24.0,8138.0,22322.0,0.3392,0.5285,0.8326,000000000000,netPrice|graduationRate|medianDebt|medianEarnings|admissionRate|satAverage|actMidpoint|tuitionInState|tuitionOutOfState|pellGrantRate|federalLoanRate|retentionRate
209542,Oregon State University,2013,17420.0,0.6147,22151.0,46900.0,0.7894,1102.0,24.0,8322.0,23514.0,0.3339,0.5162,0.8415,000000000000,netPrice|graduationRate|medianDebt|medianEarnings|admissionRate|satAverage|actMidpoint|tuitionInState|tuitionOutOfState|pellGrantRate|federalLoanRate|retentionRate
209542,Oregon State University,2014,18202.0,0.6307,23000.0,49600.0,0.7776,1112.0,25.0,9122.0,26294.0,0.3168,0.5067,0.8376,000000000000,netPrice|graduationRate|medianDebt|medianEarnings|admissionRate|satAverage|actMidpoint|tuitionInState|tuitionOutOfState|pellGrantRate|federalLoanRate|retentionRate
209542,Oregon State University,2015,19020.0,0.643,23300.0,NA,0.7836,1113.0,25.0,10107.0,28767.0,0.3016,0.4827,0.8479,000000000000,netPrice|graduationRate|medianDebt|medianEarnings|admissionRate|satAverage|actMidpoint|tuitionInState|tuitionOutOfState|pellGrantRate|federalLoanRate|retentionRate
209542,Oregon State University,2016,20581.0,0.6333,23393.0,NA,0.7748,1127.0,25.0,10366.0,28846.0,0.2841,0.4702,0.8335,000000000000,netPrice|graduationRate|medianDebt|medianEarnings|admissionRate|satAverage|actMidpoint|tuitionInState|tuitionOutOfState|pellGrantRate|federalLoanRate|retentionRate
209542,Oregon State University,2017,20493.0,0.6534,22500.0,NA,0.7884,1197.0,25.0,10797.0,29457.0,0.2636,0.4498,0.8489,000000000000,netPrice|graduationRate|medianDebt|medianEarnings|admissionRate|satAverage|actMidpoint|tuitionInState|tuitionOutOfState|pellGrantRate|federalLoanRate|retentionRate
209542,Oregon State University,2018,19969.0,0.6703,22286.0,NA,0.8063,1205.0,25.0,11166.0,30141.0,0.2533,0.4299,0.8418,000000000000,netPrice|graduationRate|medianDebt|medianEarnings|admissionRate|satAverage|actMidpoint|tuitionInState|tuitionOutOfState|pellGrantRate|federalLoanRate|retentionRate
209542,Oregon State University,2019,20016.0,0.671,21793.0,NA,0.8233,1202.0,25.0,11715.0,31215.0,0.2555,0.3944,0.8539,000000000000,netPrice|graduationRate|medianDebt|medianEarnings|admissionRate|satAverage|actMidpoint|tuitionInState|tuitionOutOfState|pellGrantRate|federalLoanRate|retentionRate
209542,Oregon State University,2020,21508.0,0.6932,21221.0,64010.0,0.8221,1204.0,25.0,11858.0,31467.0,0.2299,0.3651,0.8455,000000000000,netPrice|graduationRate|medianDebt|medianEarnings|admissionRate|satAverage|actMidpoint|tuitionInState|tuitionOutOfState|pellGrantRate|federalLoanRate|retentionRate
209542,Oregon State University,2021,18010.0,0.6818,NA,NA,0.8921,1232.0,25.0,12188.0,31579.0,0.2281,0.3305,0.8675,000000000000,netPrice|graduationRate|medianDebt|medianEarnings|admissionRate|satAverage|actMidpoint|tuitionInState|tuitionOutOfState|pellGrantRate|federalLoanRate|retentionRate
209542,Oregon State University,2022,18894.0,0.7004,NA,NA,0.8253,1212.1552841118462,NA,12664.0,33439.0,0.2245,0.3255,0.8683,000001000000,netPrice|graduationRate|medianDebt|medianEarnings|admissionRate|satAverage|actMidpoint|tuitionInState|tuitionOutOfState|pellGrantRate|federalLoanRate|retentionRate
209542,Oregon State University,2023,NA,NA,NA,NA,NA,NA,NA,NA,NA,NA,NA,NA,000000000000,netPrice|graduationRate|medianDebt|medianEarnings|admissionRate|satAverage|actMidpoint|tuitionInState|tuitionOutOfState|pellGrantRate|federalLoanRate|retentionRate
209542,Oregon State University,2024,NA,NA,NA,NA,NA,NA,NA,NA,NA,NA,NA,NA,000000000000,netPrice|graduationRate|medianDebt|medianEarnings|admissionRate|satAverage|actMidpoint|tuitionInState|tuitionOutOfState|pellGrantRate|federalLoanRate|retentionRate
209551,University of Oregon,2012,15863.0,0.6733,20801.0,41700.0,0.7296,1107.0,24.0,9310.0,28660.0,0.2644,0.4446,0.8492,000000000000,netPrice|graduationRate|medianDebt|medianEarnings|admissionRate|satAverage|actMidpoint|tuitionInState|tuitionOutOfState|pellGrantRate|federalLoanRate|retentionRate
209551,University of Oregon,2013,16057.0,0.6656,21000.0,43200.0,0.7417,1108.0,25.0,9763.0,29788.0,0.2585,0.418,0.8672,000000000000,netPrice|graduationRate|medianDebt|medianEarnings|admissionRate|satAverage|actMidpoint|tuitionInState|tuitionOutOfState|pellGrantRate|federalLoanRate|retentionRate
209551,University of Oregon,2014,15487.0,0.6881,21000.0,44800.0,0.749,1116.0,25.0,9918.0,30888.0,0.2539,0.393,0.8724,000000000000,netPrice|graduationRate|medianDebt|medianEarnings|admissionRate|satAverage|actMidpoint|tuitionInState|tuitionOutOfState|pellGrantRate|federalLoanRate|retentionRate
209551,University of Oregon,2015,15769.0,0.7144,21000.0,NA,0.7422,1119.0,25.0,10289.0,32024.0,0.251,0.3815,0.8755,000000000000,netPrice|graduationRate|medianDebt|medianEarnings|admissionRate|satAverage|actMidpoint|tuitionInState|tuitionOutOfState|pellGrantRate|federalLoanRate|retentionRate
209551,University of Oregon,2016,15619.0,0.7193,20500.0,NA,0.7787,1111.0,25.0,10761.0,33441.0,0.2431,0.3818,0.8688,000000000000,netPrice|graduationRate|medianDebt|medianEarnings|admissionRate|satAverage|actMidpoint|tuitionInState|tuitionOutOfState|pellGrantRate|federalLoanRate|retentionRate
209551,University of Oregon,2017,15693.0,0.72,20767.0,NA,0.8281,1193.0,25.0,11931.0,34611.0,0.2458,0.3607,0.8619,000000000000,netPrice|graduationRate|medianDebt|medianEarnings|admissionRate|satAverage|actMidpoint|tuitionInState|tuitionOutOfState|pellGrantRate|federalLoanRate|retentionRate
209551,University of Oregon,2018,16355.0,0.7268,20500.0,NA,0.8337,1199.0,25.0,11898.0,35478.0,0.2488,0.3563,0.8521,000000000000,netPrice|graduationRate|medianDebt|medianEarnings|admissionRate|satAverage|actMidpoint|tuitionInState|tuitionOutOfState|pellGrantRate|federalLoanRate|retentionRate
209551,University of Oregon,2019,16461.0,0.7439,20500.0,NA,0.818,1210.0,25.0,12720.0,36615.0,0.256,0.3437,0.8629,000000000000,netPrice|graduationRate|medianDebt|medianEarnings|admissionRate|satAverage|actMidpoint|tuitionInState|tuitionOutOfState|pellGrantRate|federalLoanRate|retentionRate
209551,University of Oregon,2020,18047.0,0.7389,20139.0,61324.0,0.8381,1207.0,26.0,13857.0,39309.0,0.2508,0.3385,0.8423,000000000000,netPrice|graduationRate|medianDebt|medianEarnings|admissionRate|satAverage|actMidpoint|tuitionInState|tuitionOutOfState|pellGrantRate|federalLoanRate|retentionRate
209551,University of Oregon,2021,18699.0,0.7436,NA,NA,0.9342,1214.4807957506139,25.892535347331844,14421.0,40464.0,0.2452,0.319,0.8718,000001100000,netPrice|graduationRate|medianDebt|medianEarnings|admissionRate|satAverage|actMidpoint|tuitionInState|tuitionOutOfState|pellGrantRate|federalLoanRate|retentionRate
209551,University of Oregon,2022,20543.0,0.7341,NA,NA,0.8629,1271.0,NA,15054.0,41700.0,0.2341,0.3062,0.8559,000000000000,netPrice|graduationRate|medianDebt|medianEarnings|admissionRate|satAverage|actMidpoint|tuitionInState|tuitionOutOfState|pellGrantRate|federalLoanRate|retentionRate
209551,University of Oregon,2023,NA,NA,NA,NA,NA,NA,NA,NA,NA,NA,NA,NA,000000000000,netPrice|graduationRate|medianDebt|medianEarnings|admissionRate|satAverage|actMidpoint|tuitionInState|tuitionOutOfState|pellGrantRate|federalLoanRate|retentionRate
209551,University of Oregon,2024,NA,NA,NA,NA,NA,NA,NA,NA,NA,NA,NA,NA,000000000000,netPrice|graduationRate|medianDebt|medianEarnings|admissionRate|satAverage|actMidpoint|tuitionInState|tuitionOutOfState|pellGrantRate|federalLoanRate|retentionRate
209807,Portland State University,2012,13494.0,0.4131,21955.5,42100.0,0.6627,1045.0,21.866320886619736,7653.0,22863.0,0.4084,0.5308,0.7371,000000100000,netPrice|graduationRate|medianDebt|medianEarnings|admissionRate|satAverage|actMidpoint|tuitionInState|tuitionOutOfState|pellGrantRate|federalLoanRate|retentionRate
209807,Portland State University,2013,14145.0,0.417,22332.0,42900.0,0.6117,1045.0,22.016003028093202,7878.0,23088.0,0.4019,0.5297,0.7303,000000100000,netPrice|graduationRate|medianDebt|medianEarnings|admissionRate|satAverage|actMidpoint|tuitionInState|tuitionOutOfState|pellGrantRate|federalLoanRate|retentionRate
209807,Portland State University,2014,13992.0,0.4205,22250.0,44700.0,0.6933,1030.0,22.0,7794.0,23319.0,0.4065,0.5142,0.7264,000000000000,netPrice|graduationRate|medianDebt|medianEarnings|admissionRate|satAverage|actMidpoint|tuitionInState|tuitionOutOfState|pellGrantRate|federalLoanRate|retentionRate
209807,Portland State University,2015,14323.0,0.4197,22000.5,NA,0.8568,1039.0,22.0,8034.0,24009.0,0.4134,0.4659,0.7051,000000000000,netPrice|graduationRate|medianDebt|medianEarnings|admissionRate|satAverage|actMidpoint|tuitionInState|tuitionOutOfState|pellGrantRate|federalLoanRate|retentionRate
209807,Portland State University,2016,15762.0,0.4839,21969.0,NA,0.8942,1037.0,22.0,8337.0,24852.0,0.3956,0.4727,0.7427,000000000000,netPrice|graduationRate|medianDebt|medianEarnings|admissionRate|satAverage|actMidpoint|tuitionInState|tuitionOutOfState|pellGrantRate|federalLoanRate|retentionRate
209807,Portland State University,2017,14160.0,0.4894,21426.0,NA,0.9244,1105.0,22.0,8783.0,26130.0,0.3811,0.4597,0.7161,000000000000,netPrice|graduationRate|medianDebt|medianEarnings|admissionRate|satAverage|actMidpoint|tuitionInState|tuitionOutOfState|pellGrantRate|federalLoanRate|retentionRate
209807,Portland State University,2018,13856.0,0.4911,21500.0,NA,0.902,1111.0,22.0,9105.0,27437.0,0.3862,0.4237,0.756,000000000000,netPrice|graduationRate|medianDebt|medianEarnings|admissionRate|satAverage|actMidpoint|tuitionInState|tuitionOutOfState|pellGrantRate|federalLoanRate|retentionRate
209807,Portland State University,2019,13040.0,0.4812,21000.0,NA,0.958,1099.0,21.0,9579.0,28410.0,0.4088,0.4163,0.7446,000000000000,netPrice|graduationRate|medianDebt|medianEarnings|admissionRate|satAverage|actMidpoint|tuitionInState|tuitionOutOfState|pellGrantRate|federalLoanRate|retentionRate
209807,Portland State University,2020,12498.0,0.4914,20500.0,57906.0,0.9519,1084.0,21.0,10112.0,29001.0,0.3898,0.3757,0.7544,000000000000,netPrice|graduationRate|medianDebt|medianEarnings|admissionRate|satAverage|actMidpoint|tuitionInState|tuitionOutOfState|pellGrantRate|federalLoanRate|retentionRate
209807,Portland State University,2021,13334.0,0.5381,NA,NA,0.9843,1099.0,21.0,10386.0,29286.0,0.3922,0.3637,0.757,000000000000,netPrice|graduationRate|medianDebt|medianEarnings|admissionRate|satAverage|actMidpoint|tuitionInState|tuitionOutOfState|pellGrantRate|federalLoanRate|retentionRate
209807,Portland State University,2022,16281.0,0.5254,NA,NA,0.9309,1098.1294936756256,NA,10806.0,29706.0,0.3972,0.3458,0.7176,000001000000,netPrice|graduationRate|medianDebt|medianEarnings|admissionRate|satAverage|actMidpoint|tuitionInState|tuitionOutOfState|pellGrantRate|federalLoanRate|retentionRate
209807,Portland State University,2023,NA,NA,NA,NA,NA,NA,NA,NA,NA,NA,NA,NA,000000000000,netPrice|graduationRate|medianDebt|medianEarnings|admissionRate|satAverage|actMidpoint|tuitionInState|tuitionOutOfState|pellGrantRate|federalLoanRate|retentionRate
209807,Portland State University,2024,NA,NA,NA,NA,NA,NA,NA,NA,NA,NA,NA,NA,000000000000,netPrice|graduationRate|medianDebt|medianEarnings|admissionRate|satAverage|actMidpoint|tuitionInState|tuitionOutOfState|pellGrantRate|federalLoanRate|retentionRate
210571,Albright College,2012,27358.0,0.5262,27426.0,45800.0,0.4675,1057.0,23.0,35320.0,35320.0,0.3828,0.839,0.7399,000000000000,netPrice|graduationRate|medianDebt|medianEarnings|admissionRate|satAverage|actMidpoint|tuitionInState|tuitionOutOfState|pellGrantRate|federalLoanRate|retentionRate
210571,Albright College,2013,22542.0,0.5371,28000.0,44700.0,0.6231,1033.0,23.0,36660.0,36660.0,0.4075,0.8536,0.7146,000000000000,netPrice|graduationRate|medianDebt|medianEarnings|admissionRate|satAverage|actMidpoint|tuitionInState|tuitionOutOfState|pellGrantRate|federalLoanRate|retentionRate
210571,Albright College,2014,21455.0,0.5267,28000.0,46700.0,0.5007,1015.819302008297,21.684551973451743,38220.0,38220.0,0.461,0.8987,0.7649,000001100000,netPrice|graduationRate|medianDebt|medianEarnings|admissionRate|satAverage|actMidpoint|tuitionInState|tuitionOutOfState|pellGrantRate|federalLoanRate|retentionRate
210571,Albright College,2015,25179.0,0.5786,27938.0,NA,0.4917,1020.592450703947,22.21400454346315,39850.0,39850.0,0.4428,0.9055,0.7778,000001100000,netPrice|graduationRate|medianDebt|medianEarnings|admissionRate|satAverage|actMidpoint|tuitionInState|tuitionOutOfState|pellGrantRate|federalLoanRate|retentionRate
210571,Albright College,2016,24087.0,0.5423,28000.0,NA,0.5111,1025.7048888372915,22.33305905623055,41544.0,41544.0,0.4372,0.8182,0.714,000001100000,netPrice|graduationRate|medianDebt|medianEarnings|admissionRate|satAverage|actMidpoint|tuitionInState|tuitionOutOfState|pellGrantRate|federalLoanRate|retentionRate
210571,Albright College,2017,23258.0,0.5318,27000.0,NA,0.5004,1084.7647288260796,22.47941636500449,43454.0,43454.0,0.4459,0.827,0.6879,000001100000,netPrice|graduationRate|medianDebt|medianEarnings|admissionRate|satAverage|actMidpoint|tuitionInState|tuitionOutOfState|pellGrantRate|federalLoanRate|retentionRate
210571,Albright College,2018,23124.0,0.5146,27000.0,NA,0.62,1086.4646408277006,22.502191882025656,45306.0,45306.0,0.4943,0.8462,0.681,000001100000,netPrice|graduationRate|medianDebt|medianEarnings|admissionRate|satAverage|actMidpoint|tuitionInState|tuitionOutOfState|pellGrantRate|federalLoanRate|retentionRate
210571,Albright College,2019,19469.0,0.5743,27000.0,NA,0.8516,1092.7802694228988,23.00436983465823,25642.0,25642.0,0.522,0.8666,0.6922,000001100000,netPrice|graduationRate|medianDebt|medianEarnings|admissionRate|satAverage|actMidpoint|tuitionInState|tuitionOutOfState|pellGrantRate|federalLoanRate|retentionRate
210571,Albright College,2020,19427.0,0.5981,27000.0,58700.0,0.821,1098.7222450417078,23.905685929356416,26688.0,26688.0,0.5154,0.8206,0.727,000001100000,netPrice|graduationRate|medianDebt|medianEarnings|admissionRate|satAverage|actMidpoint|tuitionInState|tuitionOutOfState|pellGrantRate|federalLoanRate|retentionRate
210571,Albright College,2021,20028.0,0.4725,NA,NA,0.7631,1167.6923032710263,26.22306100303352,27678.0,27678.0,0.4958,0.7986,0.6648,000001100000,netPrice|graduationRate|medianDebt|medianEarnings|admissionRate|satAverage|actMidpoint|tuitionInState|tuitionOutOfState|pellGrantRate|federalLoanRate|retentionRate
210571,Albright College,2022,21038.0,0.4832,NA,NA,0.8487,1156.8956833857155,NA,28230.0,28230.0,0.5146,0.8217,0.6401,000001000000,netPrice|graduationRate|medianDebt|medianEarnings|admissionRate|satAverage|actMidpoint|tuitionInState|tuitionOutOfState|pellGrantRate|federalLoanRate|retentionRate
210571,Albright College,2023,NA,NA,NA,NA,NA,NA,NA,NA,NA,NA,NA,NA,000000000000,netPrice|graduationRate|medianDebt|medianEarnings|admissionRate|satAverage|actMidpoint|tuitionInState|tuitionOutOfState|pellGrantRate|federalLoanRate|retentionRate
210571,Albright College,2024,NA,NA,NA,NA,NA,NA,NA,NA,NA,NA,NA,NA,000000000000,netPrice|graduationRate|medianDebt|medianEarnings|admissionRate|satAverage|actMidpoint|tuitionInState|tuitionOutOfState|pellGrantRate|federalLoanRate|retentionRate
215293,University of Pittsburgh-Pittsburgh Campus,2012,25907.0,0.7898,25000.0,48800.0,0.5786,1266.0,28.0,16590.0,26280.0,0.1762,0.5553,0.9276,000000000000,netPrice|graduationRate|medianDebt|medianEarnings|admissionRate|satAverage|actMidpoint|tuitionInState|tuitionOutOfState|pellGrantRate|federalLoanRate|retentionRate
215293,University of Pittsburgh-Pittsburgh Campus,2013,26861.0,0.8044,26000.0,50700.0,0.5613,1258.0,28.0,17100.0,27106.0,0.1706,0.5513,0.9087,000000000000,netPrice|graduationRate|medianDebt|medianEarnings|admissionRate|satAverage|actMidpoint|tuitionInState|tuitionOutOfState|pellGrantRate|federalLoanRate|retentionRate
215293,University of Pittsburgh-Pittsburgh Campus,2014,28000.0,0.8185,26500.0,53900.0,0.5312,1275.0,29.0,17772.0,28168.0,0.1658,0.5447,0.926,000000000000,netPrice|graduationRate|medianDebt|medianEarnings|admissionRate|satAverage|actMidpoint|tuitionInState|tuitionOutOfState|pellGrantRate|federalLoanRate|retentionRate
215293,University of Pittsburgh-Pittsburgh Campus,2015,27917.0,0.8165,26809.0,NA,0.5389,1272.0,29.0,18192.0,28958.0,0.1665,0.5412,0.9152,000000000000,netPrice|graduationRate|medianDebt|medianEarnings|admissionRate|satAverage|actMidpoint|tuitionInState|tuitionOutOfState|pellGrantRate|federalLoanRate|retentionRate
215293,University of Pittsburgh-Pittsburgh Campus,2016,28261.0,0.8137,26899.0,NA,0.5541,1298.0,30.0,18618.0,29758.0,0.1614,0.5258,0.9224,000000000000,netPrice|graduationRate|medianDebt|medianEarnings|admissionRate|satAverage|actMidpoint|tuitionInState|tuitionOutOfState|pellGrantRate|federalLoanRate|retentionRate
215293,University of Pittsburgh-Pittsburgh Campus,2017,28331.0,0.8249,26000.0,NA,0.5971,1349.0,30.0,19080.0,30642.0,0.1569,0.5059,0.9266,000000000000,netPrice|graduationRate|medianDebt|medianEarnings|admissionRate|satAverage|actMidpoint|tuitionInState|tuitionOutOfState|pellGrantRate|federalLoanRate|retentionRate
215293,University of Pittsburgh-Pittsburgh Campus,2018,28758.0,0.8252,25125.0,NA,0.5927,1367.0,31.0,19080.0,32052.0,0.1594,0.5021,0.9321,000000000000,netPrice|graduationRate|medianDebt|medianEarnings|admissionRate|satAverage|actMidpoint|tuitionInState|tuitionOutOfState|pellGrantRate|federalLoanRate|retentionRate
215293,University of Pittsburgh-Pittsburgh Campus,2019,27938.0,0.8288,24550.0,NA,0.5665,1365.0,31.0,19718.0,33746.0,0.1535,0.4829,0.9282,000000000000,netPrice|graduationRate|medianDebt|medianEarnings|admissionRate|satAverage|actMidpoint|tuitionInState|tuitionOutOfState|pellGrantRate|federalLoanRate|retentionRate
215293,University of Pittsburgh-Pittsburgh Campus,2020,27058.0,0.8354,24250.0,66125.0,0.6388,1346.0,30.0,19678.0,33706.0,0.1263,0.3824,0.9343,000000000000,netPrice|graduationRate|medianDebt|medianEarnings|admissionRate|satAverage|actMidpoint|tuitionInState|tuitionOutOfState|pellGrantRate|federalLoanRate|retentionRate
215293,University of Pittsburgh-Pittsburgh Campus,2021,27926.0,0.8428,NA,NA,0.6668,1370.0,31.0,20362.0,35394.0,0.1317,0.3785,0.9339,000000000000,netPrice|graduationRate|medianDebt|medianEarnings|admissionRate|satAverage|actMidpoint|tuitionInState|tuitionOutOfState|pellGrantRate|federalLoanRate|retentionRate
215293,University of Pittsburgh-Pittsburgh Campus,2022,29187.0,0.8371,NA,NA,0.4914,1380.0,NA,21080.0,37320.0,0.1391,0.3795,0.9266,000000000000,netPrice|graduationRate|medianDebt|medianEarnings|admissionRate|satAverage|actMidpoint|tuitionInState|tuitionOutOfState|pellGrantRate|federalLoanRate|retentionRate
215293,University of Pittsburgh-Pittsburgh Campus,2023,NA,NA,NA,NA,NA,NA,NA,NA,NA,NA,NA,NA,000000000000,netPrice|graduationRate|medianDebt|medianEarnings|admissionRate|satAverage|actMidpoint|tuitionInState|tuitionOutOfState|pellGrantRate|federalLoanRate|retentionRate
215293,University of Pittsburgh-Pittsburgh Campus,2024,NA,NA,NA,NA,NA,NA,NA,NA,NA,NA,NA,NA,000000000000,netPrice|graduationRate|medianDebt|medianEarnings|admissionRate|satAverage|actMidpoint|tuitionInState|tuitionOutOfState|pellGrantRate|federalLoanRate|retentionRate
216339,Temple University,2012,21469.0,0.6585,24225.0,47200.0,0.6723,1107.0,24.0,13596.0,23422.0,0.3425,0.6633,0.8734,000000000000,netPrice|graduationRate|medianDebt|medianEarnings|admissionRate|satAverage|actMidpoint|tuitionInState|tuitionOutOfState|pellGrantRate|federalLoanRate|retentionRate
216339,Temple University,2013,21138.0,0.6632,25000.0,48600.0,0.6387,1121.0,25.0,14096.0,24122.0,0.3352,0.6583,0.8883,000000000000,netPrice|graduationRate|medianDebt|medianEarnings|admissionRate|satAverage|actMidpoint|tuitionInState|tuitionOutOfState|pellGrantRate|federalLoanRate|retentionRate
216339,Temple University,2014,19918.0,0.6918,25577.0,50500.0,0.6173,1125.0,25.0,14696.0,24722.0,0.3467,0.6599,0.8883,000000000000,netPrice|graduationRate|medianDebt|medianEarnings|admissionRate|satAverage|actMidpoint|tuitionInState|tuitionOutOfState|pellGrantRate|federalLoanRate|retentionRate
216339,Temple University,2015,20669.0,0.7064,26000.0,NA,0.5568,1129.428129007847,25.037101963277554,15188.0,25494.0,0.3419,0.6457,0.8989,000001100000,netPrice|graduationRate|medianDebt|medianEarnings|admissionRate|satAverage|actMidpoint|tuitionInState|tuitionOutOfState|pellGrantRate|federalLoanRate|retentionRate
216339,Temple University,2016,21335.0,0.7087,25500.0,NA,0.5219,1138.370693338671,25.338449175661452,16274.0,27266.0,0.3225,0.6165,0.8996,000001100000,netPrice|graduationRate|medianDebt|medianEarnings|admissionRate|satAverage|actMidpoint|tuitionInState|tuitionOutOfState|pellGrantRate|federalLoanRate|retentionRate
216339,Temple University,2017,23366.0,0.7102,24796.0,NA,0.5667,1200.6031133946988,25.477410052201144,16658.0,28418.0,0.3163,0.6172,0.8959,000001100000,netPrice|graduationRate|medianDebt|medianEarnings|admissionRate|satAverage|actMidpoint|tuitionInState|tuitionOutOfState|pellGrantRate|federalLoanRate|retentionRate
216339,Temple University,2018,23536.0,0.7282,24437.0,NA,0.5851,1200.024775928989,25.48683564744175,16970.0,29066.0,0.3043,0.6141,0.887,000001100000,netPrice|graduationRate|medianDebt|medianEarnings|admissionRate|satAverage|actMidpoint|tuitionInState|tuitionOutOfState|pellGrantRate|federalLoanRate|retentionRate
216339,Temple University,2019,23521.0,0.7374,24499.0,NA,0.6004,1205.2324363655719,25.60144978157107,16970.0,29882.0,0.3042,0.6083,0.8886,000001100000,netPrice|graduationRate|medianDebt|medianEarnings|admissionRate|satAverage|actMidpoint|tuitionInState|tuitionOutOfState|pellGrantRate|federalLoanRate|retentionRate
216339,Temple University,2020,23888.0,0.7479,24395.0,63727.0,0.7142,1203.2034886240538,26.22731605701336,16970.0,29882.0,0.2937,0.5947,0.8717,000001100000,netPrice|graduationRate|medianDebt|medianEarnings|admissionRate|satAverage|actMidpoint|tuitionInState|tuitionOutOfState|pellGrantRate|federalLoanRate|retentionRate
216339,Temple University,2021,23108.0,0.7531,NA,NA,0.7233,1242.6637490100836,27.45181671560582,17378.0,30602.0,0.2982,0.5675,0.8619,000001100000,netPrice|graduationRate|medianDebt|medianEarnings|admissionRate|satAverage|actMidpoint|tuitionInState|tuitionOutOfState|pellGrantRate|federalLoanRate|retentionRate
216339,Temple University,2022,23742.0,0.7791,NA,NA,0.797,1242.0702184644913,NA,21135.0,35608.0,0.2983,0.5791,0.8424,000001000000,netPrice|graduationRate|medianDebt|medianEarnings|admissionRate|satAverage|actMidpoint|tuitionInState|tuitionOutOfState|pellGrantRate|federalLoanRate|retentionRate
216339,Temple University,2023,NA,NA,NA,NA,NA,NA,NA,NA,NA,NA,NA,NA,000000000000,netPrice|graduationRate|medianDebt|medianEarnings|admissionRate|satAverage|actMidpoint|tuitionInState|tuitionOutOfState|pellGrantRate|federalLoanRate|retentionRate
216339,Temple University,2024,NA,NA,NA,NA,NA,NA,NA,NA,NA,NA,NA,NA,000000000000,netPrice|graduationRate|medianDebt|medianEarnings|admissionRate|satAverage|actMidpoint|tuitionInState|tuitionOutOfState|pellGrantRate|federalLoanRate|retentionRate
217156,Brown University,2012,25534.0,0.9515,15500.0,59700.0,0.096,1419.0,32.0,43758.0,43758.0,0.1451,0.2409,0.9741,000000000000,netPrice|graduationRate|medianDebt|medianEarnings|admissionRate|satAverage|actMidpoint|tuitionInState|tuitionOutOfState|pellGrantRate|federalLoanRate|retentionRate
217156,Brown University,2013,25005.0,0.9452,17000.0,63100.0,0.0918,1425.0,32.0,45612.0,45612.0,0.1444,0.2317,0.9714,000000000000,netPrice|graduationRate|medianDebt|medianEarnings|admissionRate|satAverage|actMidpoint|tuitionInState|tuitionOutOfState|pellGrantRate|federalLoanRate|retentionRate
217156,Brown University,2014,24854.0,0.9612,16149.5,67500.0,0.0874,1435.0,32.0,47434.0,47434.0,0.158,0.2291,0.9754,000000000000,netPrice|graduationRate|medianDebt|medianEarnings|admissionRate|satAverage|actMidpoint|tuitionInState|tuitionOutOfState|pellGrantRate|federalLoanRate|retentionRate
217156,Brown University,2015,27496.0,0.9597,16000.0,NA,0.0949,1457.0,33.0,49346.0,49346.0,0.1599,0.2352,0.9788,000000000000,netPrice|graduationRate|medianDebt|medianEarnings|admissionRate|satAverage|actMidpoint|tuitionInState|tuitionOutOfState|pellGrantRate|federalLoanRate|retentionRate
217156,Brown University,2016,28629.0,0.9552,16125.0,NA,0.0931,1459.0,33.0,51366.0,51366.0,0.1506,0.2267,0.9795,000000000000,netPrice|graduationRate|medianDebt|medianEarnings|admissionRate|satAverage|actMidpoint|tuitionInState|tuitionOutOfState|pellGrantRate|federalLoanRate|retentionRate
217156,Brown University,2017,30205.0,0.9514,15500.0,NA,0.0849,1494.0,33.0,53419.0,53419.0,0.1411,0.2147,0.9815,000000000000,netPrice|graduationRate|medianDebt|medianEarnings|admissionRate|satAverage|actMidpoint|tuitionInState|tuitionOutOfState|pellGrantRate|federalLoanRate|retentionRate
217156,Brown University,2018,31685.0,0.9504,15000.0,NA,0.0767,1492.0,34.0,55466.0,55466.0,0.1398,0.2285,0.9835,000000000000,netPrice|graduationRate|medianDebt|medianEarnings|admissionRate|satAverage|actMidpoint|tuitionInState|tuitionOutOfState|pellGrantRate|federalLoanRate|retentionRate
217156,Brown University,2019,29392.0,0.9564,13000.0,NA,0.0707,1511.0,34.0,58404.0,58404.0,0.1311,0.1293,0.9794,000000000000,netPrice|graduationRate|medianDebt|medianEarnings|admissionRate|satAverage|actMidpoint|tuitionInState|tuitionOutOfState|pellGrantRate|federalLoanRate|retentionRate
217156,Brown University,2020,29544.0,0.9525,11428.0,93487.0,0.0767,1508.0,34.0,60696.0,60696.0,0.1313,0.1187,0.9161,000000000000,netPrice|graduationRate|medianDebt|medianEarnings|admissionRate|satAverage|actMidpoint|tuitionInState|tuitionOutOfState|pellGrantRate|federalLoanRate|retentionRate
217156,Brown University,2021,26308.0,0.9584,NA,NA,0.0551,1517.0,34.0,62304.0,62304.0,0.1375,0.0855,0.9834,000000000000,netPrice|graduationRate|medianDebt|medianEarnings|admissionRate|satAverage|actMidpoint|tuitionInState|tuitionOutOfState|pellGrantRate|federalLoanRate|retentionRate
217156,Brown University,2022,27157.0,0.9499,NA,NA,0.0506,1547.0,NA,65146.0,65146.0,0.1305,0.0948,0.9865,000000000000,netPrice|graduationRate|medianDebt|medianEarnings|admissionRate|satAverage|actMidpoint|tuitionInState|tuitionOutOfState|pellGrantRate|federalLoanRate|retentionRate
217156,Brown University,2023,NA,NA,NA,NA,NA,NA,NA,NA,NA,NA,NA,NA,000000000000,netPrice|graduationRate|medianDebt|medianEarnings|admissionRate|satAverage|actMidpoint|tuitionInState|tuitionOutOfState|pellGrantRate|federalLoanRate|retentionRate
217156,Brown University,2024,NA,NA,NA,NA,NA,NA,NA,NA,NA,NA,NA,NA,000000000000,netPrice|graduationRate|medianDebt|medianEarnings|admissionRate|satAverage|actMidpoint|tuitionInState|tuitionOutOfState|pellGrantRate|federalLoanRate|retentionRate
217420,Rhode Island College,2012,9442.0,0.4306,19841.5,39100.0,0.7301,933.0,19.0,7598.0,18296.0,0.3905,0.5653,0.7521,000000000000,netPrice|graduationRate|medianDebt|medianEarnings|admissionRate|satAverage|actMidpoint|tuitionInState|tuitionOutOfState|pellGrantRate|federalLoanRate|retentionRate
217420,Rhode Island College,2013,9938.0,0.4292,20318.5,39600.0,0.6915,930.0,20.0,7602.0,18300.0,0.3896,0.5734,0.7746,000000000000,netPrice|graduationRate|medianDebt|medianEarnings|admissionRate|satAverage|actMidpoint|tuitionInState|tuitionOutOfState|pellGrantRate|federalLoanRate|retentionRate
217420,Rhode Island College,2014,9509.0,0.426,20500.0,41400.0,0.6545,918.0,19.0,7602.0,18300.0,0.4136,0.575,0.7863,000000000000,netPrice|graduationRate|medianDebt|medianEarnings|admissionRate|satAverage|actMidpoint|tuitionInState|tuitionOutOfState|pellGrantRate|federalLoanRate|retentionRate
217420,Rhode Island College,2015,9613.0,0.4395,20805.5,NA,0.7162,913.0,19.0,8197.0,19858.0,0.4298,0.5802,0.7631,000000000000,netPrice|graduationRate|medianDebt|medianEarnings|admissionRate|satAverage|actMidpoint|tuitionInState|tuitionOutOfState|pellGrantRate|federalLoanRate|retentionRate
217420,Rhode Island College,2016,10480.0,0.4739,20906.0,NA,0.7469,903.0,18.0,8206.0,19867.0,0.4217,0.5737,0.7433,000000000000,netPrice|graduationRate|medianDebt|medianEarnings|admissionRate|satAverage|actMidpoint|tuitionInState|tuitionOutOfState|pellGrantRate|federalLoanRate|retentionRate
217420,Rhode Island College,2017,10366.0,0.4619,21500.0,NA,0.7359,984.0,19.0,8776.0,21289.0,0.4213,0.5665,0.7463,000000000000,netPrice|graduationRate|medianDebt|medianEarnings|admissionRate|satAverage|actMidpoint|tuitionInState|tuitionOutOfState|pellGrantRate|federalLoanRate|retentionRate
217420,Rhode Island College,2018,10523.0,0.5,21363.0,NA,0.7346,994.0,18.0,8929.0,21692.0,0.4598,0.5687,0.7273,000000000000,netPrice|graduationRate|medianDebt|medianEarnings|admissionRate|satAverage|actMidpoint|tuitionInState|tuitionOutOfState|pellGrantRate|federalLoanRate|retentionRate
217420,Rhode Island College,2019,10922.0,0.4942,21002.0,NA,0.7839,980.0,18.0,9578.0,23043.0,0.4553,0.5495,0.7482,000000000000,netPrice|graduationRate|medianDebt|medianEarnings|admissionRate|satAverage|actMidpoint|tuitionInState|tuitionOutOfState|pellGrantRate|federalLoanRate|retentionRate
217420,Rhode Island College,2020,12144.0,0.459,20500.0,56318.0,0.8127,988.0,22.0,10260.0,24735.0,0.4554,0.5504,0.7563,000000000000,netPrice|graduationRate|medianDebt|medianEarnings|admissionRate|satAverage|actMidpoint|tuitionInState|tuitionOutOfState|pellGrantRate|federalLoanRate|retentionRate
217420,Rhode Island College,2021,10986.0,0.4572,NA,NA,0.8483,1001.561236922789,20.152850570168653,10702.0,25900.0,0.4368,0.5045,0.7368,000001100000,netPrice|graduationRate|medianDebt|medianEarnings|admissionRate|satAverage|actMidpoint|tuitionInState|tuitionOutOfState|pellGrantRate|federalLoanRate|retentionRate
217420,Rhode Island College,2022,12599.0,0.4389,NA,NA,0.8753,990.0,NA,10966.0,26499.0,0.4278,0.4725,0.7096,000000000000,netPrice|graduationRate|medianDebt|medianEarnings|admissionRate|satAverage|actMidpoint|tuitionInState|tuitionOutOfState|pellGrantRate|federalLoanRate|retentionRate
217420,Rhode Island College,2023,NA,NA,NA,NA,NA,NA,NA,NA,NA,NA,NA,NA,000000000000,netPrice|graduationRate|medianDebt|medianEarnings|admissionRate|satAverage|actMidpoint|tuitionInState|tuitionOutOfState|pellGrantRate|federalLoanRate|retentionRate
217420,Rhode Island College,2024,NA,NA,NA,NA,NA,NA,NA,NA,NA,NA,NA,NA,000000000000,netPrice|graduationRate|medianDebt|medianEarnings|admissionRate|satAverage|actMidpoint|tuitionInState|tuitionOutOfState|pellGrantRate|federalLoanRate|retentionRate
217484,University of Rhode Island,2012,17530.0,0.6287,21500.0,47600.0,0.8535,1060.0,24.0,12450.0,28016.0,0.2794,0.693,0.8136,000000000000,netPrice|graduationRate|medianDebt|medianEarnings|admissionRate|satAverage|actMidpoint|tuitionInState|tuitionOutOfState|pellGrantRate|federalLoanRate|retentionRate
217484,University of Rhode Island,2013,18179.0,0.6344,22500.0,49800.0,0.7871,1076.0,24.0,12450.0,28016.0,0.2674,0.7029,0.8128,000000000000,netPrice|graduationRate|medianDebt|medianEarnings|admissionRate|satAverage|actMidpoint|tuitionInState|tuitionOutOfState|pellGrantRate|federalLoanRate|retentionRate
217484,University of Rhode Island,2014,18382.0,0.5887,23000.0,52900.0,0.7681,1077.0,24.0,12506.0,28072.0,0.2728,0.6714,0.8195,000000000000,netPrice|graduationRate|medianDebt|medianEarnings|admissionRate|satAverage|actMidpoint|tuitionInState|tuitionOutOfState|pellGrantRate|federalLoanRate|retentionRate
217484,University of Rhode Island,2015,19177.0,0.6321,23250.0,NA,0.7355,1077.0,24.0,12862.0,28852.0,0.2686,0.7016,0.8391,000000000000,netPrice|graduationRate|medianDebt|medianEarnings|admissionRate|satAverage|actMidpoint|tuitionInState|tuitionOutOfState|pellGrantRate|federalLoanRate|retentionRate
217484,University of Rhode Island,2016,19216.0,0.6283,23000.0,NA,0.7276,1081.0,25.0,12884.0,28874.0,0.2613,0.7015,0.8318,000000000000,netPrice|graduationRate|medianDebt|medianEarnings|admissionRate|satAverage|actMidpoint|tuitionInState|tuitionOutOfState|pellGrantRate|federalLoanRate|retentionRate
217484,University of Rhode Island,2017,19431.0,0.656,23000.0,NA,0.7006,1152.0,25.0,13792.0,30042.0,0.2333,0.6425,0.8479,000000000000,netPrice|graduationRate|medianDebt|medianEarnings|admissionRate|satAverage|actMidpoint|tuitionInState|tuitionOutOfState|pellGrantRate|federalLoanRate|retentionRate
217484,University of Rhode Island,2018,20334.0,0.673,22602.0,NA,0.6948,1160.0,24.0,14138.0,30862.0,0.2366,0.6271,0.8255,000000000000,netPrice|graduationRate|medianDebt|medianEarnings|admissionRate|satAverage|actMidpoint|tuitionInState|tuitionOutOfState|pellGrantRate|federalLoanRate|retentionRate
217484,University of Rhode Island,2019,20607.0,0.6866,22214.0,NA,0.7477,1156.0,26.0,14566.0,31686.0,0.2377,0.6422,0.8552,000000000000,netPrice|graduationRate|medianDebt|medianEarnings|admissionRate|satAverage|actMidpoint|tuitionInState|tuitionOutOfState|pellGrantRate|federalLoanRate|retentionRate
217484,University of Rhode Island,2020,18638.0,0.7061,22250.0,69743.0,0.7551,1183.0,26.0,15004.0,32578.0,0.1895,0.4493,0.8546,000000000000,netPrice|graduationRate|medianDebt|medianEarnings|admissionRate|satAverage|actMidpoint|tuitionInState|tuitionOutOfState|pellGrantRate|federalLoanRate|retentionRate
217484,University of Rhode Island,2021,19925.0,0.7021,NA,NA,0.7646,1200.0,28.0,15332.0,33354.0,0.2244,0.487,0.852,000000000000,netPrice|graduationRate|medianDebt|medianEarnings|admissionRate|satAverage|actMidpoint|tuitionInState|tuitionOutOfState|pellGrantRate|federalLoanRate|retentionRate
217484,University of Rhode Island,2022,19694.0,0.7183,NA,NA,0.7639,1178.0,NA,15880.0,34362.0,0.2194,0.4794,0.8476,000000000000,netPrice|graduationRate|medianDebt|medianEarnings|admissionRate|satAverage|actMidpoint|tuitionInState|tuitionOutOfState|pellGrantRate|federalLoanRate|retentionRate
217484,University of Rhode Island,2023,NA,NA,NA,NA,NA,NA,NA,NA,NA,NA,NA,NA,000000000000,netPrice|graduationRate|medianDebt|medianEarnings|admissionRate|satAverage|actMidpoint|tuitionInState|tuitionOutOfState|pellGrantRate|federalLoanRate|retentionRate
217484,University of Rhode Island,2024,NA,NA,NA,NA,NA,NA,NA,NA,NA,NA,NA,NA,000000000000,netPrice|graduationRate|medianDebt|medianEarnings|admissionRate|satAverage|actMidpoint|tuitionInState|tuitionOutOfState|pellGrantRate|federalLoanRate|retentionRate
217819,College of Charleston,2012,15063.0,0.6876,20750.0,40500.0,0.7351,1146.0,24.0,9918.0,25304.0,0.2287,0.4373,0.8144,000000000000,netPrice|graduationRate|medianDebt|medianEarnings|admissionRate|satAverage|actMidpoint|tuitionInState|tuitionOutOfState|pellGrantRate|federalLoanRate|retentionRate
217819,College of Charleston,2013,15915.0,0.6448,21500.0,39700.0,0.7031,1165.0,26.0,10626.0,27090.0,0.2257,0.4288,0.8262,000000000000,netPrice|graduationRate|medianDebt|medianEarnings|admissionRate|satAverage|actMidpoint|tuitionInState|tuitionOutOfState|pellGrantRate|federalLoanRate|retentionRate
217819,College of Charleston,2014,16838.0,0.6655,22250.0,40700.0,0.7802,1137.0,25.0,10981.0,27971.0,0.2293,0.4181,0.79,000000000000,netPrice|graduationRate|medianDebt|medianEarnings|admissionRate|satAverage|actMidpoint|tuitionInState|tuitionOutOfState|pellGrantRate|federalLoanRate|retentionRate
217819,College of Charleston,2015,17826.0,0.6802,21500.0,NA,0.7715,1141.0,26.0,11322.0,28866.0,0.2264,0.4118,0.7941,000000000000,netPrice|graduationRate|medianDebt|medianEarnings|admissionRate|satAverage|actMidpoint|tuitionInState|tuitionOutOfState|pellGrantRate|federalLoanRate|retentionRate
217819,College of Charleston,2016,17894.0,0.6917,21500.0,NA,0.8413,1111.0,25.0,11805.0,29963.0,0.2276,0.4092,0.7944,000000000000,netPrice|graduationRate|medianDebt|medianEarnings|admissionRate|satAverage|actMidpoint|tuitionInState|tuitionOutOfState|pellGrantRate|federalLoanRate|retentionRate
217819,College of Charleston,2017,19311.0,0.6921,21608.0,NA,0.8045,1176.0,25.0,12422.0,30810.0,0.234,0.4293,0.7809,000000000000,netPrice|graduationRate|medianDebt|medianEarnings|admissionRate|satAverage|actMidpoint|tuitionInState|tuitionOutOfState|pellGrantRate|federalLoanRate|retentionRate
217819,College of Charleston,2018,18783.0,0.7135,22000.0,NA,0.7926,1188.0,25.0,12838.0,32020.0,0.2468,0.4303,0.7933,000000000000,netPrice|graduationRate|medianDebt|medianEarnings|admissionRate|satAverage|actMidpoint|tuitionInState|tuitionOutOfState|pellGrantRate|federalLoanRate|retentionRate
217819,College of Charleston,2019,19000.0,0.6557,23000.0,NA,0.7833,1191.0,25.0,12939.0,33269.0,0.2383,0.4193,0.811,000000000000,netPrice|graduationRate|medianDebt|medianEarnings|admissionRate|satAverage|actMidpoint|tuitionInState|tuitionOutOfState|pellGrantRate|federalLoanRate|retentionRate
217819,College of Charleston,2020,19654.0,0.6568,23250.0,56416.0,0.7432,1175.0,25.0,12978.0,33308.0,0.2214,0.3984,0.7986,000000000000,netPrice|graduationRate|medianDebt|medianEarnings|admissionRate|satAverage|actMidpoint|tuitionInState|tuitionOutOfState|pellGrantRate|federalLoanRate|retentionRate
217819,College of Charleston,2021,18394.0,0.67,NA,NA,0.7611,1211.0,26.0,12978.0,34438.0,0.2109,0.3762,0.8272,000000000000,netPrice|graduationRate|medianDebt|medianEarnings|admissionRate|satAverage|actMidpoint|tuitionInState|tuitionOutOfState|pellGrantRate|federalLoanRate|retentionRate
217819,College of Charleston,2022,18690.0,0.6466,NA,NA,0.7569,1239.0,NA,12978.0,35798.0,0.2064,0.3959,0.7989,000000000000,netPrice|graduationRate|medianDebt|medianEarnings|admissionRate|satAverage|actMidpoint|tuitionInState|tuitionOutOfState|pellGrantRate|federalLoanRate|retentionRate
217819,College of Charleston,2023,NA,NA,NA,NA,NA,NA,NA,NA,NA,NA,NA,NA,000000000000,netPrice|graduationRate|medianDebt|medianEarnings|admissionRate|satAverage|actMidpoint|tuitionInState|tuitionOutOfState|pellGrantRate|federalLoanRate|retentionRate
217819,College of Charleston,2024,NA,NA,NA,NA,NA,NA,NA,NA,NA,NA,NA,NA,000000000000,netPrice|graduationRate|medianDebt|medianEarnings|admissionRate|satAverage|actMidpoint|tuitionInState|tuitionOutOfState|pellGrantRate|federalLoanRate|retentionRate
217882,Clemson University,2012,10236.0,0.816,21500.0,50800.0,0.6328,1239.0,28.0,12674.0,29600.0,0.18,0.4198,0.9127,000000000000,netPrice|graduationRate|medianDebt|medianEarnings|admissionRate|satAverage|actMidpoint|tuitionInState|tuitionOutOfState|pellGrantRate|federalLoanRate|retentionRate
217882,Clemson University,2013,12377.0,0.8253,21500.0,50900.0,0.5787,1259.0,29.0,13054.0,30488.0,0.1782,0.4174,0.9194,000000000000,netPrice|graduationRate|medianDebt|medianEarnings|admissionRate|satAverage|actMidpoint|tuitionInState|tuitionOutOfState|pellGrantRate|federalLoanRate|retentionRate
217882,Clemson University,2014,16306.0,0.8231,21500.0,52400.0,0.5152,1261.0,29.0,13446.0,31462.0,0.1826,0.4304,0.9227,000000000000,netPrice|graduationRate|medianDebt|medianEarnings|admissionRate|satAverage|actMidpoint|tuitionInState|tuitionOutOfState|pellGrantRate|federalLoanRate|retentionRate
217882,Clemson University,2015,15885.0,0.8091,21500.0,NA,0.5127,1275.0,29.0,14272.0,33190.0,0.1834,0.4286,0.9288,000000000000,netPrice|graduationRate|medianDebt|medianEarnings|admissionRate|satAverage|actMidpoint|tuitionInState|tuitionOutOfState|pellGrantRate|federalLoanRate|retentionRate
217882,Clemson University,2016,16770.0,0.8109,21500.0,NA,0.5054,1269.0,29.0,14708.0,34590.0,0.1739,0.3967,0.9232,000000000000,netPrice|graduationRate|medianDebt|medianEarnings|admissionRate|satAverage|actMidpoint|tuitionInState|tuitionOutOfState|pellGrantRate|federalLoanRate|retentionRate
217882,Clemson University,2017,17696.0,0.821,21500.0,NA,0.4718,1338.0,29.0,15116.0,36058.0,0.1692,0.3996,0.9264,000000000000,netPrice|graduationRate|medianDebt|medianEarnings|admissionRate|satAverage|actMidpoint|tuitionInState|tuitionOutOfState|pellGrantRate|federalLoanRate|retentionRate
217882,Clemson University,2018,18252.0,0.8296,21500.0,NA,0.4719,1337.0,30.0,15374.0,37128.0,0.1721,0.3938,0.9334,000000000000,netPrice|graduationRate|medianDebt|medianEarnings|admissionRate|satAverage|actMidpoint|tuitionInState|tuitionOutOfState|pellGrantRate|federalLoanRate|retentionRate
217882,Clemson University,2019,20008.0,0.8373,21500.0,NA,0.5126,1334.0,30.0,15558.0,38550.0,0.1656,0.3853,0.9321,000000000000,netPrice|graduationRate|medianDebt|medianEarnings|admissionRate|satAverage|actMidpoint|tuitionInState|tuitionOutOfState|pellGrantRate|federalLoanRate|retentionRate
217882,Clemson University,2020,21262.0,0.8492,21500.0,71513.0,0.6194,1327.0,30.0,15558.0,38550.0,0.164,0.3734,0.9356,000000000000,netPrice|graduationRate|medianDebt|medianEarnings|admissionRate|satAverage|actMidpoint|tuitionInState|tuitionOutOfState|pellGrantRate|federalLoanRate|retentionRate
217882,Clemson University,2021,22116.0,0.8547,NA,NA,0.4922,1339.0,30.0,15558.0,38550.0,0.1483,0.3723,0.9364,000000000000,netPrice|graduationRate|medianDebt|medianEarnings|admissionRate|satAverage|actMidpoint|tuitionInState|tuitionOutOfState|pellGrantRate|federalLoanRate|retentionRate
217882,Clemson University,2022,22433.0,0.8532,NA,NA,0.4298,1341.0,NA,15558.0,39502.0,0.1467,0.3311,0.9239,000000000000,netPrice|graduationRate|medianDebt|medianEarnings|admissionRate|satAverage|actMidpoint|tuitionInState|tuitionOutOfState|pellGrantRate|federalLoanRate|retentionRate
217882,Clemson University,2023,NA,NA,NA,NA,NA,NA,NA,NA,NA,NA,NA,NA,000000000000,netPrice|graduationRate|medianDebt|medianEarnings|admissionRate|satAverage|actMidpoint|tuitionInState|tuitionOutOfState|pellGrantRate|federalLoanRate|retentionRate
217882,Clemson University,2024,NA,NA,NA,NA,NA,NA,NA,NA,NA,NA,NA,NA,000000000000,netPrice|graduationRate|medianDebt|medianEarnings|admissionRate|satAverage|actMidpoint|tuitionInState|tuitionOutOfState|pellGrantRate|federalLoanRate|retentionRate
218663,University of South Carolina-Columbia,2012,16127.0,0.7241,21500.0,42200.0,0.6312,1200.0,27.0,10488.0,27644.0,0.2447,0.4924,0.8722,000000000000,netPrice|graduationRate|medianDebt|medianEarnings|admissionRate|satAverage|actMidpoint|tuitionInState|tuitionOutOfState|pellGrantRate|federalLoanRate|retentionRate
218663,University of South Carolina-Columbia,2013,16523.0,0.7268,21500.0,43000.0,0.606,1200.0,27.0,10816.0,28528.0,0.2394,0.4922,0.8738,000000000000,netPrice|graduationRate|medianDebt|medianEarnings|admissionRate|satAverage|actMidpoint|tuitionInState|tuitionOutOfState|pellGrantRate|federalLoanRate|retentionRate
218663,University of South Carolina-Columbia,2014,17622.0,0.73,22520.0,44900.0,0.652,1217.0,27.0,11158.0,29440.0,0.2282,0.4841,0.8792,000000000000,netPrice|graduationRate|medianDebt|medianEarnings|admissionRate|satAverage|actMidpoint|tuitionInState|tuitionOutOfState|pellGrantRate|federalLoanRate|retentionRate
218663,University of South Carolina-Columbia,2015,18555.0,0.7248,23000.0,NA,0.6453,1220.0,28.0,11482.0,30298.0,0.2248,0.4813,0.8725,000000000000,netPrice|graduationRate|medianDebt|medianEarnings|admissionRate|satAverage|actMidpoint|tuitionInState|tuitionOutOfState|pellGrantRate|federalLoanRate|retentionRate
218663,University of South Carolina-Columbia,2016,19095.0,0.7322,23000.0,NA,0.6814,1228.0,28.0,11454.0,30882.0,0.2231,0.3538,0.8784,000000000000,netPrice|graduationRate|medianDebt|medianEarnings|admissionRate|satAverage|actMidpoint|tuitionInState|tuitionOutOfState|pellGrantRate|federalLoanRate|retentionRate
218663,University of South Carolina-Columbia,2017,19519.0,0.7502,22724.0,NA,0.7231,1282.0,28.0,11862.0,31962.0,0.201,0.46,0.8823,000000000000,netPrice|graduationRate|medianDebt|medianEarnings|admissionRate|satAverage|actMidpoint|tuitionInState|tuitionOutOfState|pellGrantRate|federalLoanRate|retentionRate
218663,University of South Carolina-Columbia,2018,19219.0,0.7702,22500.0,NA,0.6306,1287.0,28.0,12616.0,33298.0,0.2076,0.4643,0.8803,000000000000,netPrice|graduationRate|medianDebt|medianEarnings|admissionRate|satAverage|actMidpoint|tuitionInState|tuitionOutOfState|pellGrantRate|federalLoanRate|retentionRate
218663,University of South Carolina-Columbia,2019,20509.0,0.7677,22303.0,NA,0.6865,1289.0,28.0,12688.0,33928.0,0.1989,0.4497,0.8855,000000000000,netPrice|graduationRate|medianDebt|medianEarnings|admissionRate|satAverage|actMidpoint|tuitionInState|tuitionOutOfState|pellGrantRate|federalLoanRate|retentionRate
218663,University of South Carolina-Columbia,2020,20559.0,0.7801,21500.0,62177.0,0.6835,1268.0,28.0,12688.0,33928.0,0.1949,0.4429,0.8986,000000000000,netPrice|graduationRate|medianDebt|medianEarnings|admissionRate|satAverage|actMidpoint|tuitionInState|tuitionOutOfState|pellGrantRate|federalLoanRate|retentionRate
218663,University of South Carolina-Columbia,2021,20796.0,0.7817,NA,NA,0.6156,1286.0,29.0,12688.0,33928.0,0.1955,0.4314,0.8687,000000000000,netPrice|graduationRate|medianDebt|medianEarnings|admissionRate|satAverage|actMidpoint|tuitionInState|tuitionOutOfState|pellGrantRate|federalLoanRate|retentionRate
218663,University of South Carolina-Columbia,2022,21044.0,0.7832,NA,NA,0.6405,1304.0,NA,12688.0,33928.0,0.1919,0.4176,0.8962,000000000000,netPrice|graduationRate|medianDebt|medianEarnings|admissionRate|satAverage|actMidpoint|tuitionInState|tuitionOutOfState|pellGrantRate|federalLoanRate|retentionRate
218663,University of South Carolina-Columbia,2023,NA,NA,NA,NA,NA,NA,NA,NA,NA,NA,NA,NA,000000000000,netPrice|graduationRate|medianDebt|medianEarnings|admissionRate|satAverage|actMidpoint|tuitionInState|tuitionOutOfState|pellGrantRate|federalLoanRate|retentionRate
218663,University of South Carolina-Columbia,2024,NA,NA,NA,NA,NA,NA,NA,NA,NA,NA,NA,NA,000000000000,netPrice|graduationRate|medianDebt|medianEarnings|admissionRate|satAverage|actMidpoint|tuitionInState|tuitionOutOfState|pellGrantRate|federalLoanRate|retentionRate
219082,Dakota State University,2012,12692.0,0.4373,23000.0,37300.0,0.8881,1009.0,22.0,7212.0,9077.0,0.2437,0.4478,0.5993,000000000000,netPrice|graduationRate|medianDebt|medianEarnings|admissionRate|satAverage|actMidpoint|tuitionInState|tuitionOutOfState|pellGrantRate|federalLoanRate|retentionRate
219082,Dakota State University,2013,14431.0,0.4733,22534.0,36700.0,0.8297,1010.0,22.0,7506.0,9506.0,0.2364,0.4321,0.6926,000000000000,netPrice|graduationRate|medianDebt|medianEarnings|admissionRate|satAverage|actMidpoint|tuitionInState|tuitionOutOfState|pellGrantRate|federalLoanRate|retentionRate
219082,Dakota State University,2014,15044.0,0.407,23250.0,38700.0,0.842,1026.0,22.0,7506.0,9986.0,0.2337,0.4315,0.6486,000000000000,netPrice|graduationRate|medianDebt|medianEarnings|admissionRate|satAverage|actMidpoint|tuitionInState|tuitionOutOfState|pellGrantRate|federalLoanRate|retentionRate
219082,Dakota State University,2015,14690.0,0.3838,23500.0,NA,0.8125,1047.0,23.0,7974.0,10556.0,0.2504,0.4576,0.7366,000000000000,netPrice|graduationRate|medianDebt|medianEarnings|admissionRate|satAverage|actMidpoint|tuitionInState|tuitionOutOfState|pellGrantRate|federalLoanRate|retentionRate
219082,Dakota State University,2016,15803.0,0.3917,24446.5,NA,0.8263,1029.0,22.0,8927.0,11843.0,0.2489,0.4702,0.7156,000000000000,netPrice|graduationRate|medianDebt|medianEarnings|admissionRate|satAverage|actMidpoint|tuitionInState|tuitionOutOfState|pellGrantRate|federalLoanRate|retentionRate
219082,Dakota State University,2017,16940.0,0.3605,24957.0,NA,0.8436,1123.0,23.0,9147.0,12077.0,0.2458,0.4754,0.718,000000000000,netPrice|graduationRate|medianDebt|medianEarnings|admissionRate|satAverage|actMidpoint|tuitionInState|tuitionOutOfState|pellGrantRate|federalLoanRate|retentionRate
219082,Dakota State University,2018,17244.0,0.4688,24000.0,NA,0.8324,1145.0,23.0,9276.0,12249.0,0.2387,0.4551,0.6695,000000000000,netPrice|graduationRate|medianDebt|medianEarnings|admissionRate|satAverage|actMidpoint|tuitionInState|tuitionOutOfState|pellGrantRate|federalLoanRate|retentionRate
219082,Dakota State University,2019,17691.0,0.4301,23375.0,NA,0.774,1122.0,22.0,9536.0,12606.0,0.2178,0.4333,0.6587,000000000000,netPrice|graduationRate|medianDebt|medianEarnings|admissionRate|satAverage|actMidpoint|tuitionInState|tuitionOutOfState|pellGrantRate|federalLoanRate|retentionRate
219082,Dakota State University,2020,18630.0,0.4851,23500.0,50970.0,0.8357,1131.0,23.0,9536.0,12606.0,0.2232,0.4383,0.7143,000000000000,netPrice|graduationRate|medianDebt|medianEarnings|admissionRate|satAverage|actMidpoint|tuitionInState|tuitionOutOfState|pellGrantRate|federalLoanRate|retentionRate
219082,Dakota State University,2021,18619.0,0.4675,NA,NA,0.8561,1133.0,23.0,9633.0,12735.0,0.1993,0.4058,0.7211,000000000000,netPrice|graduationRate|medianDebt|medianEarnings|admissionRate|satAverage|actMidpoint|tuitionInState|tuitionOutOfState|pellGrantRate|federalLoanRate|retentionRate
219082,Dakota State University,2022,18356.0,0.4869,NA,NA,0.7891,1141.0,NA,9633.0,12735.0,0.1778,0.37,0.7449,000000000000,netPrice|graduationRate|medianDebt|medianEarnings|admissionRate|satAverage|actMidpoint|tuitionInState|tuitionOutOfState|pellGrantRate|federalLoanRate|retentionRate
219082,Dakota State University,2023,NA,NA,NA,NA,NA,NA,NA,NA,NA,NA,NA,NA,000000000000,netPrice|graduationRate|medianDebt|medianEarnings|admissionRate|satAverage|actMidpoint|tuitionInState|tuitionOutOfState|pellGrantRate|federalLoanRate|retentionRate
219082,Dakota State University,2024,NA,NA,NA,NA,NA,NA,NA,NA,NA,NA,NA,NA,000000000000,netPrice|graduationRate|medianDebt|medianEarnings|admissionRate|satAverage|actMidpoint|tuitionInState|tuitionOutOfState|pellGrantRate|federalLoanRate|retentionRate
219356,South Dakota State University,2012,14648.0,0.551,23539.0,40700.0,0.9166,1048.0,23.0,7404.0,9350.0,0.2866,0.6328,0.747,000000000000,netPrice|graduationRate|medianDebt|medianEarnings|admissionRate|satAverage|actMidpoint|tuitionInState|tuitionOutOfState|pellGrantRate|federalLoanRate|retentionRate
219356,South Dakota State University,2013,15538.0,0.5566,24750.0,42000.0,0.919,1050.0,23.0,7713.0,9795.0,0.2716,0.6074,0.7589,000000000000,netPrice|graduationRate|medianDebt|medianEarnings|admissionRate|satAverage|actMidpoint|tuitionInState|tuitionOutOfState|pellGrantRate|federalLoanRate|retentionRate
219356,South Dakota State University,2014,16152.0,0.5687,25000.0,44400.0,0.9201,1068.0,23.0,7713.0,10485.0,0.2596,0.5995,0.7698,000000000000,netPrice|graduationRate|medianDebt|medianEarnings|admissionRate|satAverage|actMidpoint|tuitionInState|tuitionOutOfState|pellGrantRate|federalLoanRate|retentionRate
219356,South Dakota State University,2015,21762.0,0.5414,25000.0,NA,0.917,1068.0,23.0,8172.0,11053.0,0.2463,0.5859,0.7611,000000000000,netPrice|graduationRate|medianDebt|medianEarnings|admissionRate|satAverage|actMidpoint|tuitionInState|tuitionOutOfState|pellGrantRate|federalLoanRate|retentionRate
219356,South Dakota State University,2016,21070.0,0.5304,25000.0,NA,0.9076,1069.0,23.0,8172.0,11403.0,0.2179,0.5521,0.786,000000000000,netPrice|graduationRate|medianDebt|medianEarnings|admissionRate|satAverage|actMidpoint|tuitionInState|tuitionOutOfState|pellGrantRate|federalLoanRate|retentionRate
219356,South Dakota State University,2017,19415.0,0.5492,24250.0,NA,0.9137,1144.0,23.0,8441.0,11689.0,0.2097,0.5407,0.7721,000000000000,netPrice|graduationRate|medianDebt|medianEarnings|admissionRate|satAverage|actMidpoint|tuitionInState|tuitionOutOfState|pellGrantRate|federalLoanRate|retentionRate
219356,South Dakota State University,2018,19503.0,0.5634,23502.0,NA,0.9243,1149.0,23.0,8764.0,12128.0,0.2178,0.5407,0.7591,000000000000,netPrice|graduationRate|medianDebt|medianEarnings|admissionRate|satAverage|actMidpoint|tuitionInState|tuitionOutOfState|pellGrantRate|federalLoanRate|retentionRate
219356,South Dakota State University,2019,19252.0,0.5618,23250.0,NA,0.9004,1136.0,23.0,9114.0,12589.0,0.2095,0.5219,0.7832,000000000000,netPrice|graduationRate|medianDebt|medianEarnings|admissionRate|satAverage|actMidpoint|tuitionInState|tuitionOutOfState|pellGrantRate|federalLoanRate|retentionRate
219356,South Dakota State University,2020,18578.0,0.5885,23250.0,55070.0,0.8894,1150.0,23.0,9200.0,12675.0,0.2048,0.5146,0.81,000000000000,netPrice|graduationRate|medianDebt|medianEarnings|admissionRate|satAverage|actMidpoint|tuitionInState|tuitionOutOfState|pellGrantRate|federalLoanRate|retentionRate
219356,South Dakota State University,2021,18402.0,0.5955,NA,NA,0.8743,1119.0,22.0,9299.0,12809.0,0.1846,0.4901,0.7986,000000000000,netPrice|graduationRate|medianDebt|medianEarnings|admissionRate|satAverage|actMidpoint|tuitionInState|tuitionOutOfState|pellGrantRate|federalLoanRate|retentionRate
219356,South Dakota State University,2022,18125.0,0.5926,NA,NA,0.8608,1121.0,NA,9299.0,12809.0,0.1804,0.457,0.7884,000000000000,netPrice|graduationRate|medianDebt|medianEarnings|admissionRate|satAverage|actMidpoint|tuitionInState|tuitionOutOfState|pellGrantRate|federalLoanRate|retentionRate
219356,South Dakota State University,2023,NA,NA,NA,NA,NA,NA,NA,NA,NA,NA,NA,NA,000000000000,netPrice|graduationRate|medianDebt|medianEarnings|admissionRate|satAverage|actMidpoint|tuitionInState|tuitionOutOfState|pellGrantRate|federalLoanRate|retentionRate
219356,South Dakota State University,2024,NA,NA,NA,NA,NA,NA,NA,NA,NA,NA,NA,NA,000000000000,netPrice|graduationRate|medianDebt|medianEarnings|admissionRate|satAverage|actMidpoint|tuitionInState|tuitionOutOfState|pellGrantRate|federalLoanRate|retentionRate
219471,University of South Dakota,2012,15315.0,0.4986,21016.0,39400.0,0.8856,1089.0,24.0,7704.0,9650.0,0.3028,0.604,0.7517,000000000000,netPrice|graduationRate|medianDebt|medianEarnings|admissionRate|satAverage|actMidpoint|tuitionInState|tuitionOutOfState|pellGrantRate|federalLoanRate|retentionRate
219471,University of South Dakota,2013,15442.0,0.5515,22218.0,40200.0,0.8788,1090.0,24.0,8022.0,10104.0,0.2876,0.5899,0.7649,000000000000,netPrice|graduationRate|medianDebt|medianEarnings|admissionRate|satAverage|actMidpoint|tuitionInState|tuitionOutOfState|pellGrantRate|federalLoanRate|retentionRate
219471,University of South Dakota,2014,16129.0,0.5552,23750.0,42000.0,0.8882,1044.0,23.0,8022.0,10794.0,0.275,0.5723,0.7445,000000000000,netPrice|graduationRate|medianDebt|medianEarnings|admissionRate|satAverage|actMidpoint|tuitionInState|tuitionOutOfState|pellGrantRate|federalLoanRate|retentionRate
219471,University of South Dakota,2015,16396.0,0.5242,25000.0,NA,0.7354,1049.0,23.0,8457.0,11338.0,0.2628,0.5672,0.7673,000000000000,netPrice|graduationRate|medianDebt|medianEarnings|admissionRate|satAverage|actMidpoint|tuitionInState|tuitionOutOfState|pellGrantRate|federalLoanRate|retentionRate
219471,University of South Dakota,2016,17078.0,0.5493,25000.0,NA,0.8813,1050.0,23.0,8457.0,11688.0,0.2432,0.5426,0.7584,000000000000,netPrice|graduationRate|medianDebt|medianEarnings|admissionRate|satAverage|actMidpoint|tuitionInState|tuitionOutOfState|pellGrantRate|federalLoanRate|retentionRate
219471,University of South Dakota,2017,17359.0,0.5519,25000.0,NA,0.8691,1125.0,23.0,8772.0,12019.0,0.2317,0.5265,0.7243,000000000000,netPrice|graduationRate|medianDebt|medianEarnings|admissionRate|satAverage|actMidpoint|tuitionInState|tuitionOutOfState|pellGrantRate|federalLoanRate|retentionRate
219471,University of South Dakota,2018,18075.0,0.5793,23937.0,NA,0.858,1135.0,23.0,9061.0,12425.0,0.2271,0.5161,0.7738,000000000000,netPrice|graduationRate|medianDebt|medianEarnings|admissionRate|satAverage|actMidpoint|tuitionInState|tuitionOutOfState|pellGrantRate|federalLoanRate|retentionRate
219471,University of South Dakota,2019,18555.0,0.594,23500.0,NA,0.8638,1118.0,22.0,9332.0,12807.0,0.2382,0.5192,0.7788,000000000000,netPrice|graduationRate|medianDebt|medianEarnings|admissionRate|satAverage|actMidpoint|tuitionInState|tuitionOutOfState|pellGrantRate|federalLoanRate|retentionRate
219471,University of South Dakota,2020,19389.0,0.5998,23592.0,51926.0,0.9095,1134.0,23.0,9332.0,12807.0,0.2328,0.4908,0.8077,000000000000,netPrice|graduationRate|medianDebt|medianEarnings|admissionRate|satAverage|actMidpoint|tuitionInState|tuitionOutOfState|pellGrantRate|federalLoanRate|retentionRate
219471,University of South Dakota,2021,19415.0,0.601,NA,NA,0.8701,1122.0,22.0,9432.0,12942.0,0.2034,0.4677,0.7733,000000000000,netPrice|graduationRate|medianDebt|medianEarnings|admissionRate|satAverage|actMidpoint|tuitionInState|tuitionOutOfState|pellGrantRate|federalLoanRate|retentionRate
219471,University of South Dakota,2022,19499.0,0.5722,NA,NA,0.9946,1122.0,NA,9432.0,12942.0,0.1931,0.4282,0.8176,000000000000,netPrice|graduationRate|medianDebt|medianEarnings|admissionRate|satAverage|actMidpoint|tuitionInState|tuitionOutOfState|pellGrantRate|federalLoanRate|retentionRate
219471,University of South Dakota,2023,NA,NA,NA,NA,NA,NA,NA,NA,NA,NA,NA,NA,000000000000,netPrice|graduationRate|medianDebt|medianEarnings|admissionRate|satAverage|actMidpoint|tuitionInState|tuitionOutOfState|pellGrantRate|federalLoanRate|retentionRate
219471,University of South Dakota,2024,NA,NA,NA,NA,NA,NA,NA,NA,NA,NA,NA,NA,000000000000,netPrice|graduationRate|medianDebt|medianEarnings|admissionRate|satAverage|actMidpoint|tuitionInState|tuitionOutOfState|pellGrantRate|federalLoanRate|retentionRate
220862,University of Memphis,2012,11318.0,0.3997,23250.0,35700.0,0.6242,1049.0,23.0,7904.0,22616.0,0.5163,0.6393,0.7554,000000000000,netPrice|graduationRate|medianDebt|medianEarnings|admissionRate|satAverage|actMidpoint|tuitionInState|tuitionOutOfState|pellGrantRate|federalLoanRate|retentionRate
220862,University of Memphis,2013,12258.0,0.432,24280.0,36400.0,0.6841,1031.0,22.0,8312.0,23024.0,0.471,0.6224,0.7583,000000000000,netPrice|graduationRate|medianDebt|medianEarnings|admissionRate|satAverage|actMidpoint|tuitionInState|tuitionOutOfState|pellGrantRate|federalLoanRate|retentionRate
220862,University of Memphis,2014,12661.0,0.44,24927.0,37400.0,0.474,1029.0,22.0,8619.0,20331.0,0.4663,0.6173,0.7817,000000000000,netPrice|graduationRate|medianDebt|medianEarnings|admissionRate|satAverage|actMidpoint|tuitionInState|tuitionOutOfState|pellGrantRate|federalLoanRate|retentionRate
220862,University of Memphis,2015,13353.0,0.4505,25000.0,NA,0.3978,1029.0,22.0,8903.0,20615.0,0.4741,0.6107,0.7741,000000000000,netPrice|graduationRate|medianDebt|medianEarnings|admissionRate|satAverage|actMidpoint|tuitionInState|tuitionOutOfState|pellGrantRate|federalLoanRate|retentionRate
220862,University of Memphis,2016,13306.0,0.4183,25674.5,NA,0.5668,1011.0,22.0,9125.0,20837.0,0.4573,0.5843,0.8004,000000000000,netPrice|graduationRate|medianDebt|medianEarnings|admissionRate|satAverage|actMidpoint|tuitionInState|tuitionOutOfState|pellGrantRate|federalLoanRate|retentionRate
220862,University of Memphis,2017,13921.0,0.4321,25000.0,NA,0.8482,1106.0,22.0,9317.0,21029.0,0.4552,0.5789,0.7533,000000000000,netPrice|graduationRate|medianDebt|medianEarnings|admissionRate|satAverage|actMidpoint|tuitionInState|tuitionOutOfState|pellGrantRate|federalLoanRate|retentionRate
220862,University of Memphis,2018,13048.0,0.478,25000.0,NA,0.843,1133.0,23.0,9317.0,21029.0,0.4573,0.5478,0.7611,000000000000,netPrice|graduationRate|medianDebt|medianEarnings|admissionRate|satAverage|actMidpoint|tuitionInState|tuitionOutOfState|pellGrantRate|federalLoanRate|retentionRate
220862,University of Memphis,2019,13248.0,0.532,24250.0,NA,0.8475,1134.0,23.0,9912.0,13752.0,0.4398,0.5186,0.7771,000000000000,netPrice|graduationRate|medianDebt|medianEarnings|admissionRate|satAverage|actMidpoint|tuitionInState|tuitionOutOfState|pellGrantRate|federalLoanRate|retentionRate
220862,University of Memphis,2020,13904.0,0.5154,23300.0,48458.0,0.852,1132.0,23.0,9912.0,13752.0,0.427,0.4893,0.7952,000000000000,netPrice|graduationRate|medianDebt|medianEarnings|admissionRate|satAverage|actMidpoint|tuitionInState|tuitionOutOfState|pellGrantRate|federalLoanRate|retentionRate
220862,University of Memphis,2021,14023.0,0.544,NA,NA,0.9521,1134.320095114728,23.35469653442739,10056.0,14088.0,0.4055,0.4391,0.7184,000001100000,netPrice|graduationRate|medianDebt|medianEarnings|admissionRate|satAverage|actMidpoint|tuitionInState|tuitionOutOfState|pellGrantRate|federalLoanRate|retentionRate
220862,University of Memphis,2022,13216.0,0.4826,NA,NA,0.946,1090.0,NA,10056.0,14280.0,0.4167,0.4191,0.7471,000000000000,netPrice|graduationRate|medianDebt|medianEarnings|admissionRate|satAverage|actMidpoint|tuitionInState|tuitionOutOfState|pellGrantRate|federalLoanRate|retentionRate
220862,University of Memphis,2023,NA,NA,NA,NA,NA,NA,NA,NA,NA,NA,NA,NA,000000000000,netPrice|graduationRate|medianDebt|medianEarnings|admissionRate|satAverage|actMidpoint|tuitionInState|tuitionOutOfState|pellGrantRate|federalLoanRate|retentionRate
220862,University of Memphis,2024,NA,NA,NA,NA,NA,NA,NA,NA,NA,NA,NA,NA,000000000000,netPrice|graduationRate|medianDebt|medianEarnings|admissionRate|satAverage|actMidpoint|tuitionInState|tuitionOutOfState|pellGrantRate|federalLoanRate|retentionRate
220978,Middle Tennessee State University,2012,8631.0,0.4501,19325.0,35900.0,0.6687,1009.0,22.0,7210.0,21826.0,0.4385,0.569,0.7048,000000000000,netPrice|graduationRate|medianDebt|medianEarnings|admissionRate|satAverage|actMidpoint|tuitionInState|tuitionOutOfState|pellGrantRate|federalLoanRate|retentionRate
220978,Middle Tennessee State University,2013,9169.0,0.4565,20400.0,37000.0,0.6996,1011.0,22.0,7546.0,23002.0,0.4485,0.5732,0.6838,000000000000,netPrice|graduationRate|medianDebt|medianEarnings|admissionRate|satAverage|actMidpoint|tuitionInState|tuitionOutOfState|pellGrantRate|federalLoanRate|retentionRate
220978,Middle Tennessee State University,2014,11174.0,0.462,21437.0,38700.0,0.7206,1032.0,22.0,7876.0,24124.0,0.4473,0.5668,0.706,000000000000,netPrice|graduationRate|medianDebt|medianEarnings|admissionRate|satAverage|actMidpoint|tuitionInState|tuitionOutOfState|pellGrantRate|federalLoanRate|retentionRate
220978,Middle Tennessee State University,2015,11381.0,0.4377,21500.0,NA,0.726,1031.0,22.0,8080.0,24808.0,0.4421,0.5466,0.733,000000000000,netPrice|graduationRate|medianDebt|medianEarnings|admissionRate|satAverage|actMidpoint|tuitionInState|tuitionOutOfState|pellGrantRate|federalLoanRate|retentionRate
220978,Middle Tennessee State University,2016,12173.0,0.4255,21500.0,NA,0.6861,1030.0,22.0,8280.0,25416.0,0.4158,0.521,0.7547,000000000000,netPrice|graduationRate|medianDebt|medianEarnings|admissionRate|satAverage|actMidpoint|tuitionInState|tuitionOutOfState|pellGrantRate|federalLoanRate|retentionRate
220978,Middle Tennessee State University,2017,12416.0,0.4401,22500.0,NA,0.5935,1124.0,23.0,8612.0,26348.0,0.4019,0.5009,0.7628,000000000000,netPrice|graduationRate|medianDebt|medianEarnings|admissionRate|satAverage|actMidpoint|tuitionInState|tuitionOutOfState|pellGrantRate|federalLoanRate|retentionRate
220978,Middle Tennessee State University,2018,12712.0,0.4422,21500.0,NA,0.9353,1149.0,23.0,8858.0,27098.0,0.4026,0.4812,0.7581,000000000000,netPrice|graduationRate|medianDebt|medianEarnings|admissionRate|satAverage|actMidpoint|tuitionInState|tuitionOutOfState|pellGrantRate|federalLoanRate|retentionRate
220978,Middle Tennessee State University,2019,12464.0,0.4681,20500.0,NA,0.9371,1150.0,23.0,9070.0,27742.0,0.3827,0.4493,0.7537,000000000000,netPrice|graduationRate|medianDebt|medianEarnings|admissionRate|satAverage|actMidpoint|tuitionInState|tuitionOutOfState|pellGrantRate|federalLoanRate|retentionRate
220978,Middle Tennessee State University,2020,12752.0,0.5115,20000.0,48541.0,0.942,1146.0,23.0,9070.0,27742.0,0.3684,0.4225,0.7852,000000000000,netPrice|graduationRate|medianDebt|medianEarnings|admissionRate|satAverage|actMidpoint|tuitionInState|tuitionOutOfState|pellGrantRate|federalLoanRate|retentionRate
220978,Middle Tennessee State University,2021,12553.0,0.5367,NA,NA,0.684,1133.0,23.0,9232.0,28264.0,0.3438,0.3728,0.7473,000000000000,netPrice|graduationRate|medianDebt|medianEarnings|admissionRate|satAverage|actMidpoint|tuitionInState|tuitionOutOfState|pellGrantRate|federalLoanRate|retentionRate
220978,Middle Tennessee State University,2022,13267.0,0.5459,NA,NA,0.7254,1120.0,NA,9232.0,28264.0,0.3386,0.3612,0.7606,000000000000,netPrice|graduationRate|medianDebt|medianEarnings|admissionRate|satAverage|actMidpoint|tuitionInState|tuitionOutOfState|pellGrantRate|federalLoanRate|retentionRate
220978,Middle Tennessee State University,2023,NA,NA,NA,NA,NA,NA,NA,NA,NA,NA,NA,NA,000000000000,netPrice|graduationRate|medianDebt|medianEarnings|admissionRate|satAverage|actMidpoint|tuitionInState|tuitionOutOfState|pellGrantRate|federalLoanRate|retentionRate
220978,Middle Tennessee State University,2024,NA,NA,NA,NA,NA,NA,NA,NA,NA,NA,NA,NA,000000000000,netPrice|graduationRate|medianDebt|medianEarnings|admissionRate|satAverage|actMidpoint|tuitionInState|tuitionOutOfState|pellGrantRate|federalLoanRate|retentionRate
221759,The University of Tennessee-Knoxville,2012,13623.0,0.6607,17265.5,42300.0,0.6732,1200.0,27.0,9092.0,27582.0,0.3055,0.4443,0.846,000000000000,netPrice|graduationRate|medianDebt|medianEarnings|admissionRate|satAverage|actMidpoint|tuitionInState|tuitionOutOfState|pellGrantRate|federalLoanRate|retentionRate
221759,The University of Tennessee-Knoxville,2013,14162.0,0.6754,18750.0,43400.0,0.7249,1199.0,27.0,11194.0,29684.0,0.2991,0.4396,0.8563,000000000000,netPrice|graduationRate|medianDebt|medianEarnings|admissionRate|satAverage|actMidpoint|tuitionInState|tuitionOutOfState|pellGrantRate|federalLoanRate|retentionRate
221759,The University of Tennessee-Knoxville,2014,15949.0,0.6931,19481.0,45100.0,0.7483,1198.0,27.0,11876.0,30326.0,0.3005,0.4306,0.8655,000000000000,netPrice|graduationRate|medianDebt|medianEarnings|admissionRate|satAverage|actMidpoint|tuitionInState|tuitionOutOfState|pellGrantRate|federalLoanRate|retentionRate
221759,The University of Tennessee-Knoxville,2015,18138.0,0.7034,19900.0,NA,0.763,1214.0,27.0,12436.0,30856.0,0.2942,0.4415,0.8464,000000000000,netPrice|graduationRate|medianDebt|medianEarnings|admissionRate|satAverage|actMidpoint|tuitionInState|tuitionOutOfState|pellGrantRate|federalLoanRate|retentionRate
221759,The University of Tennessee-Knoxville,2016,19076.0,0.6883,20500.0,NA,0.7722,1213.0,27.0,12724.0,31144.0,0.2901,0.4365,0.8628,000000000000,netPrice|graduationRate|medianDebt|medianEarnings|admissionRate|satAverage|actMidpoint|tuitionInState|tuitionOutOfState|pellGrantRate|federalLoanRate|retentionRate
221759,The University of Tennessee-Knoxville,2017,19335.0,0.7023,20500.0,NA,0.7697,1280.0,27.0,12970.0,31390.0,0.2712,0.4286,0.8552,000000000000,netPrice|graduationRate|medianDebt|medianEarnings|admissionRate|satAverage|actMidpoint|tuitionInState|tuitionOutOfState|pellGrantRate|federalLoanRate|retentionRate
221759,The University of Tennessee-Knoxville,2018,19142.0,0.725,20500.0,NA,0.7778,1303.0,28.0,13006.0,31426.0,0.2644,0.421,0.8677,000000000000,netPrice|graduationRate|medianDebt|medianEarnings|admissionRate|satAverage|actMidpoint|tuitionInState|tuitionOutOfState|pellGrantRate|federalLoanRate|retentionRate
221759,The University of Tennessee-Knoxville,2019,18825.0,0.7224,20500.0,NA,0.7885,1276.0,27.0,13264.0,31664.0,0.249,0.3932,0.8651,000000000000,netPrice|graduationRate|medianDebt|medianEarnings|admissionRate|satAverage|actMidpoint|tuitionInState|tuitionOutOfState|pellGrantRate|federalLoanRate|retentionRate
221759,The University of Tennessee-Knoxville,2020,18579.0,0.7112,20500.0,60249.0,0.7815,1294.0,28.0,13264.0,31664.0,0.2468,0.3762,0.8864,000000000000,netPrice|graduationRate|medianDebt|medianEarnings|admissionRate|satAverage|actMidpoint|tuitionInState|tuitionOutOfState|pellGrantRate|federalLoanRate|retentionRate
221759,The University of Tennessee-Knoxville,2021,18853.0,0.7213,NA,NA,0.7494,1303.0,28.0,13244.0,31664.0,0.24,0.3269,0.8779,000000000000,netPrice|graduationRate|medianDebt|medianEarnings|admissionRate|satAverage|actMidpoint|tuitionInState|tuitionOutOfState|pellGrantRate|federalLoanRate|retentionRate
221759,The University of Tennessee-Knoxville,2022,19400.0,0.7258,NA,NA,0.6841,1299.0,NA,13244.0,31664.0,0.2236,0.2974,0.8859,000000000000,netPrice|graduationRate|medianDebt|medianEarnings|admissionRate|satAverage|actMidpoint|tuitionInState|tuitionOutOfState|pellGrantRate|federalLoanRate|retentionRate
221759,The University of Tennessee-Knoxville,2023,NA,NA,NA,NA,NA,NA,NA,NA,NA,NA,NA,NA,000000000000,netPrice|graduationRate|medianDebt|medianEarnings|admissionRate|satAverage|actMidpoint|tuitionInState|tuitionOutOfState|pellGrantRate|federalLoanRate|retentionRate
221759,The University of Tennessee-Knoxville,2024,NA,NA,NA,NA,NA,NA,NA,NA,NA,NA,NA,NA,000000000000,netPrice|graduationRate|medianDebt|medianEarnings|admissionRate|satAverage|actMidpoint|tuitionInState|tuitionOutOfState|pellGrantRate|federalLoanRate|retentionRate
225511,University of Houston,2012,12707.0,0.4615,19000.0,48900.0,0.562,1123.0,24.0,8094.0,16518.0,0.4106,0.4539,0.8318,000000000000,netPrice|graduationRate|medianDebt|medianEarnings|admissionRate|satAverage|actMidpoint|tuitionInState|tuitionOutOfState|pellGrantRate|federalLoanRate|retentionRate
225511,University of Houston,2013,12822.0,0.4754,19368.0,49900.0,0.5841,1136.0,25.0,8401.0,16897.0,0.3879,0.4299,0.8463,000000000000,netPrice|graduationRate|medianDebt|medianEarnings|admissionRate|satAverage|actMidpoint|tuitionInState|tuitionOutOfState|pellGrantRate|federalLoanRate|retentionRate
225511,University of Houston,2014,13028.0,0.4811,19500.0,51600.0,0.6299,1139.0,25.0,8605.0,19693.0,0.3849,0.4068,0.8624,000000000000,netPrice|graduationRate|medianDebt|medianEarnings|admissionRate|satAverage|actMidpoint|tuitionInState|tuitionOutOfState|pellGrantRate|federalLoanRate|retentionRate
225511,University of Houston,2015,14134.0,0.5097,19660.0,NA,0.5972,1154.0,26.0,8759.0,20519.0,0.3838,0.3997,0.8628,000000000000,netPrice|graduationRate|medianDebt|medianEarnings|admissionRate|satAverage|actMidpoint|tuitionInState|tuitionOutOfState|pellGrantRate|federalLoanRate|retentionRate
225511,University of Houston,2016,15399.0,0.5068,19250.0,NA,0.5854,1152.0,26.0,9519.0,21711.0,0.3743,0.3974,0.8461,000000000000,netPrice|graduationRate|medianDebt|medianEarnings|admissionRate|satAverage|actMidpoint|tuitionInState|tuitionOutOfState|pellGrantRate|federalLoanRate|retentionRate
225511,University of Houston,2017,16392.0,0.5368,19000.0,NA,0.6111,1202.0,25.0,9706.0,22066.0,0.3744,0.3905,0.8487,000000000000,netPrice|graduationRate|medianDebt|medianEarnings|admissionRate|satAverage|actMidpoint|tuitionInState|tuitionOutOfState|pellGrantRate|federalLoanRate|retentionRate
225511,University of Houston,2018,16161.0,0.5946,18750.0,NA,0.6234,1220.0,25.0,8913.0,21273.0,0.3975,0.3893,0.8487,000000000000,netPrice|graduationRate|medianDebt|medianEarnings|admissionRate|satAverage|actMidpoint|tuitionInState|tuitionOutOfState|pellGrantRate|federalLoanRate|retentionRate
225511,University of Houston,2019,12838.0,0.6131,18500.0,NA,0.6498,1219.0,25.0,9221.0,21749.0,0.4051,0.3707,0.8483,000000000000,netPrice|graduationRate|medianDebt|medianEarnings|admissionRate|satAverage|actMidpoint|tuitionInState|tuitionOutOfState|pellGrantRate|federalLoanRate|retentionRate
225511,University of Houston,2020,13721.0,0.6215,18194.0,62377.0,0.6279,1216.0,25.0,9457.0,21673.0,0.4063,0.3591,0.8595,000000000000,netPrice|graduationRate|medianDebt|medianEarnings|admissionRate|satAverage|actMidpoint|tuitionInState|tuitionOutOfState|pellGrantRate|federalLoanRate|retentionRate
225511,University of Houston,2021,13798.0,0.6204,NA,NA,0.6552,1235.0,26.0,9699.0,21891.0,0.3987,0.3033,0.8514,000000000000,netPrice|graduationRate|medianDebt|medianEarnings|admissionRate|satAverage|actMidpoint|tuitionInState|tuitionOutOfState|pellGrantRate|federalLoanRate|retentionRate
225511,University of Houston,2022,13900.0,0.6308,NA,NA,0.6624,1241.0,NA,9699.0,21891.0,0.4104,0.3167,0.8453,000000000000,netPrice|graduationRate|medianDebt|medianEarnings|admissionRate|satAverage|actMidpoint|tuitionInState|tuitionOutOfState|pellGrantRate|federalLoanRate|retentionRate
225511,University of Houston,2023,NA,NA,NA,NA,NA,NA,NA,NA,NA,NA,NA,NA,000000000000,netPrice|graduationRate|medianDebt|medianEarnings|admissionRate|satAverage|actMidpoint|tuitionInState|tuitionOutOfState|pellGrantRate|federalLoanRate|retentionRate
225511,University of Houston,2024,NA,NA,NA,NA,NA,NA,NA,NA,NA,NA,NA,NA,000000000000,netPrice|graduationRate|medianDebt|medianEarnings|admissionRate|satAverage|actMidpoint|tuitionInState|tuitionOutOfState|pellGrantRate|federalLoanRate|retentionRate
228723,Texas A&M University-College Station,2012,12336.0,0.796,18500.0,53900.0,0.6688,1205.0,27.0,8506.0,25035.0,0.2165,0.3659,0.9201,000000000000,netPrice|graduationRate|medianDebt|medianEarnings|admissionRate|satAverage|actMidpoint|tuitionInState|tuitionOutOfState|pellGrantRate|federalLoanRate|retentionRate
228723,Texas A&M University-College Station,2013,10912.0,0.7908,18675.0,55500.0,0.6947,1182.0,26.0,8506.0,25126.0,0.2162,0.3511,0.9143,000000000000,netPrice|graduationRate|medianDebt|medianEarnings|admissionRate|satAverage|actMidpoint|tuitionInState|tuitionOutOfState|pellGrantRate|federalLoanRate|retentionRate
228723,Texas A&M University-College Station,2014,11315.0,0.7934,18766.5,58000.0,0.7103,1206.0,27.0,9685.0,26583.0,0.2183,0.332,0.9007,000000000000,netPrice|graduationRate|medianDebt|medianEarnings|admissionRate|satAverage|actMidpoint|tuitionInState|tuitionOutOfState|pellGrantRate|federalLoanRate|retentionRate
228723,Texas A&M University-College Station,2015,13426.0,0.7889,18750.0,NA,0.6664,1212.0,28.0,10176.0,28768.0,0.2173,0.3265,0.8979,000000000000,netPrice|graduationRate|medianDebt|medianEarnings|admissionRate|satAverage|actMidpoint|tuitionInState|tuitionOutOfState|pellGrantRate|federalLoanRate|retentionRate
228723,Texas A&M University-College Station,2016,15440.0,0.8022,18519.5,NA,0.6717,1205.0,27.0,11036.0,31214.0,0.216,0.3272,0.9064,000000000000,netPrice|graduationRate|medianDebt|medianEarnings|admissionRate|satAverage|actMidpoint|tuitionInState|tuitionOutOfState|pellGrantRate|federalLoanRate|retentionRate
228723,Texas A&M University-College Station,2017,20282.0,0.821,18500.0,NA,0.7054,1277.0,28.0,11234.0,36606.0,0.2073,0.3245,0.9166,000000000000,netPrice|graduationRate|medianDebt|medianEarnings|admissionRate|satAverage|actMidpoint|tuitionInState|tuitionOutOfState|pellGrantRate|federalLoanRate|retentionRate
228723,Texas A&M University-College Station,2018,18944.0,0.8193,18445.0,NA,0.6762,1291.0,28.0,11870.0,37495.0,0.2154,0.319,0.9203,000000000000,netPrice|graduationRate|medianDebt|medianEarnings|admissionRate|satAverage|actMidpoint|tuitionInState|tuitionOutOfState|pellGrantRate|federalLoanRate|retentionRate
228723,Texas A&M University-College Station,2019,19057.0,0.8167,18265.0,NA,0.5779,1296.0,29.0,12153.0,38602.0,0.2153,0.3054,0.9323,000000000000,netPrice|graduationRate|medianDebt|medianEarnings|admissionRate|satAverage|actMidpoint|tuitionInState|tuitionOutOfState|pellGrantRate|federalLoanRate|retentionRate
228723,Texas A&M University-College Station,2020,18919.0,0.8253,17804.0,72097.0,0.6327,1300.0,29.0,12783.0,39340.0,0.2134,0.2961,0.9439,000000000000,netPrice|graduationRate|medianDebt|medianEarnings|admissionRate|satAverage|actMidpoint|tuitionInState|tuitionOutOfState|pellGrantRate|federalLoanRate|retentionRate
228723,Texas A&M University-College Station,2021,20976.0,0.8336,NA,NA,0.6428,1275.0,28.0,13239.0,40134.0,0.204,0.273,0.9282,000000000000,netPrice|graduationRate|medianDebt|medianEarnings|admissionRate|satAverage|actMidpoint|tuitionInState|tuitionOutOfState|pellGrantRate|federalLoanRate|retentionRate
228723,Texas A&M University-College Station,2022,20257.0,0.8354,NA,NA,0.6265,1281.0,NA,13239.0,40139.0,0.197,0.2629,0.9455,000000000000,netPrice|graduationRate|medianDebt|medianEarnings|admissionRate|satAverage|actMidpoint|tuitionInState|tuitionOutOfState|pellGrantRate|federalLoanRate|retentionRate
228723,Texas A&M University-College Station,2023,NA,NA,NA,NA,NA,NA,NA,NA,NA,NA,NA,NA,000000000000,netPrice|graduationRate|medianDebt|medianEarnings|admissionRate|satAverage|actMidpoint|tuitionInState|tuitionOutOfState|pellGrantRate|federalLoanRate|retentionRate
228723,Texas A&M University-College Station,2024,NA,NA,NA,NA,NA,NA,NA,NA,NA,NA,NA,NA,000000000000,netPrice|graduationRate|medianDebt|medianEarnings|admissionRate|satAverage|actMidpoint|tuitionInState|tuitionOutOfState|pellGrantRate|federalLoanRate|retentionRate
228778,The University of Texas at Austin,2012,16616.0,0.7867,21000.0,53000.0,0.4675,1259.0,28.0,9790.0,33128.0,0.2813,0.4191,0.9323,000000000000,netPrice|graduationRate|medianDebt|medianEarnings|admissionRate|satAverage|actMidpoint|tuitionInState|tuitionOutOfState|pellGrantRate|federalLoanRate|retentionRate
228778,The University of Texas at Austin,2013,15721.0,0.7944,21500.0,54900.0,0.4019,1262.0,28.0,9798.0,33842.0,0.2683,0.4008,0.9363,000000000000,netPrice|graduationRate|medianDebt|medianEarnings|admissionRate|satAverage|actMidpoint|tuitionInState|tuitionOutOfState|pellGrantRate|federalLoanRate|retentionRate
228778,The University of Texas at Austin,2014,17152.0,0.8064,22000.0,58200.0,0.3966,1296.0,29.0,9830.0,34836.0,0.2602,0.3818,0.9445,000000000000,netPrice|graduationRate|medianDebt|medianEarnings|admissionRate|satAverage|actMidpoint|tuitionInState|tuitionOutOfState|pellGrantRate|federalLoanRate|retentionRate
228778,The University of Texas at Austin,2015,17742.0,0.7965,22182.5,NA,0.3924,1297.0,29.0,9806.0,34676.0,0.2476,0.3614,0.9547,000000000000,netPrice|graduationRate|medianDebt|medianEarnings|admissionRate|satAverage|actMidpoint|tuitionInState|tuitionOutOfState|pellGrantRate|federalLoanRate|retentionRate
228778,The University of Texas at Austin,2016,17317.0,0.8122,21500.0,NA,0.4037,1289.0,29.0,10092.0,35682.0,0.2405,0.3384,0.9514,000000000000,netPrice|graduationRate|medianDebt|medianEarnings|admissionRate|satAverage|actMidpoint|tuitionInState|tuitionOutOfState|pellGrantRate|federalLoanRate|retentionRate
228778,The University of Texas at Austin,2017,16960.0,0.8285,20000.0,NA,0.3649,1359.0,30.0,10398.0,36744.0,0.2356,0.3415,0.9455,000000000000,netPrice|graduationRate|medianDebt|medianEarnings|admissionRate|satAverage|actMidpoint|tuitionInState|tuitionOutOfState|pellGrantRate|federalLoanRate|retentionRate
228778,The University of Texas at Austin,2018,16505.0,0.8276,19630.0,NA,0.3852,1367.0,30.0,10610.0,37580.0,0.2262,0.3598,0.9495,000000000000,netPrice|graduationRate|medianDebt|medianEarnings|admissionRate|satAverage|actMidpoint|tuitionInState|tuitionOutOfState|pellGrantRate|federalLoanRate|retentionRate
228778,The University of Texas at Austin,2019,18023.0,0.8561,20250.0,NA,0.3182,1367.0,30.0,10824.0,38326.0,0.2258,0.3465,0.9569,000000000000,netPrice|graduationRate|medianDebt|medianEarnings|admissionRate|satAverage|actMidpoint|tuitionInState|tuitionOutOfState|pellGrantRate|federalLoanRate|retentionRate
228778,The University of Texas at Austin,2020,18350.0,0.8756,20500.0,75121.0,0.3195,1349.0,30.0,11448.0,40032.0,0.2225,0.3039,0.9665,000000000000,netPrice|graduationRate|medianDebt|medianEarnings|admissionRate|satAverage|actMidpoint|tuitionInState|tuitionOutOfState|pellGrantRate|federalLoanRate|retentionRate
228778,The University of Texas at Austin,2021,17519.0,0.8775,NA,NA,0.2875,1371.0,30.0,11752.0,40996.0,0.2381,0.2758,0.9643,000000000000,netPrice|graduationRate|medianDebt|medianEarnings|admissionRate|satAverage|actMidpoint|tuitionInState|tuitionOutOfState|pellGrantRate|federalLoanRate|retentionRate
228778,The University of Texas at Austin,2022,18850.0,0.8779,NA,NA,0.3135,1373.0,NA,11698.0,41070.0,0.2442,0.2677,0.953,000000000000,netPrice|graduationRate|medianDebt|medianEarnings|admissionRate|satAverage|actMidpoint|tuitionInState|tuitionOutOfState|pellGrantRate|federalLoanRate|retentionRate
228778,The University of Texas at Austin,2023,NA,NA,NA,NA,NA,NA,NA,NA,NA,NA,NA,NA,000000000000,netPrice|graduationRate|medianDebt|medianEarnings|admissionRate|satAverage|actMidpoint|tuitionInState|tuitionOutOfState|pellGrantRate|federalLoanRate|retentionRate
228778,The University of Texas at Austin,2024,NA,NA,NA,NA,NA,NA,NA,NA,NA,NA,NA,NA,000000000000,netPrice|graduationRate|medianDebt|medianEarnings|admissionRate|satAverage|actMidpoint|tuitionInState|tuitionOutOfState|pellGrantRate|federalLoanRate|retentionRate
230038,Brigham Young University,2012,11857.0,0.7742,10751.0,57200.0,0.5491,1283.0,29.0,4710.0,4710.0,0.3535,0.2014,0.8926,000000000000,netPrice|graduationRate|medianDebt|medianEarnings|admissionRate|satAverage|actMidpoint|tuitionInState|tuitionOutOfState|pellGrantRate|federalLoanRate|retentionRate
230038,Brigham Young University,2013,13070.0,0.7797,10500.0,56800.0,0.4942,1277.0,29.0,4850.0,4850.0,0.3578,0.1918,0.8461,000000000000,netPrice|graduationRate|medianDebt|medianEarnings|admissionRate|satAverage|actMidpoint|tuitionInState|tuitionOutOfState|pellGrantRate|federalLoanRate|retentionRate
230038,Brigham Young University,2014,12718.0,0.7902,11000.0,59700.0,0.47,1290.0,29.0,5000.0,5000.0,0.3702,0.1921,0.8686,000000000000,netPrice|graduationRate|medianDebt|medianEarnings|admissionRate|satAverage|actMidpoint|tuitionInState|tuitionOutOfState|pellGrantRate|federalLoanRate|retentionRate
230038,Brigham Young University,2015,12597.0,0.8041,11000.0,NA,0.4805,1290.0,29.0,5150.0,5150.0,0.3716,0.1805,0.8554,000000000000,netPrice|graduationRate|medianDebt|medianEarnings|admissionRate|satAverage|actMidpoint|tuitionInState|tuitionOutOfState|pellGrantRate|federalLoanRate|retentionRate
230038,Brigham Young University,2016,12795.0,0.8307,10802.5,NA,0.5118,1293.0,29.0,5300.0,5300.0,0.3511,0.1677,0.8972,000000000000,netPrice|graduationRate|medianDebt|medianEarnings|admissionRate|satAverage|actMidpoint|tuitionInState|tuitionOutOfState|pellGrantRate|federalLoanRate|retentionRate
230038,Brigham Young University,2017,12974.0,0.827,12100.0,NA,0.524,1364.0,30.0,5460.0,5460.0,0.3643,0.1571,0.9003,000000000000,netPrice|graduationRate|medianDebt|medianEarnings|admissionRate|satAverage|actMidpoint|tuitionInState|tuitionOutOfState|pellGrantRate|federalLoanRate|retentionRate
230038,Brigham Young University,2018,13181.0,0.8644,12000.0,NA,0.6447,1324.0,29.0,5620.0,5620.0,0.3748,0.1478,0.8801,000000000000,netPrice|graduationRate|medianDebt|medianEarnings|admissionRate|satAverage|actMidpoint|tuitionInState|tuitionOutOfState|pellGrantRate|federalLoanRate|retentionRate
230038,Brigham Young University,2019,13322.0,0.7787,11500.0,NA,0.6749,1326.0,29.0,5790.0,5790.0,0.3649,0.14,0.9035,000000000000,netPrice|graduationRate|medianDebt|medianEarnings|admissionRate|satAverage|actMidpoint|tuitionInState|tuitionOutOfState|pellGrantRate|federalLoanRate|retentionRate
230038,Brigham Young University,2020,13474.0,0.7545,11069.0,75790.0,0.6925,1335.0,29.0,5970.0,5970.0,0.3522,0.1342,0.9164,000000000000,netPrice|graduationRate|medianDebt|medianEarnings|admissionRate|satAverage|actMidpoint|tuitionInState|tuitionOutOfState|pellGrantRate|federalLoanRate|retentionRate
230038,Brigham Young University,2021,13522.0,0.7675,NA,NA,0.5918,1342.0,29.0,6120.0,6120.0,0.3232,0.1144,0.8921,000000000000,netPrice|graduationRate|medianDebt|medianEarnings|admissionRate|satAverage|actMidpoint|tuitionInState|tuitionOutOfState|pellGrantRate|federalLoanRate|retentionRate
230038,Brigham Young University,2022,13565.0,0.7865,NA,NA,0.6667,1376.0,NA,6304.0,6304.0,0.3239,0.1075,0.8977,000000000000,netPrice|graduationRate|medianDebt|medianEarnings|admissionRate|satAverage|actMidpoint|tuitionInState|tuitionOutOfState|pellGrantRate|federalLoanRate|retentionRate
230038,Brigham Young University,2023,NA,NA,NA,NA,NA,NA,NA,NA,NA,NA,NA,NA,000000000000,netPrice|graduationRate|medianDebt|medianEarnings|admissionRate|satAverage|actMidpoint|tuitionInState|tuitionOutOfState|pellGrantRate|federalLoanRate|retentionRate
230038,Brigham Young University,2024,NA,NA,NA,NA,NA,NA,NA,NA,NA,NA,NA,NA,000000000000,netPrice|graduationRate|medianDebt|medianEarnings|admissionRate|satAverage|actMidpoint|tuitionInState|tuitionOutOfState|pellGrantRate|federalLoanRate|retentionRate
230603,Southern Utah University,2012,14255.0,0.4495,11000.0,38100.0,0.5733,1066.0,23.0,5576.0,16984.0,0.4135,0.5678,0.6574,000000000000,netPrice|graduationRate|medianDebt|medianEarnings|admissionRate|satAverage|actMidpoint|tuitionInState|tuitionOutOfState|pellGrantRate|federalLoanRate|retentionRate
230603,Southern Utah University,2013,14336.0,0.526,11500.0,38400.0,0.5709,1066.0,23.0,5924.0,17902.0,0.3843,0.5257,0.6473,000000000000,netPrice|graduationRate|medianDebt|medianEarnings|admissionRate|satAverage|actMidpoint|tuitionInState|tuitionOutOfState|pellGrantRate|federalLoanRate|retentionRate
230603,Southern Utah University,2014,12951.0,0.5036,12000.0,39800.0,0.6103,1063.0,23.0,6138.0,18596.0,0.3943,0.3447,0.6554,000000000000,netPrice|graduationRate|medianDebt|medianEarnings|admissionRate|satAverage|actMidpoint|tuitionInState|tuitionOutOfState|pellGrantRate|federalLoanRate|retentionRate
230603,Southern Utah University,2015,14434.0,0.4378,11750.0,NA,0.7214,1078.0,24.0,6300.0,19132.0,0.3827,0.5133,0.6429,000000000000,netPrice|graduationRate|medianDebt|medianEarnings|admissionRate|satAverage|actMidpoint|tuitionInState|tuitionOutOfState|pellGrantRate|federalLoanRate|retentionRate
230603,Southern Utah University,2016,13858.0,0.4923,11000.0,NA,0.7228,1065.0,23.0,6530.0,19810.0,0.3294,0.3306,0.6934,000000000000,netPrice|graduationRate|medianDebt|medianEarnings|admissionRate|satAverage|actMidpoint|tuitionInState|tuitionOutOfState|pellGrantRate|federalLoanRate|retentionRate
230603,Southern Utah University,2017,14376.0,0.4677,11437.0,NA,0.758,1156.0,24.0,6676.0,20288.0,0.3294,0.4577,0.7109,000000000000,netPrice|graduationRate|medianDebt|medianEarnings|admissionRate|satAverage|actMidpoint|tuitionInState|tuitionOutOfState|pellGrantRate|federalLoanRate|retentionRate
230603,Southern Utah University,2018,14284.0,0.4926,12700.0,NA,0.7918,1183.0,24.0,6770.0,20586.0,0.4552,0.8586,0.7282,000000000000,netPrice|graduationRate|medianDebt|medianEarnings|admissionRate|satAverage|actMidpoint|tuitionInState|tuitionOutOfState|pellGrantRate|federalLoanRate|retentionRate
230603,Southern Utah University,2019,14285.0,0.501,13085.0,NA,0.7835,1135.0,24.0,6770.0,20586.0,0.3092,0.4606,0.7362,000000000000,netPrice|graduationRate|medianDebt|medianEarnings|admissionRate|satAverage|actMidpoint|tuitionInState|tuitionOutOfState|pellGrantRate|federalLoanRate|retentionRate
230603,Southern Utah University,2020,13578.0,0.4552,12500.0,50296.0,0.7556,1183.0,24.0,6770.0,20586.0,0.284,0.4653,0.7233,000000000000,netPrice|graduationRate|medianDebt|medianEarnings|admissionRate|satAverage|actMidpoint|tuitionInState|tuitionOutOfState|pellGrantRate|federalLoanRate|retentionRate
230603,Southern Utah University,2021,13095.0,0.5472,NA,NA,0.8873,1149.0,23.0,6726.0,20542.0,0.2682,0.526,0.7346,000000000000,netPrice|graduationRate|medianDebt|medianEarnings|admissionRate|satAverage|actMidpoint|tuitionInState|tuitionOutOfState|pellGrantRate|federalLoanRate|retentionRate
230603,Southern Utah University,2022,11645.0,0.5792,NA,NA,0.8385,1176.591816693758,NA,6770.0,20586.0,0.2562,0.1771,0.7102,000001000000,netPrice|graduationRate|medianDebt|medianEarnings|admissionRate|satAverage|actMidpoint|tuitionInState|tuitionOutOfState|pellGrantRate|federalLoanRate|retentionRate
230603,Southern Utah University,2023,NA,NA,NA,NA,NA,NA,NA,NA,NA,NA,NA,NA,000000000000,netPrice|graduationRate|medianDebt|medianEarnings|admissionRate|satAverage|actMidpoint|tuitionInState|tuitionOutOfState|pellGrantRate|federalLoanRate|retentionRate
230603,Southern Utah University,2024,NA,NA,NA,NA,NA,NA,NA,NA,NA,NA,NA,NA,000000000000,netPrice|graduationRate|medianDebt|medianEarnings|admissionRate|satAverage|actMidpoint|tuitionInState|tuitionOutOfState|pellGrantRate|federalLoanRate|retentionRate
230764,University of Utah,2012,13333.0,0.5866,12500.0,49500.0,0.8263,1113.0,24.0,7139.0,22642.0,0.3226,0.3492,0.8752,000000000000,netPrice|graduationRate|medianDebt|medianEarnings|admissionRate|satAverage|actMidpoint|tuitionInState|tuitionOutOfState|pellGrantRate|federalLoanRate|retentionRate
230764,University of Utah,2013,14114.0,0.6037,13140.5,51000.0,0.8174,1109.0,24.0,7457.0,23736.0,0.3225,0.3557,0.8791,000000000000,netPrice|graduationRate|medianDebt|medianEarnings|admissionRate|satAverage|actMidpoint|tuitionInState|tuitionOutOfState|pellGrantRate|federalLoanRate|retentionRate
230764,University of Utah,2014,13874.0,0.6221,14107.0,53000.0,0.8142,1131.0,25.0,7835.0,25057.0,0.3092,0.3394,0.8868,000000000000,netPrice|graduationRate|medianDebt|medianEarnings|admissionRate|satAverage|actMidpoint|tuitionInState|tuitionOutOfState|pellGrantRate|federalLoanRate|retentionRate
230764,University of Utah,2015,13969.0,0.6384,14777.0,NA,0.8143,1130.0,25.0,8197.0,26022.0,0.2988,0.3351,0.8853,000000000000,netPrice|graduationRate|medianDebt|medianEarnings|admissionRate|satAverage|actMidpoint|tuitionInState|tuitionOutOfState|pellGrantRate|federalLoanRate|retentionRate
230764,University of Utah,2016,12674.0,0.6514,15000.0,NA,0.7642,1116.0,24.0,8518.0,27039.0,0.2902,0.3268,0.8997,000000000000,netPrice|graduationRate|medianDebt|medianEarnings|admissionRate|satAverage|actMidpoint|tuitionInState|tuitionOutOfState|pellGrantRate|federalLoanRate|retentionRate
230764,University of Utah,2017,13728.0,0.674,17500.0,NA,0.6615,1234.0,26.0,8884.0,28127.0,0.2725,0.3266,0.9048,000000000000,netPrice|graduationRate|medianDebt|medianEarnings|admissionRate|satAverage|actMidpoint|tuitionInState|tuitionOutOfState|pellGrantRate|federalLoanRate|retentionRate
230764,University of Utah,2018,14364.0,0.695,18088.0,NA,0.6686,1236.0,26.0,9222.0,29215.0,0.2777,0.3096,0.8858,000000000000,netPrice|graduationRate|medianDebt|medianEarnings|admissionRate|satAverage|actMidpoint|tuitionInState|tuitionOutOfState|pellGrantRate|federalLoanRate|retentionRate
230764,University of Utah,2019,14773.0,0.6952,18750.0,NA,0.6212,1242.0,26.0,8615.0,27220.0,0.257,0.2866,0.8894,000000000000,netPrice|graduationRate|medianDebt|medianEarnings|admissionRate|satAverage|actMidpoint|tuitionInState|tuitionOutOfState|pellGrantRate|federalLoanRate|retentionRate
230764,University of Utah,2020,13572.0,0.671,19000.0,67170.0,0.794,1236.0,26.0,8615.0,27220.0,0.2381,0.2757,0.8866,000000000000,netPrice|graduationRate|medianDebt|medianEarnings|admissionRate|satAverage|actMidpoint|tuitionInState|tuitionOutOfState|pellGrantRate|federalLoanRate|retentionRate
230764,University of Utah,2021,7937.0,0.672,NA,NA,0.9497,1257.0,26.0,8893.0,28345.0,0.223,0.2358,0.8663,000000000000,netPrice|graduationRate|medianDebt|medianEarnings|admissionRate|satAverage|actMidpoint|tuitionInState|tuitionOutOfState|pellGrantRate|federalLoanRate|retentionRate
230764,University of Utah,2022,9422.0,0.6455,NA,NA,0.8913,1236.0,NA,9315.0,29837.0,0.2147,0.2165,0.8457,000000000000,netPrice|graduationRate|medianDebt|medianEarnings|admissionRate|satAverage|actMidpoint|tuitionInState|tuitionOutOfState|pellGrantRate|federalLoanRate|retentionRate
230764,University of Utah,2023,NA,NA,NA,NA,NA,NA,NA,NA,NA,NA,NA,NA,000000000000,netPrice|graduationRate|medianDebt|medianEarnings|admissionRate|satAverage|actMidpoint|tuitionInState|tuitionOutOfState|pellGrantRate|federalLoanRate|retentionRate
230764,University of Utah,2024,NA,NA,NA,NA,NA,NA,NA,NA,NA,NA,NA,NA,000000000000,netPrice|graduationRate|medianDebt|medianEarnings|admissionRate|satAverage|actMidpoint|tuitionInState|tuitionOutOfState|pellGrantRate|federalLoanRate|retentionRate
230852,Champlain College,2012,31573.0,0.6606,27000.0,39900.0,0.7394,1093.0,24.0,29865.0,29865.0,0.2331,0.7022,0.7848,000000000000,netPrice|graduationRate|medianDebt|medianEarnings|admissionRate|satAverage|actMidpoint|tuitionInState|tuitionOutOfState|pellGrantRate|federalLoanRate|retentionRate
230852,Champlain College,2013,31564.0,0.5763,27000.0,40800.0,0.7079,1122.0,25.0,31350.0,31350.0,0.2488,0.6359,0.7887,000000000000,netPrice|graduationRate|medianDebt|medianEarnings|admissionRate|satAverage|actMidpoint|tuitionInState|tuitionOutOfState|pellGrantRate|federalLoanRate|retentionRate
230852,Champlain College,2014,31992.0,0.5712,26873.0,45400.0,0.6417,1150.0,26.0,33000.0,33000.0,0.255,0.628,0.8083,000000000000,netPrice|graduationRate|medianDebt|medianEarnings|admissionRate|satAverage|actMidpoint|tuitionInState|tuitionOutOfState|pellGrantRate|federalLoanRate|retentionRate
230852,Champlain College,2015,33674.0,0.5827,26250.0,NA,0.6617,1156.0,26.0,37536.0,37536.0,0.2254,0.5794,0.7851,000000000000,netPrice|graduationRate|medianDebt|medianEarnings|admissionRate|satAverage|actMidpoint|tuitionInState|tuitionOutOfState|pellGrantRate|federalLoanRate|retentionRate
230852,Champlain College,2016,36409.0,0.6195,27000.0,NA,0.6995,1134.0,25.0,38660.0,38660.0,0.2174,0.5476,0.8193,000000000000,netPrice|graduationRate|medianDebt|medianEarnings|admissionRate|satAverage|actMidpoint|tuitionInState|tuitionOutOfState|pellGrantRate|federalLoanRate|retentionRate
230852,Champlain College,2017,34833.0,0.6045,26030.0,NA,0.7504,1210.0,26.0,39818.0,39818.0,0.2111,0.5274,0.7877,000000000000,netPrice|graduationRate|medianDebt|medianEarnings|admissionRate|satAverage|actMidpoint|tuitionInState|tuitionOutOfState|pellGrantRate|federalLoanRate|retentionRate
230852,Champlain College,2018,35549.0,0.6417,26000.0,NA,0.7541,1193.0,25.0,41010.0,41010.0,0.2316,0.5356,0.7747,000000000000,netPrice|graduationRate|medianDebt|medianEarnings|admissionRate|satAverage|actMidpoint|tuitionInState|tuitionOutOfState|pellGrantRate|federalLoanRate|retentionRate
230852,Champlain College,2019,33561.0,0.6492,26000.0,NA,0.8515,1229.0,27.0,41828.0,41828.0,0.2308,0.5321,0.8246,000000000000,netPrice|graduationRate|medianDebt|medianEarnings|admissionRate|satAverage|actMidpoint|tuitionInState|tuitionOutOfState|pellGrantRate|federalLoanRate|retentionRate
230852,Champlain College,2020,33224.0,0.6603,26814.0,58386.0,0.8515,1220.3426615720182,25.9690424439733,42784.0,42784.0,0.2233,0.5093,0.785,000001100000,netPrice|graduationRate|medianDebt|medianEarnings|admissionRate|satAverage|actMidpoint|tuitionInState|tuitionOutOfState|pellGrantRate|federalLoanRate|retentionRate
230852,Champlain College,2021,33681.0,0.6848,NA,NA,0.6243,1274.8741011080945,27.543083548655176,42984.0,42984.0,0.2175,0.4841,0.6948,000001100000,netPrice|graduationRate|medianDebt|medianEarnings|admissionRate|satAverage|actMidpoint|tuitionInState|tuitionOutOfState|pellGrantRate|federalLoanRate|retentionRate
230852,Champlain College,2022,32455.0,0.645,NA,NA,0.5568,1259.0,NA,44220.0,44220.0,0.2188,0.493,0.7633,000000000000,netPrice|graduationRate|medianDebt|medianEarnings|admissionRate|satAverage|actMidpoint|tuitionInState|tuitionOutOfState|pellGrantRate|federalLoanRate|retentionRate
230852,Champlain College,2023,NA,NA,NA,NA,NA,NA,NA,NA,NA,NA,NA,NA,000000000000,netPrice|graduationRate|medianDebt|medianEarnings|admissionRate|satAverage|actMidpoint|tuitionInState|tuitionOutOfState|pellGrantRate|federalLoanRate|retentionRate
230852,Champlain College,2024,NA,NA,NA,NA,NA,NA,NA,NA,NA,NA,NA,NA,000000000000,netPrice|graduationRate|medianDebt|medianEarnings|admissionRate|satAverage|actMidpoint|tuitionInState|tuitionOutOfState|pellGrantRate|federalLoanRate|retentionRate
231165,Vermont State University,2012,16574.0,0.502,13000.0,43600.0,0.8433,951.0,22.0,12024.0,22128.0,0.3698,1.0,0.696,000000000000,netPrice|graduationRate|medianDebt|medianEarnings|admissionRate|satAverage|actMidpoint|tuitionInState|tuitionOutOfState|pellGrantRate|federalLoanRate|retentionRate
231165,Vermont State University,2013,17433.0,0.4839,14750.0,43400.0,0.8257,933.0,19.0,12494.0,23006.0,0.3848,0.6591,0.6991,000000000000,netPrice|graduationRate|medianDebt|medianEarnings|admissionRate|satAverage|actMidpoint|tuitionInState|tuitionOutOfState|pellGrantRate|federalLoanRate|retentionRate
231165,Vermont State University,2014,18939.0,0.5464,15500.0,45000.0,0.8319,963.5638760131824,20.496441632061824,12860.0,23708.0,0.2806,0.4556,0.712,000001100000,netPrice|graduationRate|medianDebt|medianEarnings|admissionRate|satAverage|actMidpoint|tuitionInState|tuitionOutOfState|pellGrantRate|federalLoanRate|retentionRate
231165,Vermont State University,2015,18775.0,0.4837,15948.0,NA,0.8488,962.0549540603133,20.585453258445288,13490.0,24866.0,0.3457,0.6174,0.775,000001100000,netPrice|graduationRate|medianDebt|medianEarnings|admissionRate|satAverage|actMidpoint|tuitionInState|tuitionOutOfState|pellGrantRate|federalLoanRate|retentionRate
231165,Vermont State University,2016,19630.0,0.485,16200.0,NA,0.879,953.7866601045723,20.291772533722806,14026.0,25858.0,0.3278,0.6248,0.6981,000001100000,netPrice|graduationRate|medianDebt|medianEarnings|admissionRate|satAverage|actMidpoint|tuitionInState|tuitionOutOfState|pellGrantRate|federalLoanRate|retentionRate
231165,Vermont State University,2017,19750.0,0.5179,12000.0,NA,0.633,1037.2482842898114,20.69208697168655,14690.0,27002.0,0.3193,0.5672,0.6184,000001100000,netPrice|graduationRate|medianDebt|medianEarnings|admissionRate|satAverage|actMidpoint|tuitionInState|tuitionOutOfState|pellGrantRate|federalLoanRate|retentionRate
231165,Vermont State University,2018,20519.0,0.5138,12000.0,NA,0.6821,1031.8884799788423,20.100412756639408,15108.0,27780.0,0.3161,0.5776,0.7653,000001100000,netPrice|graduationRate|medianDebt|medianEarnings|admissionRate|satAverage|actMidpoint|tuitionInState|tuitionOutOfState|pellGrantRate|federalLoanRate|retentionRate
231165,Vermont State University,2019,20684.0,0.5464,13000.0,NA,0.6704,1020.8634541739269,20.417336256253996,15292.0,28588.0,0.3058,0.5717,0.6889,000001100000,netPrice|graduationRate|medianDebt|medianEarnings|admissionRate|satAverage|actMidpoint|tuitionInState|tuitionOutOfState|pellGrantRate|federalLoanRate|retentionRate
231165,Vermont State University,2020,21463.0,0.6432,15000.0,50331.0,0.584,1034.1216548175353,20.890196232397116,16044.0,29460.0,0.3096,0.566,0.6522,000001100000,netPrice|graduationRate|medianDebt|medianEarnings|admissionRate|satAverage|actMidpoint|tuitionInState|tuitionOutOfState|pellGrantRate|federalLoanRate|retentionRate
231165,Vermont State University,2021,21839.0,0.5403,NA,NA,0.5568,1054.4020697062901,22.04025603408389,16082.0,29498.0,0.2672,0.502,0.5952,000001100000,netPrice|graduationRate|medianDebt|medianEarnings|admissionRate|satAverage|actMidpoint|tuitionInState|tuitionOutOfState|pellGrantRate|federalLoanRate|retentionRate
231165,Vermont State University,2022,18297.0,0.5442,NA,NA,0.4978,1074.9499531681993,NA,16086.0,29502.0,0.2832,0.4825,0.6735,000001000000,netPrice|graduationRate|medianDebt|medianEarnings|admissionRate|satAverage|actMidpoint|tuitionInState|tuitionOutOfState|pellGrantRate|federalLoanRate|retentionRate
231165,Vermont State University,2023,NA,NA,NA,NA,NA,NA,NA,NA,NA,NA,NA,NA,000000000000,netPrice|graduationRate|medianDebt|medianEarnings|admissionRate|satAverage|actMidpoint|tuitionInState|tuitionOutOfState|pellGrantRate|federalLoanRate|retentionRate
231165,Vermont State University,2024,NA,NA,NA,NA,NA,NA,NA,NA,NA,NA,NA,NA,000000000000,netPrice|graduationRate|medianDebt|medianEarnings|admissionRate|satAverage|actMidpoint|tuitionInState|tuitionOutOfState|pellGrantRate|federalLoanRate|retentionRate
231174,University of Vermont,2012,16146.0,0.7582,21500.0,43900.0,0.7665,1191.0,27.0,15284.0,35612.0,0.2005,0.4883,0.8528,000000000000,netPrice|graduationRate|medianDebt|medianEarnings|admissionRate|satAverage|actMidpoint|tuitionInState|tuitionOutOfState|pellGrantRate|federalLoanRate|retentionRate
231174,University of Vermont,2013,14876.0,0.7582,21500.0,45200.0,0.7755,1190.0,27.0,15718.0,36646.0,0.1948,0.4674,0.8577,000000000000,netPrice|graduationRate|medianDebt|medianEarnings|admissionRate|satAverage|actMidpoint|tuitionInState|tuitionOutOfState|pellGrantRate|federalLoanRate|retentionRate
231174,University of Vermont,2014,15838.0,0.7558,21500.0,47300.0,0.7344,1191.0,27.0,16226.0,37874.0,0.1844,0.4617,0.8699,000000000000,netPrice|graduationRate|medianDebt|medianEarnings|admissionRate|satAverage|actMidpoint|tuitionInState|tuitionOutOfState|pellGrantRate|federalLoanRate|retentionRate
231174,University of Vermont,2015,17414.0,0.7679,22250.0,NA,0.7085,1211.0,28.0,16768.0,39160.0,0.1743,0.4445,0.863,000000000000,netPrice|graduationRate|medianDebt|medianEarnings|admissionRate|satAverage|actMidpoint|tuitionInState|tuitionOutOfState|pellGrantRate|federalLoanRate|retentionRate
231174,University of Vermont,2016,17831.0,0.7423,22500.0,NA,0.6894,1216.0,28.0,17300.0,40364.0,0.1564,0.4313,0.865,000000000000,netPrice|graduationRate|medianDebt|medianEarnings|admissionRate|satAverage|actMidpoint|tuitionInState|tuitionOutOfState|pellGrantRate|federalLoanRate|retentionRate
231174,University of Vermont,2017,18877.0,0.7495,21504.0,NA,0.672,1280.0,28.0,17740.0,41356.0,0.1508,0.4328,0.8631,000000000000,netPrice|graduationRate|medianDebt|medianEarnings|admissionRate|satAverage|actMidpoint|tuitionInState|tuitionOutOfState|pellGrantRate|federalLoanRate|retentionRate
231174,University of Vermont,2018,18980.0,0.7633,21500.0,NA,0.6756,1289.0,29.0,18276.0,42516.0,0.1559,0.4303,0.867,000000000000,netPrice|graduationRate|medianDebt|medianEarnings|admissionRate|satAverage|actMidpoint|tuitionInState|tuitionOutOfState|pellGrantRate|federalLoanRate|retentionRate
231174,University of Vermont,2019,18982.0,0.7655,21111.0,NA,0.673,1287.0,29.0,18802.0,43690.0,0.1544,0.424,0.873,000000000000,netPrice|graduationRate|medianDebt|medianEarnings|admissionRate|satAverage|actMidpoint|tuitionInState|tuitionOutOfState|pellGrantRate|federalLoanRate|retentionRate
231174,University of Vermont,2020,19509.0,0.7591,20951.0,62472.0,0.7132,1276.0,29.0,19062.0,43950.0,0.1429,0.4217,0.8541,000000000000,netPrice|graduationRate|medianDebt|medianEarnings|admissionRate|satAverage|actMidpoint|tuitionInState|tuitionOutOfState|pellGrantRate|federalLoanRate|retentionRate
231174,University of Vermont,2021,18814.0,0.7703,NA,NA,0.6351,1351.0,31.0,19002.0,43890.0,0.1472,0.3941,0.8863,000000000000,netPrice|graduationRate|medianDebt|medianEarnings|admissionRate|satAverage|actMidpoint|tuitionInState|tuitionOutOfState|pellGrantRate|federalLoanRate|retentionRate
231174,University of Vermont,2022,20795.0,0.7576,NA,NA,0.5979,1358.0,NA,18890.0,43890.0,0.137,0.3908,0.8874,000000000000,netPrice|graduationRate|medianDebt|medianEarnings|admissionRate|satAverage|actMidpoint|tuitionInState|tuitionOutOfState|pellGrantRate|federalLoanRate|retentionRate
231174,University of Vermont,2023,NA,NA,NA,NA,NA,NA,NA,NA,NA,NA,NA,NA,000000000000,netPrice|graduationRate|medianDebt|medianEarnings|admissionRate|satAverage|actMidpoint|tuitionInState|tuitionOutOfState|pellGrantRate|federalLoanRate|retentionRate
231174,University of Vermont,2024,NA,NA,NA,NA,NA,NA,NA,NA,NA,NA,NA,NA,000000000000,netPrice|graduationRate|medianDebt|medianEarnings|admissionRate|satAverage|actMidpoint|tuitionInState|tuitionOutOfState|pellGrantRate|federalLoanRate|retentionRate
232186,George Mason University,2012,16229.0,0.6594,18000.0,57300.0,0.6575,1152.0,26.0,9620.0,27764.0,0.2816,0.4481,0.8635,000000000000,netPrice|graduationRate|medianDebt|medianEarnings|admissionRate|satAverage|actMidpoint|tuitionInState|tuitionOutOfState|pellGrantRate|federalLoanRate|retentionRate
232186,George Mason University,2013,18305.0,0.667,19250.0,58100.0,0.6203,1155.0,26.0,9908.0,28592.0,0.2684,0.4474,0.8728,000000000000,netPrice|graduationRate|medianDebt|medianEarnings|admissionRate|satAverage|actMidpoint|tuitionInState|tuitionOutOfState|pellGrantRate|federalLoanRate|retentionRate
232186,George Mason University,2014,18738.0,0.6688,19500.0,59900.0,0.6665,1152.0,26.0,10382.0,29960.0,0.2523,0.4349,0.876,000000000000,netPrice|graduationRate|medianDebt|medianEarnings|admissionRate|satAverage|actMidpoint|tuitionInState|tuitionOutOfState|pellGrantRate|federalLoanRate|retentionRate
232186,George Mason University,2015,19245.0,0.692,19500.0,NA,0.7973,1153.0,26.0,10952.0,31598.0,0.2658,0.4429,0.8719,000000000000,netPrice|graduationRate|medianDebt|medianEarnings|admissionRate|satAverage|actMidpoint|tuitionInState|tuitionOutOfState|pellGrantRate|federalLoanRate|retentionRate
232186,George Mason University,2016,19479.0,0.6989,19500.0,NA,0.8099,1165.0,27.0,11300.0,32582.0,0.2726,0.4404,0.8748,000000000000,netPrice|graduationRate|medianDebt|medianEarnings|admissionRate|satAverage|actMidpoint|tuitionInState|tuitionOutOfState|pellGrantRate|federalLoanRate|retentionRate
232186,George Mason University,2017,19779.0,0.7086,20000.0,NA,0.8132,1210.0,27.0,11924.0,34370.0,0.284,0.4445,0.8783,000000000000,netPrice|graduationRate|medianDebt|medianEarnings|admissionRate|satAverage|actMidpoint|tuitionInState|tuitionOutOfState|pellGrantRate|federalLoanRate|retentionRate
232186,George Mason University,2018,20321.0,0.6999,20000.0,NA,0.8106,1227.0,27.0,12462.0,35922.0,0.302,0.4428,0.8669,000000000000,netPrice|graduationRate|medianDebt|medianEarnings|admissionRate|satAverage|actMidpoint|tuitionInState|tuitionOutOfState|pellGrantRate|federalLoanRate|retentionRate
232186,George Mason University,2019,21048.0,0.7066,19750.0,NA,0.8674,1222.0,27.0,12564.0,36024.0,0.2953,0.429,0.8638,000000000000,netPrice|graduationRate|medianDebt|medianEarnings|admissionRate|satAverage|actMidpoint|tuitionInState|tuitionOutOfState|pellGrantRate|federalLoanRate|retentionRate
232186,George Mason University,2020,19551.0,0.7159,19500.0,76343.0,0.892,1208.0,27.0,13014.0,37410.0,0.2958,0.4074,0.8607,000000000000,netPrice|graduationRate|medianDebt|medianEarnings|admissionRate|satAverage|actMidpoint|tuitionInState|tuitionOutOfState|pellGrantRate|federalLoanRate|retentionRate
232186,George Mason University,2021,18581.0,0.7013,NA,NA,0.913,1250.0,28.0,13119.0,36579.0,0.2928,0.3885,0.8365,000000000000,netPrice|graduationRate|medianDebt|medianEarnings|admissionRate|satAverage|actMidpoint|tuitionInState|tuitionOutOfState|pellGrantRate|federalLoanRate|retentionRate
232186,George Mason University,2022,17385.0,0.7059,NA,NA,0.9,1255.0,NA,13401.0,38983.0,0.2965,0.3583,0.8525,000000000000,netPrice|graduationRate|medianDebt|medianEarnings|admissionRate|satAverage|actMidpoint|tuitionInState|tuitionOutOfState|pellGrantRate|federalLoanRate|retentionRate
232186,George Mason University,2023,NA,NA,NA,NA,NA,NA,NA,NA,NA,NA,NA,NA,000000000000,netPrice|graduationRate|medianDebt|medianEarnings|admissionRate|satAverage|actMidpoint|tuitionInState|tuitionOutOfState|pellGrantRate|federalLoanRate|retentionRate
232186,George Mason University,2024,NA,NA,NA,NA,NA,NA,NA,NA,NA,NA,NA,NA,000000000000,netPrice|graduationRate|medianDebt|medianEarnings|admissionRate|satAverage|actMidpoint|tuitionInState|tuitionOutOfState|pellGrantRate|federalLoanRate|retentionRate
232557,Liberty University,2012,23131.0,0.4596,18539.0,35600.0,0.38233521739256376,1083.019964455676,23.29692325405391,19968.0,19968.0,0.5085,0.6942,0.6789,000011100000,netPrice|graduationRate|medianDebt|medianEarnings|admissionRate|satAverage|actMidpoint|tuitionInState|tuitionOutOfState|pellGrantRate|federalLoanRate|retentionRate
232557,Liberty University,2013,23602.0,0.5017,20000.0,35200.0,0.2165,1030.0,23.0,20768.0,20768.0,0.5021,0.68,0.6851,000000000000,netPrice|graduationRate|medianDebt|medianEarnings|admissionRate|satAverage|actMidpoint|tuitionInState|tuitionOutOfState|pellGrantRate|federalLoanRate|retentionRate
232557,Liberty University,2014,23706.0,0.5109,21500.0,36700.0,0.2232,1040.0,23.0,21000.0,21000.0,0.4984,0.6648,0.691,000000000000,netPrice|graduationRate|medianDebt|medianEarnings|admissionRate|satAverage|actMidpoint|tuitionInState|tuitionOutOfState|pellGrantRate|federalLoanRate|retentionRate
232557,Liberty University,2015,23815.0,0.466,23181.5,NA,0.2156,1070.0,24.0,20109.0,20109.0,0.4988,0.6656,0.7515,000000000000,netPrice|graduationRate|medianDebt|medianEarnings|admissionRate|satAverage|actMidpoint|tuitionInState|tuitionOutOfState|pellGrantRate|federalLoanRate|retentionRate
232557,Liberty University,2016,25371.0,0.5052,24483.0,NA,0.2438,1094.0,25.0,21292.0,21292.0,0.4686,0.6351,0.8264,000000000000,netPrice|graduationRate|medianDebt|medianEarnings|admissionRate|satAverage|actMidpoint|tuitionInState|tuitionOutOfState|pellGrantRate|federalLoanRate|retentionRate
232557,Liberty University,2017,27573.0,0.4697,25837.0,NA,0.2979,1157.0,24.0,21310.0,21310.0,0.4557,0.6296,0.8391,000000000000,netPrice|graduationRate|medianDebt|medianEarnings|admissionRate|satAverage|actMidpoint|tuitionInState|tuitionOutOfState|pellGrantRate|federalLoanRate|retentionRate
232557,Liberty University,2018,27883.0,0.4981,25583.0,NA,0.5554,1133.0,25.0,22584.0,22584.0,0.4449,0.5923,0.8184,000000000000,netPrice|graduationRate|medianDebt|medianEarnings|admissionRate|satAverage|actMidpoint|tuitionInState|tuitionOutOfState|pellGrantRate|federalLoanRate|retentionRate
232557,Liberty University,2019,28903.0,0.474,25000.0,NA,0.5106,1171.0,25.0,22747.0,22747.0,0.4342,0.5665,0.8147,000000000000,netPrice|graduationRate|medianDebt|medianEarnings|admissionRate|satAverage|actMidpoint|tuitionInState|tuitionOutOfState|pellGrantRate|federalLoanRate|retentionRate
232557,Liberty University,2020,29382.0,0.5409,24500.0,44813.0,0.5013,1172.0,25.0,21587.0,21587.0,0.4172,0.5511,0.8079,000000000000,netPrice|graduationRate|medianDebt|medianEarnings|admissionRate|satAverage|actMidpoint|tuitionInState|tuitionOutOfState|pellGrantRate|federalLoanRate|retentionRate
232557,Liberty University,2021,28561.0,0.6212,NA,NA,0.9928,1217.5334878090764,25.76192420003786,22713.0,22713.0,0.3885,0.5188,0.7859,000001100000,netPrice|graduationRate|medianDebt|medianEarnings|admissionRate|satAverage|actMidpoint|tuitionInState|tuitionOutOfState|pellGrantRate|federalLoanRate|retentionRate
232557,Liberty University,2022,29882.0,0.6558,NA,NA,0.9929,1194.1824890358248,NA,22511.0,22511.0,0.3835,0.494,0.795,000001000000,netPrice|graduationRate|medianDebt|medianEarnings|admissionRate|satAverage|actMidpoint|tuitionInState|tuitionOutOfState|pellGrantRate|federalLoanRate|retentionRate
232557,Liberty University,2023,NA,NA,NA,NA,NA,NA,NA,NA,NA,NA,NA,NA,000000000000,netPrice|graduationRate|medianDebt|medianEarnings|admissionRate|satAverage|actMidpoint|tuitionInState|tuitionOutOfState|pellGrantRate|federalLoanRate|retentionRate
232557,Liberty University,2024,NA,NA,NA,NA,NA,NA,NA,NA,NA,NA,NA,NA,000000000000,netPrice|graduationRate|medianDebt|medianEarnings|admissionRate|satAverage|actMidpoint|tuitionInState|tuitionOutOfState|pellGrantRate|federalLoanRate|retentionRate
233921,Virginia Polytechnic Institute and State University,2012,18594.0,0.8275,23250.0,59000.0,0.7038,1215.0,26.923530552421287,10923.0,25915.0,0.1759,0.4541,0.9247,000000100000,netPrice|graduationRate|medianDebt|medianEarnings|admissionRate|satAverage|actMidpoint|tuitionInState|tuitionOutOfState|pellGrantRate|federalLoanRate|retentionRate
233921,Virginia Polytechnic Institute and State University,2013,19993.0,0.8243,23500.0,60500.0,0.7028,1220.0,26.958244092310284,11455.0,27211.0,0.1735,0.4304,0.9119,000000100000,netPrice|graduationRate|medianDebt|medianEarnings|admissionRate|satAverage|actMidpoint|tuitionInState|tuitionOutOfState|pellGrantRate|federalLoanRate|retentionRate
233921,Virginia Polytechnic Institute and State University,2014,19691.0,0.8258,23801.0,62500.0,0.7263,1215.0,27.38924267057572,12017.0,28048.0,0.1737,0.4222,0.9251,000000100000,netPrice|graduationRate|medianDebt|medianEarnings|admissionRate|satAverage|actMidpoint|tuitionInState|tuitionOutOfState|pellGrantRate|federalLoanRate|retentionRate
233921,Virginia Polytechnic Institute and State University,2015,20172.0,0.8334,23800.0,NA,0.7341,1210.0,27.468313281674885,12485.0,29129.0,0.172,0.4227,0.9378,000000100000,netPrice|graduationRate|medianDebt|medianEarnings|admissionRate|satAverage|actMidpoint|tuitionInState|tuitionOutOfState|pellGrantRate|federalLoanRate|retentionRate
233921,Virginia Polytechnic Institute and State University,2016,19413.0,0.8377,23250.0,NA,0.7087,1210.0,27.63974915204217,12852.0,29975.0,0.1632,0.4029,0.934,000000100000,netPrice|graduationRate|medianDebt|medianEarnings|admissionRate|satAverage|actMidpoint|tuitionInState|tuitionOutOfState|pellGrantRate|federalLoanRate|retentionRate
233921,Virginia Polytechnic Institute and State University,2017,20343.0,0.844,22895.0,NA,0.7006,1284.0,28.0,13230.0,31014.0,0.1617,0.3986,0.9304,000000000000,netPrice|graduationRate|medianDebt|medianEarnings|admissionRate|satAverage|actMidpoint|tuitionInState|tuitionOutOfState|pellGrantRate|federalLoanRate|retentionRate
233921,Virginia Polytechnic Institute and State University,2018,20964.0,0.8373,22500.0,NA,0.6485,1293.0,28.0,13620.0,31908.0,0.1605,0.3944,0.9283,000000000000,netPrice|graduationRate|medianDebt|medianEarnings|admissionRate|satAverage|actMidpoint|tuitionInState|tuitionOutOfState|pellGrantRate|federalLoanRate|retentionRate
233921,Virginia Polytechnic Institute and State University,2019,21198.0,0.8567,22406.0,NA,0.7004,1292.0,28.0,13691.0,32835.0,0.1579,0.3896,0.9259,000000000000,netPrice|graduationRate|medianDebt|medianEarnings|admissionRate|satAverage|actMidpoint|tuitionInState|tuitionOutOfState|pellGrantRate|federalLoanRate|retentionRate
233921,Virginia Polytechnic Institute and State University,2020,21301.0,0.8608,21500.0,81698.0,0.6577,1280.0,28.0,13749.0,32893.0,0.1435,0.3703,0.9291,000000000000,netPrice|graduationRate|medianDebt|medianEarnings|admissionRate|satAverage|actMidpoint|tuitionInState|tuitionOutOfState|pellGrantRate|federalLoanRate|retentionRate
233921,Virginia Polytechnic Institute and State University,2021,20927.0,0.8661,NA,NA,0.5647,1320.0,29.0,14174.0,33857.0,0.1479,0.3532,0.9209,000000000000,netPrice|graduationRate|medianDebt|medianEarnings|admissionRate|satAverage|actMidpoint|tuitionInState|tuitionOutOfState|pellGrantRate|federalLoanRate|retentionRate
233921,Virginia Polytechnic Institute and State University,2022,20292.0,0.8642,NA,NA,0.5698,1337.0,NA,14586.0,34838.0,0.1499,0.3446,0.9095,000000000000,netPrice|graduationRate|medianDebt|medianEarnings|admissionRate|satAverage|actMidpoint|tuitionInState|tuitionOutOfState|pellGrantRate|federalLoanRate|retentionRate
233921,Virginia Polytechnic Institute and State University,2023,NA,NA,NA,NA,NA,NA,NA,NA,NA,NA,NA,NA,000000000000,netPrice|graduationRate|medianDebt|medianEarnings|admissionRate|satAverage|actMidpoint|tuitionInState|tuitionOutOfState|pellGrantRate|federalLoanRate|retentionRate
233921,Virginia Polytechnic Institute and State University,2024,NA,NA,NA,NA,NA,NA,NA,NA,NA,NA,NA,NA,000000000000,netPrice|graduationRate|medianDebt|medianEarnings|admissionRate|satAverage|actMidpoint|tuitionInState|tuitionOutOfState|pellGrantRate|federalLoanRate|retentionRate
236939,Washington State University,2012,17597.0,0.673,19963.5,47500.0,0.7601,1050.0,23.0,12300.0,25382.0,0.3335,0.5142,0.8151,000000000000,netPrice|graduationRate|medianDebt|medianEarnings|admissionRate|satAverage|actMidpoint|tuitionInState|tuitionOutOfState|pellGrantRate|federalLoanRate|retentionRate
236939,Washington State University,2013,16834.0,0.6548,20057.0,48600.0,0.8208,1030.0,22.0,12327.0,25409.0,0.3323,0.5109,0.7977,000000000000,netPrice|graduationRate|medianDebt|medianEarnings|admissionRate|satAverage|actMidpoint|tuitionInState|tuitionOutOfState|pellGrantRate|federalLoanRate|retentionRate
236939,Washington State University,2014,16864.0,0.6724,20494.0,50600.0,0.8208,1030.0,22.0,12428.0,25510.0,0.3379,0.487,0.7939,000000000000,netPrice|graduationRate|medianDebt|medianEarnings|admissionRate|satAverage|actMidpoint|tuitionInState|tuitionOutOfState|pellGrantRate|federalLoanRate|retentionRate
236939,Washington State University,2015,17878.0,0.6419,20327.0,NA,0.7964,1039.0,23.0,11967.0,25567.0,0.3426,0.4904,0.7794,000000000000,netPrice|graduationRate|medianDebt|medianEarnings|admissionRate|satAverage|actMidpoint|tuitionInState|tuitionOutOfState|pellGrantRate|federalLoanRate|retentionRate
236939,Washington State University,2016,16278.0,0.6658,20348.5,NA,0.7204,1054.0,23.0,11041.0,25673.0,0.3471,0.4605,0.7888,000000000000,netPrice|graduationRate|medianDebt|medianEarnings|admissionRate|satAverage|actMidpoint|tuitionInState|tuitionOutOfState|pellGrantRate|federalLoanRate|retentionRate
236939,Washington State University,2017,16314.0,0.6244,20050.0,NA,0.7306,1127.0,23.0,11391.0,25817.0,0.3078,0.4415,0.8085,000000000000,netPrice|graduationRate|medianDebt|medianEarnings|admissionRate|satAverage|actMidpoint|tuitionInState|tuitionOutOfState|pellGrantRate|federalLoanRate|retentionRate
236939,Washington State University,2018,15768.0,0.5889,20000.0,NA,0.7719,1123.0,23.0,11584.0,25820.0,0.323,0.426,0.7935,000000000000,netPrice|graduationRate|medianDebt|medianEarnings|admissionRate|satAverage|actMidpoint|tuitionInState|tuitionOutOfState|pellGrantRate|federalLoanRate|retentionRate
236939,Washington State University,2019,16358.0,0.6022,20000.0,NA,0.758,1131.0,23.0,11841.0,26419.0,0.3103,0.4133,0.7896,000000000000,netPrice|graduationRate|medianDebt|medianEarnings|admissionRate|satAverage|actMidpoint|tuitionInState|tuitionOutOfState|pellGrantRate|federalLoanRate|retentionRate
236939,Washington State University,2020,15825.0,0.5855,19500.0,68905.0,0.7995,1123.0,23.0,12170.0,27113.0,0.2865,0.3916,0.8056,000000000000,netPrice|graduationRate|medianDebt|medianEarnings|admissionRate|satAverage|actMidpoint|tuitionInState|tuitionOutOfState|pellGrantRate|federalLoanRate|retentionRate
236939,Washington State University,2021,8947.0,0.5955,NA,NA,0.8577,1138.9706887255636,23.728867803620023,12417.0,27733.0,0.2743,0.3237,0.8087,000001100000,netPrice|graduationRate|medianDebt|medianEarnings|admissionRate|satAverage|actMidpoint|tuitionInState|tuitionOutOfState|pellGrantRate|federalLoanRate|retentionRate
236939,Washington State University,2022,15484.0,0.6228,NA,NA,0.831,1138.9304034394252,NA,12701.0,28385.0,0.2659,0.3143,0.805,000001000000,netPrice|graduationRate|medianDebt|medianEarnings|admissionRate|satAverage|actMidpoint|tuitionInState|tuitionOutOfState|pellGrantRate|federalLoanRate|retentionRate
236939,Washington State University,2023,NA,NA,NA,NA,NA,NA,NA,NA,NA,NA,NA,NA,000000000000,netPrice|graduationRate|medianDebt|medianEarnings|admissionRate|satAverage|actMidpoint|tuitionInState|tuitionOutOfState|pellGrantRate|federalLoanRate|retentionRate
236939,Washington State University,2024,NA,NA,NA,NA,NA,NA,NA,NA,NA,NA,NA,NA,000000000000,netPrice|graduationRate|medianDebt|medianEarnings|admissionRate|satAverage|actMidpoint|tuitionInState|tuitionOutOfState|pellGrantRate|federalLoanRate|retentionRate
236948,University of Washington-Seattle Campus,2012,12462.0,0.8081,14500.0,53700.0,0.5844,1218.0,27.0,12383.0,29938.0,0.2528,0.3367,0.9323,000000000000,netPrice|graduationRate|medianDebt|medianEarnings|admissionRate|satAverage|actMidpoint|tuitionInState|tuitionOutOfState|pellGrantRate|federalLoanRate|retentionRate
236948,University of Washington-Seattle Campus,2013,11904.0,0.8183,14768.0,54800.0,0.5523,1234.0,28.0,12397.0,31971.0,0.2489,0.3261,0.9303,000000000000,netPrice|graduationRate|medianDebt|medianEarnings|admissionRate|satAverage|actMidpoint|tuitionInState|tuitionOutOfState|pellGrantRate|federalLoanRate|retentionRate
236948,University of Washington-Seattle Campus,2014,13566.0,0.8373,15000.0,57700.0,0.5521,1240.0,28.0,12394.0,33513.0,0.2538,0.3214,0.9414,000000000000,netPrice|graduationRate|medianDebt|medianEarnings|admissionRate|satAverage|actMidpoint|tuitionInState|tuitionOutOfState|pellGrantRate|federalLoanRate|retentionRate
236948,University of Washington-Seattle Campus,2015,12947.0,0.8414,15000.0,NA,0.5333,1258.0,29.0,11839.0,34143.0,0.2379,0.2988,0.937,000000000000,netPrice|graduationRate|medianDebt|medianEarnings|admissionRate|satAverage|actMidpoint|tuitionInState|tuitionOutOfState|pellGrantRate|federalLoanRate|retentionRate
236948,University of Washington-Seattle Campus,2016,12957.0,0.8386,15000.0,NA,0.4535,1266.0,29.0,10753.0,34791.0,0.2207,0.2861,0.9405,000000000000,netPrice|graduationRate|medianDebt|medianEarnings|admissionRate|satAverage|actMidpoint|tuitionInState|tuitionOutOfState|pellGrantRate|federalLoanRate|retentionRate
236948,University of Washington-Seattle Campus,2017,12037.0,0.8439,15000.0,NA,0.4642,1331.0,30.0,10974.0,35538.0,0.2131,0.2681,0.9436,000000000000,netPrice|graduationRate|medianDebt|medianEarnings|admissionRate|satAverage|actMidpoint|tuitionInState|tuitionOutOfState|pellGrantRate|federalLoanRate|retentionRate
236948,University of Washington-Seattle Campus,2018,12566.0,0.8416,15000.0,NA,0.4869,1347.0,30.0,11207.0,36588.0,0.2159,0.2603,0.9381,000000000000,netPrice|graduationRate|medianDebt|medianEarnings|admissionRate|satAverage|actMidpoint|tuitionInState|tuitionOutOfState|pellGrantRate|federalLoanRate|retentionRate
236948,University of Washington-Seattle Campus,2019,13297.0,0.8423,15000.0,NA,0.5176,1356.0,30.0,11465.0,38166.0,0.2071,0.244,0.9485,000000000000,netPrice|graduationRate|medianDebt|medianEarnings|admissionRate|satAverage|actMidpoint|tuitionInState|tuitionOutOfState|pellGrantRate|federalLoanRate|retentionRate
236948,University of Washington-Seattle Campus,2020,12017.0,0.82,14615.0,78466.0,0.5586,1341.0,30.0,11745.0,39114.0,0.2029,0.217,0.9309,000000000000,netPrice|graduationRate|medianDebt|medianEarnings|admissionRate|satAverage|actMidpoint|tuitionInState|tuitionOutOfState|pellGrantRate|federalLoanRate|retentionRate
236948,University of Washington-Seattle Campus,2021,10933.0,0.8388,NA,NA,0.5348,1338.6941695416608,29.593847144305286,12076.0,39906.0,0.1974,0.1916,0.93,000001100000,netPrice|graduationRate|medianDebt|medianEarnings|admissionRate|satAverage|actMidpoint|tuitionInState|tuitionOutOfState|pellGrantRate|federalLoanRate|retentionRate
236948,University of Washington-Seattle Campus,2022,13404.0,0.8437,NA,NA,0.4752,1378.6000363821977,NA,12242.0,40740.0,0.1682,0.1698,0.9361,000001000000,netPrice|graduationRate|medianDebt|medianEarnings|admissionRate|satAverage|actMidpoint|tuitionInState|tuitionOutOfState|pellGrantRate|federalLoanRate|retentionRate
236948,University of Washington-Seattle Campus,2023,NA,NA,NA,NA,NA,NA,NA,NA,NA,NA,NA,NA,000000000000,netPrice|graduationRate|medianDebt|medianEarnings|admissionRate|satAverage|actMidpoint|tuitionInState|tuitionOutOfState|pellGrantRate|federalLoanRate|retentionRate
236948,University of Washington-Seattle Campus,2024,NA,NA,NA,NA,NA,NA,NA,NA,NA,NA,NA,NA,000000000000,netPrice|graduationRate|medianDebt|medianEarnings|admissionRate|satAverage|actMidpoint|tuitionInState|tuitionOutOfState|pellGrantRate|federalLoanRate|retentionRate
237011,Western Washington University,2012,15853.0,0.6709,18655.5,43600.0,0.7965,1130.0,25.0,8805.0,19152.0,0.2498,0.4675,0.851,000000000000,netPrice|graduationRate|medianDebt|medianEarnings|admissionRate|satAverage|actMidpoint|tuitionInState|tuitionOutOfState|pellGrantRate|federalLoanRate|retentionRate
237011,Western Washington University,2013,16325.0,0.6932,19000.0,44400.0,0.8371,1114.0,25.0,8863.0,19752.0,0.255,0.4661,0.8282,000000000000,netPrice|graduationRate|medianDebt|medianEarnings|admissionRate|satAverage|actMidpoint|tuitionInState|tuitionOutOfState|pellGrantRate|federalLoanRate|retentionRate
237011,Western Washington University,2014,16551.0,0.715,19353.5,45800.0,0.8457,1110.0,25.0,8965.0,20407.0,0.2556,0.467,0.826,000000000000,netPrice|graduationRate|medianDebt|medianEarnings|admissionRate|satAverage|actMidpoint|tuitionInState|tuitionOutOfState|pellGrantRate|federalLoanRate|retentionRate
237011,Western Washington University,2015,15957.0,0.7127,19333.5,NA,0.8238,1114.0,25.0,8611.0,20963.0,0.2586,0.4671,0.8241,000000000000,netPrice|graduationRate|medianDebt|medianEarnings|admissionRate|satAverage|actMidpoint|tuitionInState|tuitionOutOfState|pellGrantRate|federalLoanRate|retentionRate
237011,Western Washington University,2016,15845.0,0.6947,19333.0,NA,0.8312,1122.0,26.0,7903.0,21847.0,0.2604,0.4465,0.8211,000000000000,netPrice|graduationRate|medianDebt|medianEarnings|admissionRate|satAverage|actMidpoint|tuitionInState|tuitionOutOfState|pellGrantRate|federalLoanRate|retentionRate
237011,Western Washington University,2017,16220.0,0.6904,19000.0,NA,0.8479,1190.0,25.0,8183.0,22695.0,0.2523,0.4232,0.8118,000000000000,netPrice|graduationRate|medianDebt|medianEarnings|admissionRate|satAverage|actMidpoint|tuitionInState|tuitionOutOfState|pellGrantRate|federalLoanRate|retentionRate
237011,Western Washington University,2018,16439.0,0.6847,19000.0,NA,0.8766,1193.0,26.0,8126.0,23540.0,0.2623,0.4155,0.8141,000000000000,netPrice|graduationRate|medianDebt|medianEarnings|admissionRate|satAverage|actMidpoint|tuitionInState|tuitionOutOfState|pellGrantRate|federalLoanRate|retentionRate
237011,Western Washington University,2019,16529.0,0.6809,18993.0,NA,0.9038,1181.0,25.0,8343.0,24690.0,0.2519,0.3802,0.8213,000000000000,netPrice|graduationRate|medianDebt|medianEarnings|admissionRate|satAverage|actMidpoint|tuitionInState|tuitionOutOfState|pellGrantRate|federalLoanRate|retentionRate
237011,Western Washington University,2020,17070.0,0.6754,18500.0,62569.0,0.9351,1184.0,25.0,8508.0,25266.0,0.2322,0.3587,0.7908,000000000000,netPrice|graduationRate|medianDebt|medianEarnings|admissionRate|satAverage|actMidpoint|tuitionInState|tuitionOutOfState|pellGrantRate|federalLoanRate|retentionRate
237011,Western Washington University,2021,9717.0,0.677,NA,NA,0.961,1206.0,26.0,8703.0,25930.0,0.2219,0.288,0.8072,000000000000,netPrice|graduationRate|medianDebt|medianEarnings|admissionRate|satAverage|actMidpoint|tuitionInState|tuitionOutOfState|pellGrantRate|federalLoanRate|retentionRate
237011,Western Washington University,2022,18373.0,0.6534,NA,NA,0.9269,1257.0,NA,8967.0,26873.0,0.2187,0.2848,0.7736,000000000000,netPrice|graduationRate|medianDebt|medianEarnings|admissionRate|satAverage|actMidpoint|tuitionInState|tuitionOutOfState|pellGrantRate|federalLoanRate|retentionRate
237011,Western Washington University,2023,NA,NA,NA,NA,NA,NA,NA,NA,NA,NA,NA,NA,000000000000,netPrice|graduationRate|medianDebt|medianEarnings|admissionRate|satAverage|actMidpoint|tuitionInState|tuitionOutOfState|pellGrantRate|federalLoanRate|retentionRate
237011,Western Washington University,2024,NA,NA,NA,NA,NA,NA,NA,NA,NA,NA,NA,NA,000000000000,netPrice|graduationRate|medianDebt|medianEarnings|admissionRate|satAverage|actMidpoint|tuitionInState|tuitionOutOfState|pellGrantRate|federalLoanRate|retentionRate
237367,Fairmont State University,2012,9793.0,0.3427,20947.0,33400.0,0.5487,965.0,21.0,5326.0,11230.0,0.4944,0.6359,0.6372,000000000000,netPrice|graduationRate|medianDebt|medianEarnings|admissionRate|satAverage|actMidpoint|tuitionInState|tuitionOutOfState|pellGrantRate|federalLoanRate|retentionRate
237367,Fairmont State University,2013,8971.0,0.3513,21379.0,32100.0,0.6649,965.0,21.0,5824.0,12288.0,0.4803,0.6396,0.6117,000000000000,netPrice|graduationRate|medianDebt|medianEarnings|admissionRate|satAverage|actMidpoint|tuitionInState|tuitionOutOfState|pellGrantRate|federalLoanRate|retentionRate
237367,Fairmont State University,2014,8756.0,0.3338,22078.0,33000.0,0.6651,965.0,21.0,6306.0,13306.0,0.4699,0.6256,0.6356,000000000000,netPrice|graduationRate|medianDebt|medianEarnings|admissionRate|satAverage|actMidpoint|tuitionInState|tuitionOutOfState|pellGrantRate|federalLoanRate|retentionRate
237367,Fairmont State University,2015,8550.0,0.3107,21500.0,NA,0.6479,962.0,21.0,6620.0,13970.0,0.5028,0.7112,0.6471,000000000000,netPrice|graduationRate|medianDebt|medianEarnings|admissionRate|satAverage|actMidpoint|tuitionInState|tuitionOutOfState|pellGrantRate|federalLoanRate|retentionRate
237367,Fairmont State University,2016,10220.0,0.2846,21235.0,NA,0.6496,962.0,21.0,6950.0,14666.0,0.4275,0.6328,0.6885,000000000000,netPrice|graduationRate|medianDebt|medianEarnings|admissionRate|satAverage|actMidpoint|tuitionInState|tuitionOutOfState|pellGrantRate|federalLoanRate|retentionRate
237367,Fairmont State University,2017,10379.0,0.366,22250.0,NA,0.7061,1044.0,21.0,6950.0,14666.0,0.4193,0.6125,0.6519,000000000000,netPrice|graduationRate|medianDebt|medianEarnings|admissionRate|satAverage|actMidpoint|tuitionInState|tuitionOutOfState|pellGrantRate|federalLoanRate|retentionRate
237367,Fairmont State University,2018,10368.0,0.3625,22772.0,NA,0.806,1048.0,21.0,7514.0,16324.0,0.4075,0.5594,0.6564,000000000000,netPrice|graduationRate|medianDebt|medianEarnings|admissionRate|satAverage|actMidpoint|tuitionInState|tuitionOutOfState|pellGrantRate|federalLoanRate|retentionRate
237367,Fairmont State University,2019,10161.0,0.413,21250.0,NA,0.8536,1035.0,21.0,7738.0,16814.0,0.416,0.5502,0.6227,000000000000,netPrice|graduationRate|medianDebt|medianEarnings|admissionRate|satAverage|actMidpoint|tuitionInState|tuitionOutOfState|pellGrantRate|federalLoanRate|retentionRate
237367,Fairmont State University,2020,11326.0,0.3524,21000.0,46857.0,0.9434,1020.0,20.0,7738.0,16814.0,0.3904,0.5223,0.6927,000000000000,netPrice|graduationRate|medianDebt|medianEarnings|admissionRate|satAverage|actMidpoint|tuitionInState|tuitionOutOfState|pellGrantRate|federalLoanRate|retentionRate
237367,Fairmont State University,2021,11884.0,0.4536,NA,NA,0.9875,1018.0,20.0,7892.0,17150.0,0.358,0.4828,0.607,000000000000,netPrice|graduationRate|medianDebt|medianEarnings|admissionRate|satAverage|actMidpoint|tuitionInState|tuitionOutOfState|pellGrantRate|federalLoanRate|retentionRate
237367,Fairmont State University,2022,10794.0,0.4639,NA,NA,0.9849,973.0,NA,8008.0,17836.0,0.353,0.753,0.629,000000000000,netPrice|graduationRate|medianDebt|medianEarnings|admissionRate|satAverage|actMidpoint|tuitionInState|tuitionOutOfState|pellGrantRate|federalLoanRate|retentionRate
237367,Fairmont State University,2023,NA,NA,NA,NA,NA,NA,NA,NA,NA,NA,NA,NA,000000000000,netPrice|graduationRate|medianDebt|medianEarnings|admissionRate|satAverage|actMidpoint|tuitionInState|tuitionOutOfState|pellGrantRate|federalLoanRate|retentionRate
237367,Fairmont State University,2024,NA,NA,NA,NA,NA,NA,NA,NA,NA,NA,NA,NA,000000000000,netPrice|graduationRate|medianDebt|medianEarnings|admissionRate|satAverage|actMidpoint|tuitionInState|tuitionOutOfState|pellGrantRate|federalLoanRate|retentionRate
237525,Marshall University,2012,8325.0,0.4439,20480.0,33800.0,0.7321,1008.0,22.0,5930.0,13930.0,0.4336,0.5972,0.7124,000000000000,netPrice|graduationRate|medianDebt|medianEarnings|admissionRate|satAverage|actMidpoint|tuitionInState|tuitionOutOfState|pellGrantRate|federalLoanRate|retentionRate
237525,Marshall University,2013,8402.0,0.4438,21000.0,34300.0,0.7868,1022.0,22.0,6216.0,14446.0,0.4364,0.6019,0.6856,000000000000,netPrice|graduationRate|medianDebt|medianEarnings|admissionRate|satAverage|actMidpoint|tuitionInState|tuitionOutOfState|pellGrantRate|federalLoanRate|retentionRate
237525,Marshall University,2014,9149.0,0.4449,21289.0,35600.0,0.7653,1021.0,22.0,6526.0,15026.0,0.4321,0.593,0.7269,000000000000,netPrice|graduationRate|medianDebt|medianEarnings|admissionRate|satAverage|actMidpoint|tuitionInState|tuitionOutOfState|pellGrantRate|federalLoanRate|retentionRate
237525,Marshall University,2015,9508.0,0.4477,22264.5,NA,0.879,1028.0,23.0,6814.0,15602.0,0.4354,0.5862,0.7316,000000000000,netPrice|graduationRate|medianDebt|medianEarnings|admissionRate|satAverage|actMidpoint|tuitionInState|tuitionOutOfState|pellGrantRate|federalLoanRate|retentionRate
237525,Marshall University,2016,9465.0,0.4468,23250.0,NA,0.8943,1010.0,22.0,7154.0,16382.0,0.4149,0.5789,0.7497,000000000000,netPrice|graduationRate|medianDebt|medianEarnings|admissionRate|satAverage|actMidpoint|tuitionInState|tuitionOutOfState|pellGrantRate|federalLoanRate|retentionRate
237525,Marshall University,2017,9484.0,0.493,23500.0,NA,0.9019,1099.0,22.0,7798.0,17856.0,0.4044,0.5611,0.7173,000000000000,netPrice|graduationRate|medianDebt|medianEarnings|admissionRate|satAverage|actMidpoint|tuitionInState|tuitionOutOfState|pellGrantRate|federalLoanRate|retentionRate
237525,Marshall University,2018,8894.0,0.4591,23826.0,NA,0.9062,1100.0,22.0,8128.0,18614.0,0.4227,0.5609,0.724,000000000000,netPrice|graduationRate|medianDebt|medianEarnings|admissionRate|satAverage|actMidpoint|tuitionInState|tuitionOutOfState|pellGrantRate|federalLoanRate|retentionRate
237525,Marshall University,2019,8370.0,0.4864,23958.0,NA,0.8689,1084.0,22.0,8412.0,19266.0,0.395,0.5011,0.7255,000000000000,netPrice|graduationRate|medianDebt|medianEarnings|admissionRate|satAverage|actMidpoint|tuitionInState|tuitionOutOfState|pellGrantRate|federalLoanRate|retentionRate
237525,Marshall University,2020,8351.0,0.5033,23250.0,46354.0,0.8925,1080.0,22.0,8512.0,19366.0,0.3781,0.4722,0.7723,000000000000,netPrice|graduationRate|medianDebt|medianEarnings|admissionRate|satAverage|actMidpoint|tuitionInState|tuitionOutOfState|pellGrantRate|federalLoanRate|retentionRate
237525,Marshall University,2021,8706.0,0.5219,NA,NA,0.978,1085.0,22.0,8552.0,19606.0,0.376,0.45,0.7082,000000000000,netPrice|graduationRate|medianDebt|medianEarnings|admissionRate|satAverage|actMidpoint|tuitionInState|tuitionOutOfState|pellGrantRate|federalLoanRate|retentionRate
237525,Marshall University,2022,8370.0,0.4973,NA,NA,0.9688,1079.2633544246266,NA,8604.0,19658.0,0.4008,0.4631,0.7446,000001000000,netPrice|graduationRate|medianDebt|medianEarnings|admissionRate|satAverage|actMidpoint|tuitionInState|tuitionOutOfState|pellGrantRate|federalLoanRate|retentionRate
237525,Marshall University,2023,NA,NA,NA,NA,NA,NA,NA,NA,NA,NA,NA,NA,000000000000,netPrice|graduationRate|medianDebt|medianEarnings|admissionRate|satAverage|actMidpoint|tuitionInState|tuitionOutOfState|pellGrantRate|federalLoanRate|retentionRate
237525,Marshall University,2024,NA,NA,NA,NA,NA,NA,NA,NA,NA,NA,NA,NA,000000000000,netPrice|graduationRate|medianDebt|medianEarnings|admissionRate|satAverage|actMidpoint|tuitionInState|tuitionOutOfState|pellGrantRate|federalLoanRate|retentionRate
238032,West Virginia University,2012,9509.0,0.5667,21250.0,43400.0,0.8482,1072.0,24.0,6090.0,18868.0,0.2752,0.5401,0.7719,000000000000,netPrice|graduationRate|medianDebt|medianEarnings|admissionRate|satAverage|actMidpoint|tuitionInState|tuitionOutOfState|pellGrantRate|federalLoanRate|retentionRate
238032,West Virginia University,2013,10449.0,0.5744,22535.5,44000.0,0.851,1062.0,24.0,6456.0,19632.0,0.2663,0.5348,0.7707,000000000000,netPrice|graduationRate|medianDebt|medianEarnings|admissionRate|satAverage|actMidpoint|tuitionInState|tuitionOutOfState|pellGrantRate|federalLoanRate|retentionRate
238032,West Virginia University,2014,10305.0,0.5725,23257.0,45800.0,0.8579,1069.0,24.0,6960.0,20242.0,0.2584,0.5209,0.7688,000000000000,netPrice|graduationRate|medianDebt|medianEarnings|admissionRate|satAverage|actMidpoint|tuitionInState|tuitionOutOfState|pellGrantRate|federalLoanRate|retentionRate
238032,West Virginia University,2015,11206.0,0.5726,23799.0,NA,0.8581,1078.0,24.0,7632.0,21432.0,0.2559,0.5235,0.7884,000000000000,netPrice|graduationRate|medianDebt|medianEarnings|admissionRate|satAverage|actMidpoint|tuitionInState|tuitionOutOfState|pellGrantRate|federalLoanRate|retentionRate
238032,West Virginia University,2016,10997.0,0.5705,23688.5,NA,0.7612,1069.0,24.0,7992.0,22488.0,0.2509,0.5066,0.7926,000000000000,netPrice|graduationRate|medianDebt|medianEarnings|admissionRate|satAverage|actMidpoint|tuitionInState|tuitionOutOfState|pellGrantRate|federalLoanRate|retentionRate
238032,West Virginia University,2017,11825.0,0.5845,23872.0,NA,0.719,1159.0,24.0,8376.0,23616.0,0.2527,0.5091,0.7956,000000000000,netPrice|graduationRate|medianDebt|medianEarnings|admissionRate|satAverage|actMidpoint|tuitionInState|tuitionOutOfState|pellGrantRate|federalLoanRate|retentionRate
238032,West Virginia University,2018,12539.0,0.5953,23421.0,NA,0.8161,1169.0,24.0,8856.0,24950.0,0.2416,0.5012,0.7587,000000000000,netPrice|graduationRate|medianDebt|medianEarnings|admissionRate|satAverage|actMidpoint|tuitionInState|tuitionOutOfState|pellGrantRate|federalLoanRate|retentionRate
238032,West Virginia University,2019,12983.0,0.6087,22786.0,NA,0.8428,1155.0,24.0,8976.0,25320.0,0.2419,0.4948,0.7905,000000000000,netPrice|graduationRate|medianDebt|medianEarnings|admissionRate|satAverage|actMidpoint|tuitionInState|tuitionOutOfState|pellGrantRate|federalLoanRate|retentionRate
238032,West Virginia University,2020,13355.0,0.6183,22500.0,55939.0,0.8389,1152.0,24.0,8976.0,25320.0,0.2283,0.4868,0.8204,000000000000,netPrice|graduationRate|medianDebt|medianEarnings|admissionRate|satAverage|actMidpoint|tuitionInState|tuitionOutOfState|pellGrantRate|federalLoanRate|retentionRate
238032,West Virginia University,2021,13380.0,0.6394,NA,NA,0.8982,1154.0,24.0,8976.0,25320.0,0.2174,0.456,0.8124,000000000000,netPrice|graduationRate|medianDebt|medianEarnings|admissionRate|satAverage|actMidpoint|tuitionInState|tuitionOutOfState|pellGrantRate|federalLoanRate|retentionRate
238032,West Virginia University,2022,12347.0,0.6212,NA,NA,0.8838,1116.0,NA,9360.0,26568.0,0.2172,0.4583,0.7899,000000000000,netPrice|graduationRate|medianDebt|medianEarnings|admissionRate|satAverage|actMidpoint|tuitionInState|tuitionOutOfState|pellGrantRate|federalLoanRate|retentionRate
238032,West Virginia University,2023,NA,NA,NA,NA,NA,NA,NA,NA,NA,NA,NA,NA,000000000000,netPrice|graduationRate|medianDebt|medianEarnings|admissionRate|satAverage|actMidpoint|tuitionInState|tuitionOutOfState|pellGrantRate|federalLoanRate|retentionRate
238032,West Virginia University,2024,NA,NA,NA,NA,NA,NA,NA,NA,NA,NA,NA,NA,000000000000,netPrice|graduationRate|medianDebt|medianEarnings|admissionRate|satAverage|actMidpoint|tuitionInState|tuitionOutOfState|pellGrantRate|federalLoanRate|retentionRate
240189,University of Wisconsin-Whitewater,2012,12678.0,0.5826,23080.5,41400.0,0.8155,1050.0,23.0,7528.0,15101.0,0.2923,0.6487,0.8033,000000000000,netPrice|graduationRate|medianDebt|medianEarnings|admissionRate|satAverage|actMidpoint|tuitionInState|tuitionOutOfState|pellGrantRate|federalLoanRate|retentionRate
240189,University of Wisconsin-Whitewater,2013,13183.0,0.5483,24396.0,41900.0,0.8468,1030.0,22.0,7578.0,15151.0,0.2963,0.6431,0.7694,000000000000,netPrice|graduationRate|medianDebt|medianEarnings|admissionRate|satAverage|actMidpoint|tuitionInState|tuitionOutOfState|pellGrantRate|federalLoanRate|retentionRate
240189,University of Wisconsin-Whitewater,2014,13815.0,0.5769,24750.0,42600.0,0.8179,1050.0,23.0,7600.0,15173.0,0.3005,0.6329,0.8049,000000000000,netPrice|graduationRate|medianDebt|medianEarnings|admissionRate|satAverage|actMidpoint|tuitionInState|tuitionOutOfState|pellGrantRate|federalLoanRate|retentionRate
240189,University of Wisconsin-Whitewater,2015,14107.0,0.5997,24750.0,NA,0.805,1050.0,23.0,7637.0,15710.0,0.2943,0.6219,0.8094,000000000000,netPrice|graduationRate|medianDebt|medianEarnings|admissionRate|satAverage|actMidpoint|tuitionInState|tuitionOutOfState|pellGrantRate|federalLoanRate|retentionRate
240189,University of Wisconsin-Whitewater,2016,15069.0,0.5735,24593.5,NA,0.6935,1050.0,23.0,7650.0,16223.0,0.2805,0.6034,0.816,000000000000,netPrice|graduationRate|medianDebt|medianEarnings|admissionRate|satAverage|actMidpoint|tuitionInState|tuitionOutOfState|pellGrantRate|federalLoanRate|retentionRate
240189,University of Wisconsin-Whitewater,2017,14310.0,0.6167,24230.0,NA,0.7035,1105.0,22.0,7662.0,16235.0,0.263,0.5887,0.7817,000000000000,netPrice|graduationRate|medianDebt|medianEarnings|admissionRate|satAverage|actMidpoint|tuitionInState|tuitionOutOfState|pellGrantRate|federalLoanRate|retentionRate
240189,University of Wisconsin-Whitewater,2018,14166.0,0.5796,23885.0,NA,0.7578,1105.0,22.0,7692.0,16265.0,0.2742,0.5792,0.822,000000000000,netPrice|graduationRate|medianDebt|medianEarnings|admissionRate|satAverage|actMidpoint|tuitionInState|tuitionOutOfState|pellGrantRate|federalLoanRate|retentionRate
240189,University of Wisconsin-Whitewater,2019,15249.0,0.6245,23223.0,NA,0.7893,1105.0,22.0,7695.0,16416.0,0.2744,0.5258,0.8008,000000000000,netPrice|graduationRate|medianDebt|medianEarnings|admissionRate|satAverage|actMidpoint|tuitionInState|tuitionOutOfState|pellGrantRate|federalLoanRate|retentionRate
240189,University of Wisconsin-Whitewater,2020,14417.0,0.6198,23188.0,55356.0,0.7992,1105.0,22.0,7735.0,16607.0,0.2615,0.5205,0.7855,000000000000,netPrice|graduationRate|medianDebt|medianEarnings|admissionRate|satAverage|actMidpoint|tuitionInState|tuitionOutOfState|pellGrantRate|federalLoanRate|retentionRate
240189,University of Wisconsin-Whitewater,2021,14856.0,0.6347,NA,NA,0.8297,1085.0,21.0,7730.0,16602.0,0.2526,0.4865,0.7474,000000000000,netPrice|graduationRate|medianDebt|medianEarnings|admissionRate|satAverage|actMidpoint|tuitionInState|tuitionOutOfState|pellGrantRate|federalLoanRate|retentionRate
240189,University of Wisconsin-Whitewater,2022,14648.0,0.6166,NA,NA,0.8238,1090.0,NA,7864.0,17039.0,0.2527,0.4743,0.7426,000000000000,netPrice|graduationRate|medianDebt|medianEarnings|admissionRate|satAverage|actMidpoint|tuitionInState|tuitionOutOfState|pellGrantRate|federalLoanRate|retentionRate
240189,University of Wisconsin-Whitewater,2023,NA,NA,NA,NA,NA,NA,NA,NA,NA,NA,NA,NA,000000000000,netPrice|graduationRate|medianDebt|medianEarnings|admissionRate|satAverage|actMidpoint|tuitionInState|tuitionOutOfState|pellGrantRate|federalLoanRate|retentionRate
240189,University of Wisconsin-Whitewater,2024,NA,NA,NA,NA,NA,NA,NA,NA,NA,NA,NA,NA,000000000000,netPrice|graduationRate|medianDebt|medianEarnings|admissionRate|satAverage|actMidpoint|tuitionInState|tuitionOutOfState|pellGrantRate|federalLoanRate|retentionRate
240444,University of Wisconsin-Madison,2012,17075.0,0.818,21348.5,51600.0,0.6862,1269.0,28.0,10378.0,26628.0,0.1629,0.3793,0.9467,000000000000,netPrice|graduationRate|medianDebt|medianEarnings|admissionRate|satAverage|actMidpoint|tuitionInState|tuitionOutOfState|pellGrantRate|federalLoanRate|retentionRate
240444,University of Wisconsin-Madison,2013,18387.0,0.8284,22332.0,54200.0,0.6792,1268.0,28.0,10403.0,26653.0,0.1501,0.3616,0.9517,000000000000,netPrice|graduationRate|medianDebt|medianEarnings|admissionRate|satAverage|actMidpoint|tuitionInState|tuitionOutOfState|pellGrantRate|federalLoanRate|retentionRate
240444,University of Wisconsin-Madison,2014,18397.0,0.8368,22500.0,56200.0,0.5694,1286.0,29.0,10410.0,26660.0,0.1522,0.3617,0.9537,000000000000,netPrice|graduationRate|medianDebt|medianEarnings|admissionRate|satAverage|actMidpoint|tuitionInState|tuitionOutOfState|pellGrantRate|federalLoanRate|retentionRate
240444,University of Wisconsin-Madison,2015,19378.0,0.8495,21796.5,NA,0.5761,1300.0,29.0,10415.0,29665.0,0.1446,0.3489,0.9587,000000000000,netPrice|graduationRate|medianDebt|medianEarnings|admissionRate|satAverage|actMidpoint|tuitionInState|tuitionOutOfState|pellGrantRate|federalLoanRate|retentionRate
240444,University of Wisconsin-Madison,2016,19320.0,0.8493,22241.0,NA,0.5262,1302.0,29.0,10488.0,32738.0,0.1353,0.3366,0.954,000000000000,netPrice|graduationRate|medianDebt|medianEarnings|admissionRate|satAverage|actMidpoint|tuitionInState|tuitionOutOfState|pellGrantRate|federalLoanRate|retentionRate
240444,University of Wisconsin-Madison,2017,19880.0,0.8723,20500.0,NA,0.5381,1361.0,29.0,10533.0,34783.0,0.1257,0.3288,0.9534,000000000000,netPrice|graduationRate|medianDebt|medianEarnings|admissionRate|satAverage|actMidpoint|tuitionInState|tuitionOutOfState|pellGrantRate|federalLoanRate|retentionRate
240444,University of Wisconsin-Madison,2018,18219.0,0.8722,20500.0,NA,0.5173,1365.0,30.0,10555.0,36805.0,0.1412,0.3166,0.9541,000000000000,netPrice|graduationRate|medianDebt|medianEarnings|admissionRate|satAverage|actMidpoint|tuitionInState|tuitionOutOfState|pellGrantRate|federalLoanRate|retentionRate
240444,University of Wisconsin-Madison,2019,17708.0,0.8762,20500.0,NA,0.5441,1371.0,30.0,10725.0,37785.0,0.1446,0.2932,0.9529,000000000000,netPrice|graduationRate|medianDebt|medianEarnings|admissionRate|satAverage|actMidpoint|tuitionInState|tuitionOutOfState|pellGrantRate|federalLoanRate|retentionRate
240444,University of Wisconsin-Madison,2020,17234.0,0.8835,20484.0,73792.0,0.5725,1364.0,30.0,10742.0,38630.0,0.1437,0.2659,0.952,000000000000,netPrice|graduationRate|medianDebt|medianEarnings|admissionRate|satAverage|actMidpoint|tuitionInState|tuitionOutOfState|pellGrantRate|federalLoanRate|retentionRate
240444,University of Wisconsin-Madison,2021,16708.0,0.892,NA,NA,0.6035,1359.0,29.0,10720.0,38608.0,0.1496,0.2387,0.9522,000000000000,netPrice|graduationRate|medianDebt|medianEarnings|admissionRate|satAverage|actMidpoint|tuitionInState|tuitionOutOfState|pellGrantRate|federalLoanRate|retentionRate
240444,University of Wisconsin-Madison,2022,16834.0,0.8923,NA,NA,0.4906,1374.0,NA,10796.0,39427.0,0.1495,0.2154,0.9433,000000000000,netPrice|graduationRate|medianDebt|medianEarnings|admissionRate|satAverage|actMidpoint|tuitionInState|tuitionOutOfState|pellGrantRate|federalLoanRate|retentionRate
240444,University of Wisconsin-Madison,2023,NA,NA,NA,NA,NA,NA,NA,NA,NA,NA,NA,NA,000000000000,netPrice|graduationRate|medianDebt|medianEarnings|admissionRate|satAverage|actMidpoint|tuitionInState|tuitionOutOfState|pellGrantRate|federalLoanRate|retentionRate
240444,University of Wisconsin-Madison,2024,NA,NA,NA,NA,NA,NA,NA,NA,NA,NA,NA,NA,000000000000,netPrice|graduationRate|medianDebt|medianEarnings|admissionRate|satAverage|actMidpoint|tuitionInState|tuitionOutOfState|pellGrantRate|federalLoanRate|retentionRate
240453,University of Wisconsin-Milwaukee,2012,17377.0,0.4252,22875.0,41900.0,0.8785,1010.0,22.0,9181.0,18910.0,0.3503,0.6282,0.6907,000000000000,netPrice|graduationRate|medianDebt|medianEarnings|admissionRate|satAverage|actMidpoint|tuitionInState|tuitionOutOfState|pellGrantRate|federalLoanRate|retentionRate
240453,University of Wisconsin-Milwaukee,2013,17540.0,0.4141,24000.0,42300.0,0.8608,1030.0,22.0,9300.0,19029.0,0.3567,0.6362,0.7007,000000000000,netPrice|graduationRate|medianDebt|medianEarnings|admissionRate|satAverage|actMidpoint|tuitionInState|tuitionOutOfState|pellGrantRate|federalLoanRate|retentionRate
240453,University of Wisconsin-Milwaukee,2014,16942.0,0.435,25000.0,44200.0,0.8955,1010.0,22.0,9391.0,19120.0,0.3573,0.6305,0.7017,000000000000,netPrice|graduationRate|medianDebt|medianEarnings|admissionRate|satAverage|actMidpoint|tuitionInState|tuitionOutOfState|pellGrantRate|federalLoanRate|retentionRate
240453,University of Wisconsin-Milwaukee,2015,16746.0,0.4076,24746.0,NA,0.8578,1050.0,23.0,9429.0,19603.0,0.3685,0.6211,0.7178,000000000000,netPrice|graduationRate|medianDebt|medianEarnings|admissionRate|satAverage|actMidpoint|tuitionInState|tuitionOutOfState|pellGrantRate|federalLoanRate|retentionRate
240453,University of Wisconsin-Milwaukee,2016,17940.0,0.4012,24348.0,NA,0.7329,1050.0,23.0,9493.0,19851.0,0.3549,0.6065,0.7243,000000000000,netPrice|graduationRate|medianDebt|medianEarnings|admissionRate|satAverage|actMidpoint|tuitionInState|tuitionOutOfState|pellGrantRate|federalLoanRate|retentionRate
240453,University of Wisconsin-Milwaukee,2017,16650.0,0.4148,25000.0,NA,0.7248,1125.0,23.0,9565.0,20844.0,0.3431,0.5871,0.7421,000000000000,netPrice|graduationRate|medianDebt|medianEarnings|admissionRate|satAverage|actMidpoint|tuitionInState|tuitionOutOfState|pellGrantRate|federalLoanRate|retentionRate
240453,University of Wisconsin-Milwaukee,2018,17661.0,0.4429,25000.0,NA,0.7403,1120.0,22.0,9588.0,20867.0,0.3497,0.5788,0.7329,000000000000,netPrice|graduationRate|medianDebt|medianEarnings|admissionRate|satAverage|actMidpoint|tuitionInState|tuitionOutOfState|pellGrantRate|federalLoanRate|retentionRate
240453,University of Wisconsin-Milwaukee,2019,17876.0,0.4386,23948.0,NA,0.7657,1105.0,22.0,9526.0,21168.0,0.3261,0.5022,0.7647,000000000000,netPrice|graduationRate|medianDebt|medianEarnings|admissionRate|satAverage|actMidpoint|tuitionInState|tuitionOutOfState|pellGrantRate|federalLoanRate|retentionRate
240453,University of Wisconsin-Milwaukee,2020,17486.0,0.4564,23000.0,54990.0,0.7869,1105.0,22.0,9254.0,21119.0,0.3175,0.4969,0.7517,000000000000,netPrice|graduationRate|medianDebt|medianEarnings|admissionRate|satAverage|actMidpoint|tuitionInState|tuitionOutOfState|pellGrantRate|federalLoanRate|retentionRate
240453,University of Wisconsin-Milwaukee,2021,15845.0,0.4735,NA,NA,0.8896,1100.0,22.0,9610.0,21475.0,0.3095,0.4542,0.7564,000000000000,netPrice|graduationRate|medianDebt|medianEarnings|admissionRate|satAverage|actMidpoint|tuitionInState|tuitionOutOfState|pellGrantRate|federalLoanRate|retentionRate
240453,University of Wisconsin-Milwaukee,2022,16427.0,0.4787,NA,NA,0.8632,1090.0,NA,9620.0,21485.0,0.2916,0.4356,0.718,000000000000,netPrice|graduationRate|medianDebt|medianEarnings|admissionRate|satAverage|actMidpoint|tuitionInState|tuitionOutOfState|pellGrantRate|federalLoanRate|retentionRate
240453,University of Wisconsin-Milwaukee,2023,NA,NA,NA,NA,NA,NA,NA,NA,NA,NA,NA,NA,000000000000,netPrice|graduationRate|medianDebt|medianEarnings|admissionRate|satAverage|actMidpoint|tuitionInState|tuitionOutOfState|pellGrantRate|federalLoanRate|retentionRate
240453,University of Wisconsin-Milwaukee,2024,NA,NA,NA,NA,NA,NA,NA,NA,NA,NA,NA,NA,000000000000,netPrice|graduationRate|medianDebt|medianEarnings|admissionRate|satAverage|actMidpoint|tuitionInState|tuitionOutOfState|pellGrantRate|federalLoanRate|retentionRate
240514,Central Wyoming College,2012,3898.0,0.2966,7000.0,25200.0,1.0,634.2857386400657,12.859024381885733,2472.0,6072.0,0.2416,0.1721,0.5175,000011100000,netPrice|graduationRate|medianDebt|medianEarnings|admissionRate|satAverage|actMidpoint|tuitionInState|tuitionOutOfState|pellGrantRate|federalLoanRate|retentionRate
240514,Central Wyoming College,2013,3512.0,0.292,8624.0,25000.0,0.9344286625219741,639.8040622339877,11.496399474401214,2568.0,6360.0,0.2244,0.1594,0.4712,000011100000,netPrice|graduationRate|medianDebt|medianEarnings|admissionRate|satAverage|actMidpoint|tuitionInState|tuitionOutOfState|pellGrantRate|federalLoanRate|retentionRate
240514,Central Wyoming College,2014,3338.0,0.2483,7764.5,28400.0,1.0,667.002181597225,13.330688950137718,2712.0,6696.0,0.17,0.0967,0.4723,000011100000,netPrice|graduationRate|medianDebt|medianEarnings|admissionRate|satAverage|actMidpoint|tuitionInState|tuitionOutOfState|pellGrantRate|federalLoanRate|retentionRate
240514,Central Wyoming College,2015,5083.0,0.2609,6500.0,NA,1.0,651.4240594572552,12.034587867278589,2712.0,6696.0,0.1532,0.0821,0.5302,000011100000,netPrice|graduationRate|medianDebt|medianEarnings|admissionRate|satAverage|actMidpoint|tuitionInState|tuitionOutOfState|pellGrantRate|federalLoanRate|retentionRate
240514,Central Wyoming College,2016,3901.0,0.2845,6500.0,NA,0.9670580186732576,624.3750089594238,11.3135159323057,2856.0,7128.0,0.1371,0.0718,0.6151,000011100000,netPrice|graduationRate|medianDebt|medianEarnings|admissionRate|satAverage|actMidpoint|tuitionInState|tuitionOutOfState|pellGrantRate|federalLoanRate|retentionRate
240514,Central Wyoming College,2017,4474.0,0.3302,7784.0,NA,0.8119725777151532,727.5286787278999,11.411568526422796,3024.0,7536.0,0.1705,0.1095,0.5895,000011100000,netPrice|graduationRate|medianDebt|medianEarnings|admissionRate|satAverage|actMidpoint|tuitionInState|tuitionOutOfState|pellGrantRate|federalLoanRate|retentionRate
240514,Central Wyoming College,2018,7283.0,0.4167,7910.0,NA,0.7845324393245607,743.0167263910738,10.660634238290447,3120.0,7632.0,0.1984,0.1187,0.5745,000011100000,netPrice|graduationRate|medianDebt|medianEarnings|admissionRate|satAverage|actMidpoint|tuitionInState|tuitionOutOfState|pellGrantRate|federalLoanRate|retentionRate
240514,Central Wyoming College,2019,6982.0,0.3755,8152.0,NA,0.7336974926640712,720.763280927061,9.742410394911017,4200.0,10140.0,0.195,0.1109,0.5463,000011100000,netPrice|graduationRate|medianDebt|medianEarnings|admissionRate|satAverage|actMidpoint|tuitionInState|tuitionOutOfState|pellGrantRate|federalLoanRate|retentionRate
240514,Central Wyoming College,2020,8682.0,0.3302,8361.0,34402.0,0.664798472358369,708.8420900772724,9.456328843361938,4500.0,10440.0,0.2046,0.1046,0.5644609001656065,000011100001,netPrice|graduationRate|medianDebt|medianEarnings|admissionRate|satAverage|actMidpoint|tuitionInState|tuitionOutOfState|pellGrantRate|federalLoanRate|retentionRate
240514,Central Wyoming College,2021,7979.0,0.4167,NA,NA,0.66419148174909,659.0303116718013,8.145359260349146,4680.0,10980.0,0.2126,0.1123,0.6,000011100000,netPrice|graduationRate|medianDebt|medianEarnings|admissionRate|satAverage|actMidpoint|tuitionInState|tuitionOutOfState|pellGrantRate|federalLoanRate|retentionRate
240514,Central Wyoming College,2022,7797.0,0.3755,NA,NA,0.6618170077150964,675.1792158734125,NA,4680.0,10980.0,0.1933,0.0941,0.4444,000011000000,netPrice|graduationRate|medianDebt|medianEarnings|admissionRate|satAverage|actMidpoint|tuitionInState|tuitionOutOfState|pellGrantRate|federalLoanRate|retentionRate
240514,Central Wyoming College,2023,NA,NA,NA,NA,NA,NA,NA,NA,NA,NA,NA,NA,000000000000,netPrice|graduationRate|medianDebt|medianEarnings|admissionRate|satAverage|actMidpoint|tuitionInState|tuitionOutOfState|pellGrantRate|federalLoanRate|retentionRate
240514,Central Wyoming College,2024,NA,NA,NA,NA,NA,NA,NA,NA,NA,NA,NA,NA,000000000000,netPrice|graduationRate|medianDebt|medianEarnings|admissionRate|satAverage|actMidpoint|tuitionInState|tuitionOutOfState|pellGrantRate|federalLoanRate|retentionRate
240620,Laramie County Community College,2012,3754.0,0.1667,6750.0,32500.0,0.37496964324562376,1185.4558493551565,26.970075726602108,2640.0,6240.0,0.2476,0.191,0.5838,000011100000,netPrice|graduationRate|medianDebt|medianEarnings|admissionRate|satAverage|actMidpoint|tuitionInState|tuitionOutOfState|pellGrantRate|federalLoanRate|retentionRate
240620,Laramie County Community College,2013,9010.0,0.1358,7008.0,33600.0,0.38942242574291275,1245.3058532046653,28.04423989769935,2736.0,6528.0,0.2542,0.397,0.5289,000011100000,netPrice|graduationRate|medianDebt|medianEarnings|admissionRate|satAverage|actMidpoint|tuitionInState|tuitionOutOfState|pellGrantRate|federalLoanRate|retentionRate
240620,Laramie County Community College,2014,6851.0,0.2297,9250.0,34600.0,0.43079645766905217,1254.8102478725962,27.550546587756564,2832.0,6816.0,0.2626,0.4082,0.5692,000011100000,netPrice|graduationRate|medianDebt|medianEarnings|admissionRate|satAverage|actMidpoint|tuitionInState|tuitionOutOfState|pellGrantRate|federalLoanRate|retentionRate
240620,Laramie County Community College,2015,6040.0,0.2197,10057.5,NA,0.39520974701642525,1289.7549110949417,28.88038275683628,3144.0,7128.0,0.2614,0.3387,0.562,000011100000,netPrice|graduationRate|medianDebt|medianEarnings|admissionRate|satAverage|actMidpoint|tuitionInState|tuitionOutOfState|pellGrantRate|federalLoanRate|retentionRate
240620,Laramie County Community College,2016,6452.0,0.2421,10431.0,NA,0.4072072340467769,1267.3269813731129,28.346360318919793,3306.0,7578.0,0.2652,0.2533,0.5773,000011100000,netPrice|graduationRate|medianDebt|medianEarnings|admissionRate|satAverage|actMidpoint|tuitionInState|tuitionOutOfState|pellGrantRate|federalLoanRate|retentionRate
240620,Laramie County Community College,2017,6492.0,0.268,10500.0,NA,0.36506139431293827,1336.4266364167518,28.768046074815835,3426.0,7938.0,0.2557,0.2873,0.6032,000011100000,netPrice|graduationRate|medianDebt|medianEarnings|admissionRate|satAverage|actMidpoint|tuitionInState|tuitionOutOfState|pellGrantRate|federalLoanRate|retentionRate
240620,Laramie County Community College,2018,6767.0,0.2845,9774.0,NA,0.3864051030145686,1357.826036555991,29.525893974868122,3426.0,7938.0,0.2301,0.2848,0.6464,000011100000,netPrice|graduationRate|medianDebt|medianEarnings|admissionRate|satAverage|actMidpoint|tuitionInState|tuitionOutOfState|pellGrantRate|federalLoanRate|retentionRate
240620,Laramie County Community College,2019,5862.0,0.2834,10500.0,NA,0.3762028632651131,1344.316413160127,30.03773970875389,4433.0,10373.0,0.2309,0.2573,0.6498,000011100000,netPrice|graduationRate|medianDebt|medianEarnings|admissionRate|satAverage|actMidpoint|tuitionInState|tuitionOutOfState|pellGrantRate|federalLoanRate|retentionRate
240620,Laramie County Community College,2020,6022.0,0.268,11000.0,44783.0,0.35952830015670467,1358.1743310659017,27.904177234798283,4432.0,10372.0,0.2407,0.1981,0.6590026283362406,000011100001,netPrice|graduationRate|medianDebt|medianEarnings|admissionRate|satAverage|actMidpoint|tuitionInState|tuitionOutOfState|pellGrantRate|federalLoanRate|retentionRate
240620,Laramie County Community College,2021,5717.0,0.2845,NA,NA,0.2532895539022804,1295.2693417741768,25.780715580612455,4613.0,10913.0,0.2215,0.1699,0.6195733227154463,000011100001,netPrice|graduationRate|medianDebt|medianEarnings|admissionRate|satAverage|actMidpoint|tuitionInState|tuitionOutOfState|pellGrantRate|federalLoanRate|retentionRate
240620,Laramie County Community College,2022,7139.0,0.2834,NA,NA,0.27491600337671823,1309.709059388556,NA,4613.0,10913.0,0.2287,0.18,0.6260307248922219,000011000001,netPrice|graduationRate|medianDebt|medianEarnings|admissionRate|satAverage|actMidpoint|tuitionInState|tuitionOutOfState|pellGrantRate|federalLoanRate|retentionRate
240620,Laramie County Community College,2023,NA,NA,NA,NA,NA,NA,NA,NA,NA,NA,NA,NA,000000000000,netPrice|graduationRate|medianDebt|medianEarnings|admissionRate|satAverage|actMidpoint|tuitionInState|tuitionOutOfState|pellGrantRate|federalLoanRate|retentionRate
240620,Laramie County Community College,2024,NA,NA,NA,NA,NA,NA,NA,NA,NA,NA,NA,NA,000000000000,netPrice|graduationRate|medianDebt|medianEarnings|admissionRate|satAverage|actMidpoint|tuitionInState|tuitionOutOfState|pellGrantRate|federalLoanRate|retentionRate
240727,University of Wyoming,2012,10906.0,0.5444,16380.0,46100.0,0.9601,1122.0,25.0,4278.0,13428.0,0.2407,0.3899,0.7572,000000000000,netPrice|graduationRate|medianDebt|medianEarnings|admissionRate|satAverage|actMidpoint|tuitionInState|tuitionOutOfState|pellGrantRate|federalLoanRate|retentionRate
240727,University of Wyoming,2013,11292.0,0.5409,16815.0,46200.0,0.9569,1123.0,25.0,4404.0,14124.0,0.2428,0.3741,0.7394,000000000000,netPrice|graduationRate|medianDebt|medianEarnings|admissionRate|satAverage|actMidpoint|tuitionInState|tuitionOutOfState|pellGrantRate|federalLoanRate|retentionRate
240727,University of Wyoming,2014,11603.0,0.54,18000.0,47300.0,0.9766,1118.0,25.0,4646.0,14876.0,0.237,0.3646,0.7558,000000000000,netPrice|graduationRate|medianDebt|medianEarnings|admissionRate|satAverage|actMidpoint|tuitionInState|tuitionOutOfState|pellGrantRate|federalLoanRate|retentionRate
240727,University of Wyoming,2015,11813.0,0.5548,18239.0,NA,0.9566,1122.0,25.0,4892.0,15632.0,0.2315,0.3624,0.7688,000000000000,netPrice|graduationRate|medianDebt|medianEarnings|admissionRate|satAverage|actMidpoint|tuitionInState|tuitionOutOfState|pellGrantRate|federalLoanRate|retentionRate
240727,University of Wyoming,2016,12578.0,0.5541,18079.0,NA,0.9508,1102.0,24.0,5055.0,16215.0,0.2151,0.3496,0.7668,000000000000,netPrice|graduationRate|medianDebt|medianEarnings|admissionRate|satAverage|actMidpoint|tuitionInState|tuitionOutOfState|pellGrantRate|federalLoanRate|retentionRate
240727,University of Wyoming,2017,13070.0,0.582,18498.0,NA,0.9682,1195.0,25.0,5217.0,16827.0,0.2129,0.3497,0.783,000000000000,netPrice|graduationRate|medianDebt|medianEarnings|admissionRate|satAverage|actMidpoint|tuitionInState|tuitionOutOfState|pellGrantRate|federalLoanRate|retentionRate
240727,University of Wyoming,2018,13379.0,0.567,18356.0,NA,0.9603,1202.0,25.0,5400.0,17490.0,0.2181,0.381,0.7806,000000000000,netPrice|graduationRate|medianDebt|medianEarnings|admissionRate|satAverage|actMidpoint|tuitionInState|tuitionOutOfState|pellGrantRate|federalLoanRate|retentionRate
240727,University of Wyoming,2019,12159.0,0.598,18318.0,NA,0.9596,1203.0,25.0,5581.0,18151.0,0.2222,0.3436,0.7587,000000000000,netPrice|graduationRate|medianDebt|medianEarnings|admissionRate|satAverage|actMidpoint|tuitionInState|tuitionOutOfState|pellGrantRate|federalLoanRate|retentionRate
240727,University of Wyoming,2020,11085.0,0.5916,18000.0,56880.0,0.9423,1185.0,25.0,5791.0,19531.0,0.2252,0.3204,0.7953,000000000000,netPrice|graduationRate|medianDebt|medianEarnings|admissionRate|satAverage|actMidpoint|tuitionInState|tuitionOutOfState|pellGrantRate|federalLoanRate|retentionRate
240727,University of Wyoming,2021,10314.0,0.6023,NA,NA,0.9678,1191.3332526448792,24.186723043548152,6277.0,20827.0,0.2001,0.2726,0.7636,000001100000,netPrice|graduationRate|medianDebt|medianEarnings|admissionRate|satAverage|actMidpoint|tuitionInState|tuitionOutOfState|pellGrantRate|federalLoanRate|retentionRate
240727,University of Wyoming,2022,11995.0,0.6088,NA,NA,0.9598,1185.7648968712156,NA,6621.0,21771.0,0.2159,0.2791,0.754,000001000000,netPrice|graduationRate|medianDebt|medianEarnings|admissionRate|satAverage|actMidpoint|tuitionInState|tuitionOutOfState|pellGrantRate|federalLoanRate|retentionRate
240727,University of Wyoming,2023,NA,NA,NA,NA,NA,NA,NA,NA,NA,NA,NA,NA,000000000000,netPrice|graduationRate|medianDebt|medianEarnings|admissionRate|satAverage|actMidpoint|tuitionInState|tuitionOutOfState|pellGrantRate|federalLoanRate|retentionRate
240727,University of Wyoming,2024,NA,NA,NA,NA,NA,NA,NA,NA,NA,NA,NA,NA,000000000000,netPrice|graduationRate|medianDebt|medianEarnings|admissionRate|satAverage|actMidpoint|tuitionInState|tuitionOutOfState|pellGrantRate|federalLoanRate|retentionRate
243780,Purdue University-Main Campus,2012,15082.0,0.6945,22125.0,54300.0,0.6145,1199.0,27.0,9900.0,28702.0,0.2232,0.4135,0.903,000000000000,netPrice|graduationRate|medianDebt|medianEarnings|admissionRate|satAverage|actMidpoint|tuitionInState|tuitionOutOfState|pellGrantRate|federalLoanRate|retentionRate
243780,Purdue University-Main Campus,2013,15543.0,0.6994,23180.5,55000.0,0.6042,1211.0,27.0,9992.0,28794.0,0.2058,0.3878,0.9059,000000000000,netPrice|graduationRate|medianDebt|medianEarnings|admissionRate|satAverage|actMidpoint|tuitionInState|tuitionOutOfState|pellGrantRate|federalLoanRate|retentionRate
243780,Purdue University-Main Campus,2014,14797.0,0.7295,22500.0,55100.0,0.5929,1213.0,27.0,10002.0,28804.0,0.2017,0.3559,0.9246,000000000000,netPrice|graduationRate|medianDebt|medianEarnings|admissionRate|satAverage|actMidpoint|tuitionInState|tuitionOutOfState|pellGrantRate|federalLoanRate|retentionRate
243780,Purdue University-Main Campus,2015,13516.0,0.7462,21500.0,NA,0.5897,1231.0,28.0,10002.0,28804.0,0.189,0.3316,0.9243,000000000000,netPrice|graduationRate|medianDebt|medianEarnings|admissionRate|satAverage|actMidpoint|tuitionInState|tuitionOutOfState|pellGrantRate|federalLoanRate|retentionRate
243780,Purdue University-Main Campus,2016,13545.0,0.7632,20428.0,NA,0.5597,1228.0,28.0,10002.0,28804.0,0.1771,0.3122,0.9147,000000000000,netPrice|graduationRate|medianDebt|medianEarnings|admissionRate|satAverage|actMidpoint|tuitionInState|tuitionOutOfState|pellGrantRate|federalLoanRate|retentionRate
243780,Purdue University-Main Campus,2017,13746.0,0.7836,19500.0,NA,0.5747,1293.0,28.0,9992.0,28794.0,0.1672,0.3044,0.9144,000000000000,netPrice|graduationRate|medianDebt|medianEarnings|admissionRate|satAverage|actMidpoint|tuitionInState|tuitionOutOfState|pellGrantRate|federalLoanRate|retentionRate
243780,Purdue University-Main Campus,2018,12527.0,0.8061,19500.0,NA,0.5798,1309.0,29.0,9992.0,28794.0,0.1661,0.2909,0.9154,000000000000,netPrice|graduationRate|medianDebt|medianEarnings|admissionRate|satAverage|actMidpoint|tuitionInState|tuitionOutOfState|pellGrantRate|federalLoanRate|retentionRate
243780,Purdue University-Main Campus,2019,13986.0,0.8195,19500.0,NA,0.5983,1321.0,29.0,9992.0,28794.0,0.1556,0.2889,0.913,000000000000,netPrice|graduationRate|medianDebt|medianEarnings|admissionRate|satAverage|actMidpoint|tuitionInState|tuitionOutOfState|pellGrantRate|federalLoanRate|retentionRate
243780,Purdue University-Main Campus,2020,13377.0,0.8281,19500.0,72424.0,0.6715,1315.0,29.0,9992.0,28794.0,0.1533,0.2809,0.9317,000000000000,netPrice|graduationRate|medianDebt|medianEarnings|admissionRate|satAverage|actMidpoint|tuitionInState|tuitionOutOfState|pellGrantRate|federalLoanRate|retentionRate
243780,Purdue University-Main Campus,2021,9127.0,0.8266,NA,NA,0.6881,1328.0,30.0,9992.0,28794.0,0.15,0.2647,0.9127,000000000000,netPrice|graduationRate|medianDebt|medianEarnings|admissionRate|satAverage|actMidpoint|tuitionInState|tuitionOutOfState|pellGrantRate|federalLoanRate|retentionRate
243780,Purdue University-Main Campus,2022,14000.0,0.8304,NA,NA,0.527,1354.0,NA,9992.0,28794.0,0.1412,0.2421,0.9047,000000000000,netPrice|graduationRate|medianDebt|medianEarnings|admissionRate|satAverage|actMidpoint|tuitionInState|tuitionOutOfState|pellGrantRate|federalLoanRate|retentionRate
243780,Purdue University-Main Campus,2023,NA,NA,NA,NA,NA,NA,NA,NA,NA,NA,NA,NA,000000000000,netPrice|graduationRate|medianDebt|medianEarnings|admissionRate|satAverage|actMidpoint|tuitionInState|tuitionOutOfState|pellGrantRate|federalLoanRate|retentionRate
243780,Purdue University-Main Campus,2024,NA,NA,NA,NA,NA,NA,NA,NA,NA,NA,NA,NA,000000000000,netPrice|graduationRate|medianDebt|medianEarnings|admissionRate|satAverage|actMidpoint|tuitionInState|tuitionOutOfState|pellGrantRate|federalLoanRate|retentionRate
441900,Nevada State University,2012,10795.0,0.1593,21300.0,34990.25623875117,0.4911,1466.2225270364459,33.5588334345412,4498.0,14773.0,0.3399,0.4142,0.6283,000101100000,netPrice|graduationRate|medianDebt|medianEarnings|admissionRate|satAverage|actMidpoint|tuitionInState|tuitionOutOfState|pellGrantRate|federalLoanRate|retentionRate
441900,Nevada State University,2013,11319.0,0.1379,24265.0,37084.0450524915,0.5037,1528.0830256364688,36.0,4482.0,14758.0,0.3299,0.4025,0.6752,000101100000,netPrice|graduationRate|medianDebt|medianEarnings|admissionRate|satAverage|actMidpoint|tuitionInState|tuitionOutOfState|pellGrantRate|federalLoanRate|retentionRate
441900,Nevada State University,2014,12653.0,0.1409,24660.5,37147.09519259168,0.5459,1504.6768696506633,33.9760548625712,4482.0,14758.0,0.3676,0.4012,0.681,000101100000,netPrice|graduationRate|medianDebt|medianEarnings|admissionRate|satAverage|actMidpoint|tuitionInState|tuitionOutOfState|pellGrantRate|federalLoanRate|retentionRate
441900,Nevada State University,2015,12705.0,0.1368,22920.5,NA,0.6505,1556.5200591713028,36.0,4738.0,15423.0,0.382,0.4124,0.6878,000001100000,netPrice|graduationRate|medianDebt|medianEarnings|admissionRate|satAverage|actMidpoint|tuitionInState|tuitionOutOfState|pellGrantRate|federalLoanRate|retentionRate
441900,Nevada State University,2016,12271.0,0.1535,22841.0,NA,0.7608,1555.5984701111242,36.0,5001.0,16114.0,0.3715,0.3854,0.7149,000001100000,netPrice|graduationRate|medianDebt|medianEarnings|admissionRate|satAverage|actMidpoint|tuitionInState|tuitionOutOfState|pellGrantRate|federalLoanRate|retentionRate
441900,Nevada State University,2017,13805.0,0.1591,20970.0,NA,0.8422,1600.0,36.0,5131.0,16688.0,0.4025,0.4193,0.7148,000001100000,netPrice|graduationRate|medianDebt|medianEarnings|admissionRate|satAverage|actMidpoint|tuitionInState|tuitionOutOfState|pellGrantRate|federalLoanRate|retentionRate
441900,Nevada State University,2018,12980.0,0.1862,19297.0,NA,0.8134,1600.0,36.0,5438.0,17458.0,0.3624,0.2687,0.6983,000001100000,netPrice|graduationRate|medianDebt|medianEarnings|admissionRate|satAverage|actMidpoint|tuitionInState|tuitionOutOfState|pellGrantRate|federalLoanRate|retentionRate
441900,Nevada State University,2019,12915.0,0.2086,20120.0,NA,0.848,1600.0,36.0,5663.0,18162.0,0.3174,0.2227,0.7794,000001100000,netPrice|graduationRate|medianDebt|medianEarnings|admissionRate|satAverage|actMidpoint|tuitionInState|tuitionOutOfState|pellGrantRate|federalLoanRate|retentionRate
441900,Nevada State University,2020,12478.0,0.2304,19691.0,53166.0,0.8993,1600.0,35.84976363236971,6075.0,19076.0,0.3121,0.1902,0.7866,000001100000,netPrice|graduationRate|medianDebt|medianEarnings|admissionRate|satAverage|actMidpoint|tuitionInState|tuitionOutOfState|pellGrantRate|federalLoanRate|retentionRate
441900,Nevada State University,2021,14305.0,0.2851,NA,NA,0.7902,1600.0,34.30482410088016,6075.0,19440.0,0.2438,0.1588,0.764,000001100000,netPrice|graduationRate|medianDebt|medianEarnings|admissionRate|satAverage|actMidpoint|tuitionInState|tuitionOutOfState|pellGrantRate|federalLoanRate|retentionRate
441900,Nevada State University,2022,13866.0,0.3246,NA,NA,0.8248,1572.5768527616344,NA,6225.0,19964.0,0.2372,0.1452,0.7789,000001000000,netPrice|graduationRate|medianDebt|medianEarnings|admissionRate|satAverage|actMidpoint|tuitionInState|tuitionOutOfState|pellGrantRate|federalLoanRate|retentionRate
441900,Nevada State University,2023,NA,NA,NA,NA,NA,NA,NA,NA,NA,NA,NA,NA,000000000000,netPrice|graduationRate|medianDebt|medianEarnings|admissionRate|satAverage|actMidpoint|tuitionInState|tuitionOutOfState|pellGrantRate|federalLoanRate|retentionRate
441900,Nevada State University,2024,NA,NA,NA,NA,NA,NA,NA,NA,NA,NA,NA,NA,000000000000,netPrice|graduationRate|medianDebt|medianEarnings|admissionRate|satAverage|actMidpoint|tuitionInState|tuitionOutOfState|pellGrantRate|federalLoanRate|retentionRate
